brandKey;offerId;offerTitle;offerPrice;productId;productName;tiendasProducto;precioMinProducto;ratio;offerUrl
airistech;87560;"Boquilla de Enfriamiento Vaporizador Herbal Airis Herbva 5g";11990;10886;"Airistech Boquilla Glass Herbva 5G";2;5990;2;"https://www.friendlygrow.cl/boquilla-de-enfriamiento-herbal-airis-herbva-5g"
airistech;87560;"Boquilla de Enfriamiento Vaporizador Herbal Airis Herbva 5g";11990;11006;"Airistech Batería Mystica II";2;18990;1.58;"https://www.friendlygrow.cl/boquilla-de-enfriamiento-herbal-airis-herbva-5g"
airistech;87560;"Boquilla de Enfriamiento Vaporizador Herbal Airis Herbva 5g";11990;10885;"Airistech Boquilla Herbva 5G";2;4990;2.4;"https://www.friendlygrow.cl/boquilla-de-enfriamiento-herbal-airis-herbva-5g"
airistech;87560;"Boquilla de Enfriamiento Vaporizador Herbal Airis Herbva 5g";11990;10887;"Airistech Boquilla Nokiva";2;5990;2;"https://www.friendlygrow.cl/boquilla-de-enfriamiento-herbal-airis-herbva-5g"
airistech;87784;"Boquilla de Enfriamiento Vaporizador Herbal Airis Nokiva";24990;10886;"Airistech Boquilla Glass Herbva 5G";2;5990;4.17;"https://www.friendlygrow.cl/boquilla-de-enfriamiento-vaporizador-herbal-airis-nokiva"
airistech;87784;"Boquilla de Enfriamiento Vaporizador Herbal Airis Nokiva";24990;11006;"Airistech Batería Mystica II";2;18990;1.32;"https://www.friendlygrow.cl/boquilla-de-enfriamiento-vaporizador-herbal-airis-nokiva"
airistech;87784;"Boquilla de Enfriamiento Vaporizador Herbal Airis Nokiva";24990;10885;"Airistech Boquilla Herbva 5G";2;4990;5.01;"https://www.friendlygrow.cl/boquilla-de-enfriamiento-vaporizador-herbal-airis-nokiva"
airistech;87784;"Boquilla de Enfriamiento Vaporizador Herbal Airis Nokiva";24990;10887;"Airistech Boquilla Nokiva";2;5990;4.17;"https://www.friendlygrow.cl/boquilla-de-enfriamiento-vaporizador-herbal-airis-nokiva"
airistech;87971;"10 X Vaporizador Airis Vertex 2.0 Para Cartridges. - Blanco";59990;10886;"Airistech Boquilla Glass Herbva 5G";2;5990;10.02;"https://www.friendlygrow.cl/promo-10-x-vaporizador-airis-vertex-20-para-cartridges?variant=Blanco"
airistech;87971;"10 X Vaporizador Airis Vertex 2.0 Para Cartridges. - Blanco";59990;11006;"Airistech Batería Mystica II";2;18990;3.16;"https://www.friendlygrow.cl/promo-10-x-vaporizador-airis-vertex-20-para-cartridges?variant=Blanco"
airistech;87971;"10 X Vaporizador Airis Vertex 2.0 Para Cartridges. - Blanco";59990;10885;"Airistech Boquilla Herbva 5G";2;4990;12.02;"https://www.friendlygrow.cl/promo-10-x-vaporizador-airis-vertex-20-para-cartridges?variant=Blanco"
airistech;87971;"10 X Vaporizador Airis Vertex 2.0 Para Cartridges. - Blanco";59990;10887;"Airistech Boquilla Nokiva";2;5990;10.02;"https://www.friendlygrow.cl/promo-10-x-vaporizador-airis-vertex-20-para-cartridges?variant=Blanco"
airistech;87973;"10 X Vaporizador Airis Vertex 2.0 Para Cartridges. - Negro";59990;10886;"Airistech Boquilla Glass Herbva 5G";2;5990;10.02;"https://www.friendlygrow.cl/promo-10-x-vaporizador-airis-vertex-20-para-cartridges?variant=Negro"
airistech;87973;"10 X Vaporizador Airis Vertex 2.0 Para Cartridges. - Negro";59990;11006;"Airistech Batería Mystica II";2;18990;3.16;"https://www.friendlygrow.cl/promo-10-x-vaporizador-airis-vertex-20-para-cartridges?variant=Negro"
airistech;87973;"10 X Vaporizador Airis Vertex 2.0 Para Cartridges. - Negro";59990;10885;"Airistech Boquilla Herbva 5G";2;4990;12.02;"https://www.friendlygrow.cl/promo-10-x-vaporizador-airis-vertex-20-para-cartridges?variant=Negro"
airistech;87973;"10 X Vaporizador Airis Vertex 2.0 Para Cartridges. - Negro";59990;10887;"Airistech Boquilla Nokiva";2;5990;10.02;"https://www.friendlygrow.cl/promo-10-x-vaporizador-airis-vertex-20-para-cartridges?variant=Negro"
airistech;87975;"10 X Vaporizador Airis Vertex 2.0 Para Cartridges. - Tornasol";59990;10886;"Airistech Boquilla Glass Herbva 5G";2;5990;10.02;"https://www.friendlygrow.cl/promo-10-x-vaporizador-airis-vertex-20-para-cartridges?variant=Tornasol"
airistech;87975;"10 X Vaporizador Airis Vertex 2.0 Para Cartridges. - Tornasol";59990;11006;"Airistech Batería Mystica II";2;18990;3.16;"https://www.friendlygrow.cl/promo-10-x-vaporizador-airis-vertex-20-para-cartridges?variant=Tornasol"
airistech;87975;"10 X Vaporizador Airis Vertex 2.0 Para Cartridges. - Tornasol";59990;10885;"Airistech Boquilla Herbva 5G";2;4990;12.02;"https://www.friendlygrow.cl/promo-10-x-vaporizador-airis-vertex-20-para-cartridges?variant=Tornasol"
airistech;87975;"10 X Vaporizador Airis Vertex 2.0 Para Cartridges. - Tornasol";59990;10887;"Airistech Boquilla Nokiva";2;5990;10.02;"https://www.friendlygrow.cl/promo-10-x-vaporizador-airis-vertex-20-para-cartridges?variant=Tornasol"
airistech;87977;"10 X Vaporizador Airis Vertex 2.0 Para Cartridges. - Azul";59990;10886;"Airistech Boquilla Glass Herbva 5G";2;5990;10.02;"https://www.friendlygrow.cl/promo-10-x-vaporizador-airis-vertex-20-para-cartridges?variant=Azul"
airistech;87977;"10 X Vaporizador Airis Vertex 2.0 Para Cartridges. - Azul";59990;11006;"Airistech Batería Mystica II";2;18990;3.16;"https://www.friendlygrow.cl/promo-10-x-vaporizador-airis-vertex-20-para-cartridges?variant=Azul"
airistech;87977;"10 X Vaporizador Airis Vertex 2.0 Para Cartridges. - Azul";59990;10885;"Airistech Boquilla Herbva 5G";2;4990;12.02;"https://www.friendlygrow.cl/promo-10-x-vaporizador-airis-vertex-20-para-cartridges?variant=Azul"
airistech;87977;"10 X Vaporizador Airis Vertex 2.0 Para Cartridges. - Azul";59990;10887;"Airistech Boquilla Nokiva";2;5990;10.02;"https://www.friendlygrow.cl/promo-10-x-vaporizador-airis-vertex-20-para-cartridges?variant=Azul"
airistech;87978;"10 X Vaporizador Airis Vertex 2.0 Para Cartridges. - Rojo";5990;10886;"Airistech Boquilla Glass Herbva 5G";2;5990;1;"https://www.friendlygrow.cl/promo-10-x-vaporizador-airis-vertex-20-para-cartridges?variant=Rojo"
airistech;87978;"10 X Vaporizador Airis Vertex 2.0 Para Cartridges. - Rojo";5990;11006;"Airistech Batería Mystica II";2;18990;3.17;"https://www.friendlygrow.cl/promo-10-x-vaporizador-airis-vertex-20-para-cartridges?variant=Rojo"
airistech;87978;"10 X Vaporizador Airis Vertex 2.0 Para Cartridges. - Rojo";5990;10885;"Airistech Boquilla Herbva 5G";2;4990;1.2;"https://www.friendlygrow.cl/promo-10-x-vaporizador-airis-vertex-20-para-cartridges?variant=Rojo"
airistech;87978;"10 X Vaporizador Airis Vertex 2.0 Para Cartridges. - Rojo";5990;10887;"Airistech Boquilla Nokiva";2;5990;1;"https://www.friendlygrow.cl/promo-10-x-vaporizador-airis-vertex-20-para-cartridges?variant=Rojo"
airistech;87980;"10 X Vaporizador Airis Vertex 2.0 Para Cartridges. - Plateado";59990;10886;"Airistech Boquilla Glass Herbva 5G";2;5990;10.02;"https://www.friendlygrow.cl/promo-10-x-vaporizador-airis-vertex-20-para-cartridges?variant=Plateado"
airistech;87980;"10 X Vaporizador Airis Vertex 2.0 Para Cartridges. - Plateado";59990;11006;"Airistech Batería Mystica II";2;18990;3.16;"https://www.friendlygrow.cl/promo-10-x-vaporizador-airis-vertex-20-para-cartridges?variant=Plateado"
airistech;87980;"10 X Vaporizador Airis Vertex 2.0 Para Cartridges. - Plateado";59990;10885;"Airistech Boquilla Herbva 5G";2;4990;12.02;"https://www.friendlygrow.cl/promo-10-x-vaporizador-airis-vertex-20-para-cartridges?variant=Plateado"
airistech;87980;"10 X Vaporizador Airis Vertex 2.0 Para Cartridges. - Plateado";59990;10887;"Airistech Boquilla Nokiva";2;5990;10.02;"https://www.friendlygrow.cl/promo-10-x-vaporizador-airis-vertex-20-para-cartridges?variant=Plateado"
airistech;87981;"10 X Vaporizador Airis Vertex 2.0 Para Cartridges. - Aleatorio";59990;10886;"Airistech Boquilla Glass Herbva 5G";2;5990;10.02;"https://www.friendlygrow.cl/promo-10-x-vaporizador-airis-vertex-20-para-cartridges?variant=Aleatorio"
airistech;87981;"10 X Vaporizador Airis Vertex 2.0 Para Cartridges. - Aleatorio";59990;11006;"Airistech Batería Mystica II";2;18990;3.16;"https://www.friendlygrow.cl/promo-10-x-vaporizador-airis-vertex-20-para-cartridges?variant=Aleatorio"
airistech;87981;"10 X Vaporizador Airis Vertex 2.0 Para Cartridges. - Aleatorio";59990;10885;"Airistech Boquilla Herbva 5G";2;4990;12.02;"https://www.friendlygrow.cl/promo-10-x-vaporizador-airis-vertex-20-para-cartridges?variant=Aleatorio"
airistech;87981;"10 X Vaporizador Airis Vertex 2.0 Para Cartridges. - Aleatorio";59990;10887;"Airistech Boquilla Nokiva";2;5990;10.02;"https://www.friendlygrow.cl/promo-10-x-vaporizador-airis-vertex-20-para-cartridges?variant=Aleatorio"
clipper;87819;"Funda Multifunción para Encendedor 3-en-1 - Windproof & Grinder";2990;10578;"Encendedor Clipper Burningman";4;990;3.02;"https://www.friendlygrow.cl/funda_multifuncion_para-_encendedor-3-en-1"
clipper;87819;"Funda Multifunción para Encendedor 3-en-1 - Windproof & Grinder";2990;5724;"Encendedor Jet Flame Jet Hippie World Clipper";3;1300;2.3;"https://www.friendlygrow.cl/funda_multifuncion_para-_encendedor-3-en-1"
clipper;87819;"Funda Multifunción para Encendedor 3-en-1 - Windproof & Grinder";2990;5728;"Clipper Gas Butano 16 ml";3;1590;1.88;"https://www.friendlygrow.cl/funda_multifuncion_para-_encendedor-3-en-1"
clipper;87819;"Funda Multifunción para Encendedor 3-en-1 - Windproof & Grinder";2990;10551;"Encendedor Clipper Metálico Tottems";3;6490;2.17;"https://www.friendlygrow.cl/funda_multifuncion_para-_encendedor-3-en-1"
clipper;87819;"Funda Multifunción para Encendedor 3-en-1 - Windproof & Grinder";2990;10704;"Encendedor Clipper Metálico Pistachio";3;6990;2.34;"https://www.friendlygrow.cl/funda_multifuncion_para-_encendedor-3-en-1"
clipper;87819;"Funda Multifunción para Encendedor 3-en-1 - Windproof & Grinder";2990;10738;"Clipper Gas Butano Premium 300ml";3;2300;1.3;"https://www.friendlygrow.cl/funda_multifuncion_para-_encendedor-3-en-1"
clipper;87819;"Funda Multifunción para Encendedor 3-en-1 - Windproof & Grinder";2990;10748;"Encendedor Clipper Metálico Matt Black";3;6990;2.34;"https://www.friendlygrow.cl/funda_multifuncion_para-_encendedor-3-en-1"
clipper;87819;"Funda Multifunción para Encendedor 3-en-1 - Windproof & Grinder";2990;5726;"Encendedor Clipper Metálico Jungle Leaf";3;6490;2.17;"https://www.friendlygrow.cl/funda_multifuncion_para-_encendedor-3-en-1"
clipper;87819;"Funda Multifunción para Encendedor 3-en-1 - Windproof & Grinder";2990;10318;"Repuesto Clipper Pedernal Encendedor (3u) | PIRANHA";3;550;5.44;"https://www.friendlygrow.cl/funda_multifuncion_para-_encendedor-3-en-1"
clipper;87819;"Funda Multifunción para Encendedor 3-en-1 - Windproof & Grinder";2990;10304;"Encendedor Clipper Super Pocket 1";2;990;3.02;"https://www.friendlygrow.cl/funda_multifuncion_para-_encendedor-3-en-1"
clipper;87819;"Funda Multifunción para Encendedor 3-en-1 - Windproof & Grinder";2990;10305;"Encendedor Clipper Super Pocket 2";2;990;3.02;"https://www.friendlygrow.cl/funda_multifuncion_para-_encendedor-3-en-1"
clipper;87819;"Funda Multifunción para Encendedor 3-en-1 - Windproof & Grinder";2990;10307;"Encendedor Clipper Onis 1";2;990;3.02;"https://www.friendlygrow.cl/funda_multifuncion_para-_encendedor-3-en-1"
clipper;87819;"Funda Multifunción para Encendedor 3-en-1 - Windproof & Grinder";2990;10481;"Encendedor Clipper Metálico Green Gradient";2;6490;2.17;"https://www.friendlygrow.cl/funda_multifuncion_para-_encendedor-3-en-1"
clipper;87819;"Funda Multifunción para Encendedor 3-en-1 - Windproof & Grinder";2990;10575;"Encendedor Clipper Paranormal Puffs";2;990;3.02;"https://www.friendlygrow.cl/funda_multifuncion_para-_encendedor-3-en-1"
clipper;87819;"Funda Multifunción para Encendedor 3-en-1 - Windproof & Grinder";2990;10576;"Encendedor Clipper Shinobis";2;990;3.02;"https://www.friendlygrow.cl/funda_multifuncion_para-_encendedor-3-en-1"
clipper;87819;"Funda Multifunción para Encendedor 3-en-1 - Windproof & Grinder";2990;10577;"Encendedor Clipper Funny Cupid";2;990;3.02;"https://www.friendlygrow.cl/funda_multifuncion_para-_encendedor-3-en-1"
clipper;87819;"Funda Multifunción para Encendedor 3-en-1 - Windproof & Grinder";2990;10579;"Encendedor Clipper Sea Monsters";2;990;3.02;"https://www.friendlygrow.cl/funda_multifuncion_para-_encendedor-3-en-1"
clipper;87819;"Funda Multifunción para Encendedor 3-en-1 - Windproof & Grinder";2990;10580;"Encendedor Clipper Lol Food";2;990;3.02;"https://www.friendlygrow.cl/funda_multifuncion_para-_encendedor-3-en-1"
clipper;87819;"Funda Multifunción para Encendedor 3-en-1 - Windproof & Grinder";2990;10480;"Encendedor Clipper Metálico Deep Blue";2;6490;2.17;"https://www.friendlygrow.cl/funda_multifuncion_para-_encendedor-3-en-1"
clipper;87819;"Funda Multifunción para Encendedor 3-en-1 - Windproof & Grinder";2990;10628;"Taza Pipa 385ml- Diseños variados";2;13990;4.68;"https://www.friendlygrow.cl/funda_multifuncion_para-_encendedor-3-en-1"
clipper;87819;"Funda Multifunción para Encendedor 3-en-1 - Windproof & Grinder";2990;10673;"Encendedor Clipper Metálico Peacock";2;6990;2.34;"https://www.friendlygrow.cl/funda_multifuncion_para-_encendedor-3-en-1"
clipper;87819;"Funda Multifunción para Encendedor 3-en-1 - Windproof & Grinder";2990;10705;"Encendedor Clipper Kings of Valhala";2;990;3.02;"https://www.friendlygrow.cl/funda_multifuncion_para-_encendedor-3-en-1"
clipper;87819;"Funda Multifunción para Encendedor 3-en-1 - Windproof & Grinder";2990;10750;"Encendedor Clipper Metálico All Patterns";2;6990;2.34;"https://www.friendlygrow.cl/funda_multifuncion_para-_encendedor-3-en-1"
clipper;87819;"Funda Multifunción para Encendedor 3-en-1 - Windproof & Grinder";2990;10751;"Encendedor Clipper Metálico Gold";2;6990;2.34;"https://www.friendlygrow.cl/funda_multifuncion_para-_encendedor-3-en-1"
clipper;87819;"Funda Multifunción para Encendedor 3-en-1 - Windproof & Grinder";2990;10753;"Encendedor Clipper Metálico Turquoise";2;6490;2.17;"https://www.friendlygrow.cl/funda_multifuncion_para-_encendedor-3-en-1"
clipper;87819;"Funda Multifunción para Encendedor 3-en-1 - Windproof & Grinder";2990;10747;"Encendedor Clipper Metálico Volcano";2;6990;2.34;"https://www.friendlygrow.cl/funda_multifuncion_para-_encendedor-3-en-1"
clipper;87819;"Funda Multifunción para Encendedor 3-en-1 - Windproof & Grinder";2990;10529;"Encendedor Clipper Slim Solid Fluo";2;990;3.02;"https://www.friendlygrow.cl/funda_multifuncion_para-_encendedor-3-en-1"
clipper;87819;"Funda Multifunción para Encendedor 3-en-1 - Windproof & Grinder";2990;10306;"Encendedor Clipper Super Pocket 4";2;990;3.02;"https://www.friendlygrow.cl/funda_multifuncion_para-_encendedor-3-en-1"
clipper;87819;"Funda Multifunción para Encendedor 3-en-1 - Windproof & Grinder";2990;10482;"Encendedor Clipper Metálico Rose Gold";2;6490;2.17;"https://www.friendlygrow.cl/funda_multifuncion_para-_encendedor-3-en-1"
clipper;87819;"Funda Multifunción para Encendedor 3-en-1 - Windproof & Grinder";2990;10581;"Encendedor Clipper Z-Bunnys";2;990;3.02;"https://www.friendlygrow.cl/funda_multifuncion_para-_encendedor-3-en-1"
clipper;87819;"Funda Multifunción para Encendedor 3-en-1 - Windproof & Grinder";2990;10746;"Encendedor Clipper Metálico Icy";2;6990;2.34;"https://www.friendlygrow.cl/funda_multifuncion_para-_encendedor-3-en-1"
clipper;87819;"Funda Multifunción para Encendedor 3-en-1 - Windproof & Grinder";2990;10749;"Encendedor Clipper Metálico Silver Devil";2;6990;2.34;"https://www.friendlygrow.cl/funda_multifuncion_para-_encendedor-3-en-1"
clipper;87819;"Funda Multifunción para Encendedor 3-en-1 - Windproof & Grinder";2990;10752;"Encendedor Clipper Metálico Safari";2;6490;2.17;"https://www.friendlygrow.cl/funda_multifuncion_para-_encendedor-3-en-1"
clipper;87819;"Funda Multifunción para Encendedor 3-en-1 - Windproof & Grinder";2990;10721;"Encendedor Clipper Metálico Demon Gradient";2;6990;2.34;"https://www.friendlygrow.cl/funda_multifuncion_para-_encendedor-3-en-1"
cookies;87570;"Pesa Digital de Bolsillo Cookies MAXIM-500";119990;10670;"Cookies x Stündenglass Wall Mount";3;50990;2.35;"https://www.friendlygrow.cl/pesa-digital-de-bolsillo-cookies-maxim-500"
cookies;87570;"Pesa Digital de Bolsillo Cookies MAXIM-500";119990;10659;"Stündenglass x Cookies Gravity Hookah";3;424990;3.54;"https://www.friendlygrow.cl/pesa-digital-de-bolsillo-cookies-maxim-500"
cookies;87629;"Pipa de Pyrex Cookies Spoon - Premium Borosilicate Glass - Pink";6290;10670;"Cookies x Stündenglass Wall Mount";3;50990;8.11;"https://www.friendlygrow.cl/pipa-de-vidrio-cookies-spoon-premium-borosilicate-glass?variant=Pink"
cookies;87629;"Pipa de Pyrex Cookies Spoon - Premium Borosilicate Glass - Pink";6290;10659;"Stündenglass x Cookies Gravity Hookah";3;424990;67.57;"https://www.friendlygrow.cl/pipa-de-vidrio-cookies-spoon-premium-borosilicate-glass?variant=Pink"
cookies;87630;"Pipa de Pyrex Cookies Spoon - Premium Borosilicate Glass - White";6290;10670;"Cookies x Stündenglass Wall Mount";3;50990;8.11;"https://www.friendlygrow.cl/pipa-de-vidrio-cookies-spoon-premium-borosilicate-glass?variant=White"
cookies;87630;"Pipa de Pyrex Cookies Spoon - Premium Borosilicate Glass - White";6290;10659;"Stündenglass x Cookies Gravity Hookah";3;424990;67.57;"https://www.friendlygrow.cl/pipa-de-vidrio-cookies-spoon-premium-borosilicate-glass?variant=White"
cookies;87631;"Pipa de Pyrex Cookies Spoon - Premium Borosilicate Glass - Brown";6290;10670;"Cookies x Stündenglass Wall Mount";3;50990;8.11;"https://www.friendlygrow.cl/pipa-de-vidrio-cookies-spoon-premium-borosilicate-glass?variant=Brown"
cookies;87631;"Pipa de Pyrex Cookies Spoon - Premium Borosilicate Glass - Brown";6290;10659;"Stündenglass x Cookies Gravity Hookah";3;424990;67.57;"https://www.friendlygrow.cl/pipa-de-vidrio-cookies-spoon-premium-borosilicate-glass?variant=Brown"
cookies;87632;"Pipa de Pyrex Cookies Spoon - Premium Borosilicate Glass - Diseño 1";6290;10670;"Cookies x Stündenglass Wall Mount";3;50990;8.11;"https://www.friendlygrow.cl/pipa-de-vidrio-cookies-spoon-premium-borosilicate-glass?variant=Dise%C3%B1o%201"
cookies;87632;"Pipa de Pyrex Cookies Spoon - Premium Borosilicate Glass - Diseño 1";6290;10659;"Stündenglass x Cookies Gravity Hookah";3;424990;67.57;"https://www.friendlygrow.cl/pipa-de-vidrio-cookies-spoon-premium-borosilicate-glass?variant=Dise%C3%B1o%201"
cookies;87633;"Pipa de Pyrex Cookies Spoon - Premium Borosilicate Glass - Diseño 2";6290;10670;"Cookies x Stündenglass Wall Mount";3;50990;8.11;"https://www.friendlygrow.cl/pipa-de-vidrio-cookies-spoon-premium-borosilicate-glass?variant=Dise%C3%B1o%202"
cookies;87633;"Pipa de Pyrex Cookies Spoon - Premium Borosilicate Glass - Diseño 2";6290;10659;"Stündenglass x Cookies Gravity Hookah";3;424990;67.57;"https://www.friendlygrow.cl/pipa-de-vidrio-cookies-spoon-premium-borosilicate-glass?variant=Dise%C3%B1o%202"
cookies;87634;"Pipa de Pyrex Cookies Spoon - Premium Borosilicate Glass - Diseño 3";6290;10670;"Cookies x Stündenglass Wall Mount";3;50990;8.11;"https://www.friendlygrow.cl/pipa-de-vidrio-cookies-spoon-premium-borosilicate-glass?variant=Dise%C3%B1o%203"
cookies;87634;"Pipa de Pyrex Cookies Spoon - Premium Borosilicate Glass - Diseño 3";6290;10659;"Stündenglass x Cookies Gravity Hookah";3;424990;67.57;"https://www.friendlygrow.cl/pipa-de-vidrio-cookies-spoon-premium-borosilicate-glass?variant=Dise%C3%B1o%203"
cookies;87635;"Pipa de Pyrex Cookies Spoon - Premium Borosilicate Glass - Diseño 4";6290;10670;"Cookies x Stündenglass Wall Mount";3;50990;8.11;"https://www.friendlygrow.cl/pipa-de-vidrio-cookies-spoon-premium-borosilicate-glass?variant=Dise%C3%B1o%204"
cookies;87635;"Pipa de Pyrex Cookies Spoon - Premium Borosilicate Glass - Diseño 4";6290;10659;"Stündenglass x Cookies Gravity Hookah";3;424990;67.57;"https://www.friendlygrow.cl/pipa-de-vidrio-cookies-spoon-premium-borosilicate-glass?variant=Dise%C3%B1o%204"
cookies;87636;"Pipa de Pyrex Cookies Spoon - Premium Borosilicate Glass - Diseño 5";6290;10670;"Cookies x Stündenglass Wall Mount";3;50990;8.11;"https://www.friendlygrow.cl/pipa-de-vidrio-cookies-spoon-premium-borosilicate-glass?variant=Dise%C3%B1o%205"
cookies;87636;"Pipa de Pyrex Cookies Spoon - Premium Borosilicate Glass - Diseño 5";6290;10659;"Stündenglass x Cookies Gravity Hookah";3;424990;67.57;"https://www.friendlygrow.cl/pipa-de-vidrio-cookies-spoon-premium-borosilicate-glass?variant=Dise%C3%B1o%205"
cookies;87637;"Pipa de Pyrex Cookies Spoon - Premium Borosilicate Glass - Diseño 6";6290;10670;"Cookies x Stündenglass Wall Mount";3;50990;8.11;"https://www.friendlygrow.cl/pipa-de-vidrio-cookies-spoon-premium-borosilicate-glass?variant=Dise%C3%B1o%206"
cookies;87637;"Pipa de Pyrex Cookies Spoon - Premium Borosilicate Glass - Diseño 6";6290;10659;"Stündenglass x Cookies Gravity Hookah";3;424990;67.57;"https://www.friendlygrow.cl/pipa-de-vidrio-cookies-spoon-premium-borosilicate-glass?variant=Dise%C3%B1o%206"
cookies;87638;"Pipa de Pyrex Cookies Spoon - Premium Borosilicate Glass - Diseño 7";6290;10670;"Cookies x Stündenglass Wall Mount";3;50990;8.11;"https://www.friendlygrow.cl/pipa-de-vidrio-cookies-spoon-premium-borosilicate-glass?variant=Dise%C3%B1o%207"
cookies;87638;"Pipa de Pyrex Cookies Spoon - Premium Borosilicate Glass - Diseño 7";6290;10659;"Stündenglass x Cookies Gravity Hookah";3;424990;67.57;"https://www.friendlygrow.cl/pipa-de-vidrio-cookies-spoon-premium-borosilicate-glass?variant=Dise%C3%B1o%207"
cookies;87639;"Pipa de Pyrex Cookies Spoon - Premium Borosilicate Glass - Diseño 8";6290;10670;"Cookies x Stündenglass Wall Mount";3;50990;8.11;"https://www.friendlygrow.cl/pipa-de-vidrio-cookies-spoon-premium-borosilicate-glass?variant=Dise%C3%B1o%208"
cookies;87639;"Pipa de Pyrex Cookies Spoon - Premium Borosilicate Glass - Diseño 8";6290;10659;"Stündenglass x Cookies Gravity Hookah";3;424990;67.57;"https://www.friendlygrow.cl/pipa-de-vidrio-cookies-spoon-premium-borosilicate-glass?variant=Dise%C3%B1o%208"
cookies;87643;"Full Smoking Set Cookies Edition - Kit Premium 9 Piezas";19000;10670;"Cookies x Stündenglass Wall Mount";3;50990;2.68;"https://www.friendlygrow.cl/full-smoking-set-cookies-edition-kit-premium-9-piezas"
cookies;87643;"Full Smoking Set Cookies Edition - Kit Premium 9 Piezas";19000;10659;"Stündenglass x Cookies Gravity Hookah";3;424990;22.37;"https://www.friendlygrow.cl/full-smoking-set-cookies-edition-kit-premium-9-piezas"
cookies;87570;"Pesa Digital de Bolsillo Cookies MAXIM-500";119990;10618;"Bandeja Cookies Metálica Para Enrolar";2;13600;8.82;"https://www.friendlygrow.cl/pesa-digital-de-bolsillo-cookies-maxim-500"
cookies;87629;"Pipa de Pyrex Cookies Spoon - Premium Borosilicate Glass - Pink";6290;10618;"Bandeja Cookies Metálica Para Enrolar";2;13600;2.16;"https://www.friendlygrow.cl/pipa-de-vidrio-cookies-spoon-premium-borosilicate-glass?variant=Pink"
cookies;87630;"Pipa de Pyrex Cookies Spoon - Premium Borosilicate Glass - White";6290;10618;"Bandeja Cookies Metálica Para Enrolar";2;13600;2.16;"https://www.friendlygrow.cl/pipa-de-vidrio-cookies-spoon-premium-borosilicate-glass?variant=White"
cookies;87631;"Pipa de Pyrex Cookies Spoon - Premium Borosilicate Glass - Brown";6290;10618;"Bandeja Cookies Metálica Para Enrolar";2;13600;2.16;"https://www.friendlygrow.cl/pipa-de-vidrio-cookies-spoon-premium-borosilicate-glass?variant=Brown"
cookies;87632;"Pipa de Pyrex Cookies Spoon - Premium Borosilicate Glass - Diseño 1";6290;10618;"Bandeja Cookies Metálica Para Enrolar";2;13600;2.16;"https://www.friendlygrow.cl/pipa-de-vidrio-cookies-spoon-premium-borosilicate-glass?variant=Dise%C3%B1o%201"
cookies;87633;"Pipa de Pyrex Cookies Spoon - Premium Borosilicate Glass - Diseño 2";6290;10618;"Bandeja Cookies Metálica Para Enrolar";2;13600;2.16;"https://www.friendlygrow.cl/pipa-de-vidrio-cookies-spoon-premium-borosilicate-glass?variant=Dise%C3%B1o%202"
cookies;87634;"Pipa de Pyrex Cookies Spoon - Premium Borosilicate Glass - Diseño 3";6290;10618;"Bandeja Cookies Metálica Para Enrolar";2;13600;2.16;"https://www.friendlygrow.cl/pipa-de-vidrio-cookies-spoon-premium-borosilicate-glass?variant=Dise%C3%B1o%203"
cookies;87635;"Pipa de Pyrex Cookies Spoon - Premium Borosilicate Glass - Diseño 4";6290;10618;"Bandeja Cookies Metálica Para Enrolar";2;13600;2.16;"https://www.friendlygrow.cl/pipa-de-vidrio-cookies-spoon-premium-borosilicate-glass?variant=Dise%C3%B1o%204"
cookies;87636;"Pipa de Pyrex Cookies Spoon - Premium Borosilicate Glass - Diseño 5";6290;10618;"Bandeja Cookies Metálica Para Enrolar";2;13600;2.16;"https://www.friendlygrow.cl/pipa-de-vidrio-cookies-spoon-premium-borosilicate-glass?variant=Dise%C3%B1o%205"
cookies;87637;"Pipa de Pyrex Cookies Spoon - Premium Borosilicate Glass - Diseño 6";6290;10618;"Bandeja Cookies Metálica Para Enrolar";2;13600;2.16;"https://www.friendlygrow.cl/pipa-de-vidrio-cookies-spoon-premium-borosilicate-glass?variant=Dise%C3%B1o%206"
cookies;87638;"Pipa de Pyrex Cookies Spoon - Premium Borosilicate Glass - Diseño 7";6290;10618;"Bandeja Cookies Metálica Para Enrolar";2;13600;2.16;"https://www.friendlygrow.cl/pipa-de-vidrio-cookies-spoon-premium-borosilicate-glass?variant=Dise%C3%B1o%207"
cookies;87639;"Pipa de Pyrex Cookies Spoon - Premium Borosilicate Glass - Diseño 8";6290;10618;"Bandeja Cookies Metálica Para Enrolar";2;13600;2.16;"https://www.friendlygrow.cl/pipa-de-vidrio-cookies-spoon-premium-borosilicate-glass?variant=Dise%C3%B1o%208"
cookies;87643;"Full Smoking Set Cookies Edition - Kit Premium 9 Piezas";19000;10618;"Bandeja Cookies Metálica Para Enrolar";2;13600;1.4;"https://www.friendlygrow.cl/full-smoking-set-cookies-edition-kit-premium-9-piezas"
galaxy;87457;"Moledor Lightning Colors Metal 55mm - Azul";6990;5356;"Moledor Galaxy Aluminio 7cm 4 Partes | PIRANHA";4;24892;3.56;"https://www.friendlygrow.cl/moledor-lightning-colors-metal-55mm?variant=Azul"
galaxy;87457;"Moledor Lightning Colors Metal 55mm - Azul";6990;5502;"Moledor Galaxy New Pro Model 6cm 4 Partes | PIRANHA";4;28000;4.01;"https://www.friendlygrow.cl/moledor-lightning-colors-metal-55mm?variant=Azul"
galaxy;87457;"Moledor Lightning Colors Metal 55mm - Azul";6990;10671;"Moledor Galaxy Lightning Aluminio 63mm";4;18991;2.72;"https://www.friendlygrow.cl/moledor-lightning-colors-metal-55mm?variant=Azul"
galaxy;87457;"Moledor Lightning Colors Metal 55mm - Azul";6990;10082;"Moledor Galaxy Ceramics 60mm - GB The Green Brand";4;26000;3.72;"https://www.friendlygrow.cl/moledor-lightning-colors-metal-55mm?variant=Azul"
galaxy;87458;"Moledor Lightning Colors Metal 55mm - Amarillo";6990;5356;"Moledor Galaxy Aluminio 7cm 4 Partes | PIRANHA";4;24892;3.56;"https://www.friendlygrow.cl/moledor-lightning-colors-metal-55mm?variant=Amarillo"
galaxy;87458;"Moledor Lightning Colors Metal 55mm - Amarillo";6990;5502;"Moledor Galaxy New Pro Model 6cm 4 Partes | PIRANHA";4;28000;4.01;"https://www.friendlygrow.cl/moledor-lightning-colors-metal-55mm?variant=Amarillo"
galaxy;87458;"Moledor Lightning Colors Metal 55mm - Amarillo";6990;10671;"Moledor Galaxy Lightning Aluminio 63mm";4;18991;2.72;"https://www.friendlygrow.cl/moledor-lightning-colors-metal-55mm?variant=Amarillo"
galaxy;87458;"Moledor Lightning Colors Metal 55mm - Amarillo";6990;10082;"Moledor Galaxy Ceramics 60mm - GB The Green Brand";4;26000;3.72;"https://www.friendlygrow.cl/moledor-lightning-colors-metal-55mm?variant=Amarillo"
galaxy;87459;"Moledor Lightning Colors Metal 55mm - Verde";6990;5356;"Moledor Galaxy Aluminio 7cm 4 Partes | PIRANHA";4;24892;3.56;"https://www.friendlygrow.cl/moledor-lightning-colors-metal-55mm?variant=Verde"
galaxy;87459;"Moledor Lightning Colors Metal 55mm - Verde";6990;5502;"Moledor Galaxy New Pro Model 6cm 4 Partes | PIRANHA";4;28000;4.01;"https://www.friendlygrow.cl/moledor-lightning-colors-metal-55mm?variant=Verde"
galaxy;87459;"Moledor Lightning Colors Metal 55mm - Verde";6990;10671;"Moledor Galaxy Lightning Aluminio 63mm";4;18991;2.72;"https://www.friendlygrow.cl/moledor-lightning-colors-metal-55mm?variant=Verde"
galaxy;87459;"Moledor Lightning Colors Metal 55mm - Verde";6990;10082;"Moledor Galaxy Ceramics 60mm - GB The Green Brand";4;26000;3.72;"https://www.friendlygrow.cl/moledor-lightning-colors-metal-55mm?variant=Verde"
galaxy;87460;"Moledor Lightning Colors Metal 55mm - Morado";6990;5356;"Moledor Galaxy Aluminio 7cm 4 Partes | PIRANHA";4;24892;3.56;"https://www.friendlygrow.cl/moledor-lightning-colors-metal-55mm?variant=Morado"
galaxy;87460;"Moledor Lightning Colors Metal 55mm - Morado";6990;5502;"Moledor Galaxy New Pro Model 6cm 4 Partes | PIRANHA";4;28000;4.01;"https://www.friendlygrow.cl/moledor-lightning-colors-metal-55mm?variant=Morado"
galaxy;87460;"Moledor Lightning Colors Metal 55mm - Morado";6990;10671;"Moledor Galaxy Lightning Aluminio 63mm";4;18991;2.72;"https://www.friendlygrow.cl/moledor-lightning-colors-metal-55mm?variant=Morado"
galaxy;87460;"Moledor Lightning Colors Metal 55mm - Morado";6990;10082;"Moledor Galaxy Ceramics 60mm - GB The Green Brand";4;26000;3.72;"https://www.friendlygrow.cl/moledor-lightning-colors-metal-55mm?variant=Morado"
galaxy;88381;"Vaporizador Discreto Dazzleaf Spaceman 550mah Para Cartridge";28000;5356;"Moledor Galaxy Aluminio 7cm 4 Partes | PIRANHA";4;24892;1.12;"https://www.friendlygrow.cl/vaporizador-discreto-dazzleaf-spaceman-550mah-para-cartridge-4"
galaxy;88381;"Vaporizador Discreto Dazzleaf Spaceman 550mah Para Cartridge";28000;5502;"Moledor Galaxy New Pro Model 6cm 4 Partes | PIRANHA";4;28000;1;"https://www.friendlygrow.cl/vaporizador-discreto-dazzleaf-spaceman-550mah-para-cartridge-4"
galaxy;88381;"Vaporizador Discreto Dazzleaf Spaceman 550mah Para Cartridge";28000;10671;"Moledor Galaxy Lightning Aluminio 63mm";4;18991;1.47;"https://www.friendlygrow.cl/vaporizador-discreto-dazzleaf-spaceman-550mah-para-cartridge-4"
galaxy;88381;"Vaporizador Discreto Dazzleaf Spaceman 550mah Para Cartridge";28000;10082;"Moledor Galaxy Ceramics 60mm - GB The Green Brand";4;26000;1.08;"https://www.friendlygrow.cl/vaporizador-discreto-dazzleaf-spaceman-550mah-para-cartridge-4"
galaxy;87457;"Moledor Lightning Colors Metal 55mm - Azul";6990;5499;"Grinder Galaxy Aluminio 63mm";3;17991;2.57;"https://www.friendlygrow.cl/moledor-lightning-colors-metal-55mm?variant=Azul"
galaxy;87457;"Moledor Lightning Colors Metal 55mm - Azul";6990;5503;"Moledor Galaxy Quartz Aluminio Aeroespacial | PIRANHA";3;33293;4.76;"https://www.friendlygrow.cl/moledor-lightning-colors-metal-55mm?variant=Azul"
galaxy;87457;"Moledor Lightning Colors Metal 55mm - Azul";6990;10110;"Moledor Cerámico Galaxy Square 5cm 2 Partes | PIRANHA";3;19992;2.86;"https://www.friendlygrow.cl/moledor-lightning-colors-metal-55mm?variant=Azul"
galaxy;87457;"Moledor Lightning Colors Metal 55mm - Azul";6990;10126;"Moledor Galaxy de 4 partes y con tamizador";3;23800;3.4;"https://www.friendlygrow.cl/moledor-lightning-colors-metal-55mm?variant=Azul"
galaxy;87457;"Moledor Lightning Colors Metal 55mm - Azul";6990;10595;"Batería Galaxy Cartridge Escondida Black";3;19992;2.86;"https://www.friendlygrow.cl/moledor-lightning-colors-metal-55mm?variant=Azul"
galaxy;87457;"Moledor Lightning Colors Metal 55mm - Azul";6990;5498;"Galaxy Moledor Biodegradable | Grinder ecológico resistente";3;3400;2.06;"https://www.friendlygrow.cl/moledor-lightning-colors-metal-55mm?variant=Azul"
galaxy;87458;"Moledor Lightning Colors Metal 55mm - Amarillo";6990;5499;"Grinder Galaxy Aluminio 63mm";3;17991;2.57;"https://www.friendlygrow.cl/moledor-lightning-colors-metal-55mm?variant=Amarillo"
galaxy;87458;"Moledor Lightning Colors Metal 55mm - Amarillo";6990;5503;"Moledor Galaxy Quartz Aluminio Aeroespacial | PIRANHA";3;33293;4.76;"https://www.friendlygrow.cl/moledor-lightning-colors-metal-55mm?variant=Amarillo"
galaxy;87458;"Moledor Lightning Colors Metal 55mm - Amarillo";6990;10110;"Moledor Cerámico Galaxy Square 5cm 2 Partes | PIRANHA";3;19992;2.86;"https://www.friendlygrow.cl/moledor-lightning-colors-metal-55mm?variant=Amarillo"
galaxy;87458;"Moledor Lightning Colors Metal 55mm - Amarillo";6990;10126;"Moledor Galaxy de 4 partes y con tamizador";3;23800;3.4;"https://www.friendlygrow.cl/moledor-lightning-colors-metal-55mm?variant=Amarillo"
galaxy;87458;"Moledor Lightning Colors Metal 55mm - Amarillo";6990;10595;"Batería Galaxy Cartridge Escondida Black";3;19992;2.86;"https://www.friendlygrow.cl/moledor-lightning-colors-metal-55mm?variant=Amarillo"
galaxy;87458;"Moledor Lightning Colors Metal 55mm - Amarillo";6990;5498;"Galaxy Moledor Biodegradable | Grinder ecológico resistente";3;3400;2.06;"https://www.friendlygrow.cl/moledor-lightning-colors-metal-55mm?variant=Amarillo"
galaxy;87459;"Moledor Lightning Colors Metal 55mm - Verde";6990;5499;"Grinder Galaxy Aluminio 63mm";3;17991;2.57;"https://www.friendlygrow.cl/moledor-lightning-colors-metal-55mm?variant=Verde"
galaxy;87459;"Moledor Lightning Colors Metal 55mm - Verde";6990;5503;"Moledor Galaxy Quartz Aluminio Aeroespacial | PIRANHA";3;33293;4.76;"https://www.friendlygrow.cl/moledor-lightning-colors-metal-55mm?variant=Verde"
galaxy;87459;"Moledor Lightning Colors Metal 55mm - Verde";6990;10110;"Moledor Cerámico Galaxy Square 5cm 2 Partes | PIRANHA";3;19992;2.86;"https://www.friendlygrow.cl/moledor-lightning-colors-metal-55mm?variant=Verde"
galaxy;87459;"Moledor Lightning Colors Metal 55mm - Verde";6990;10126;"Moledor Galaxy de 4 partes y con tamizador";3;23800;3.4;"https://www.friendlygrow.cl/moledor-lightning-colors-metal-55mm?variant=Verde"
galaxy;87459;"Moledor Lightning Colors Metal 55mm - Verde";6990;10595;"Batería Galaxy Cartridge Escondida Black";3;19992;2.86;"https://www.friendlygrow.cl/moledor-lightning-colors-metal-55mm?variant=Verde"
galaxy;87459;"Moledor Lightning Colors Metal 55mm - Verde";6990;5498;"Galaxy Moledor Biodegradable | Grinder ecológico resistente";3;3400;2.06;"https://www.friendlygrow.cl/moledor-lightning-colors-metal-55mm?variant=Verde"
galaxy;87460;"Moledor Lightning Colors Metal 55mm - Morado";6990;5499;"Grinder Galaxy Aluminio 63mm";3;17991;2.57;"https://www.friendlygrow.cl/moledor-lightning-colors-metal-55mm?variant=Morado"
galaxy;87460;"Moledor Lightning Colors Metal 55mm - Morado";6990;5503;"Moledor Galaxy Quartz Aluminio Aeroespacial | PIRANHA";3;33293;4.76;"https://www.friendlygrow.cl/moledor-lightning-colors-metal-55mm?variant=Morado"
galaxy;87460;"Moledor Lightning Colors Metal 55mm - Morado";6990;10110;"Moledor Cerámico Galaxy Square 5cm 2 Partes | PIRANHA";3;19992;2.86;"https://www.friendlygrow.cl/moledor-lightning-colors-metal-55mm?variant=Morado"
galaxy;87460;"Moledor Lightning Colors Metal 55mm - Morado";6990;10126;"Moledor Galaxy de 4 partes y con tamizador";3;23800;3.4;"https://www.friendlygrow.cl/moledor-lightning-colors-metal-55mm?variant=Morado"
galaxy;87460;"Moledor Lightning Colors Metal 55mm - Morado";6990;10595;"Batería Galaxy Cartridge Escondida Black";3;19992;2.86;"https://www.friendlygrow.cl/moledor-lightning-colors-metal-55mm?variant=Morado"
galaxy;87460;"Moledor Lightning Colors Metal 55mm - Morado";6990;5498;"Galaxy Moledor Biodegradable | Grinder ecológico resistente";3;3400;2.06;"https://www.friendlygrow.cl/moledor-lightning-colors-metal-55mm?variant=Morado"
galaxy;88381;"Vaporizador Discreto Dazzleaf Spaceman 550mah Para Cartridge";28000;5499;"Grinder Galaxy Aluminio 63mm";3;17991;1.56;"https://www.friendlygrow.cl/vaporizador-discreto-dazzleaf-spaceman-550mah-para-cartridge-4"
galaxy;88381;"Vaporizador Discreto Dazzleaf Spaceman 550mah Para Cartridge";28000;5503;"Moledor Galaxy Quartz Aluminio Aeroespacial | PIRANHA";3;33293;1.19;"https://www.friendlygrow.cl/vaporizador-discreto-dazzleaf-spaceman-550mah-para-cartridge-4"
galaxy;88381;"Vaporizador Discreto Dazzleaf Spaceman 550mah Para Cartridge";28000;10110;"Moledor Cerámico Galaxy Square 5cm 2 Partes | PIRANHA";3;19992;1.4;"https://www.friendlygrow.cl/vaporizador-discreto-dazzleaf-spaceman-550mah-para-cartridge-4"
galaxy;88381;"Vaporizador Discreto Dazzleaf Spaceman 550mah Para Cartridge";28000;10126;"Moledor Galaxy de 4 partes y con tamizador";3;23800;1.18;"https://www.friendlygrow.cl/vaporizador-discreto-dazzleaf-spaceman-550mah-para-cartridge-4"
galaxy;88381;"Vaporizador Discreto Dazzleaf Spaceman 550mah Para Cartridge";28000;10595;"Batería Galaxy Cartridge Escondida Black";3;19992;1.4;"https://www.friendlygrow.cl/vaporizador-discreto-dazzleaf-spaceman-550mah-para-cartridge-4"
galaxy;88381;"Vaporizador Discreto Dazzleaf Spaceman 550mah Para Cartridge";28000;5498;"Galaxy Moledor Biodegradable | Grinder ecológico resistente";3;3400;8.24;"https://www.friendlygrow.cl/vaporizador-discreto-dazzleaf-spaceman-550mah-para-cartridge-4"
galaxy;87457;"Moledor Lightning Colors Metal 55mm - Azul";6990;5733;"CENICERO ASH HOLDER GLOW IN THE DARK - GALAXY";2;2840;2.46;"https://www.friendlygrow.cl/moledor-lightning-colors-metal-55mm?variant=Azul"
galaxy;87457;"Moledor Lightning Colors Metal 55mm - Azul";6990;10390;"Galaxy Porta Caño Black";2;990;7.06;"https://www.friendlygrow.cl/moledor-lightning-colors-metal-55mm?variant=Azul"
galaxy;87457;"Moledor Lightning Colors Metal 55mm - Azul";6990;10739;"Galaxy Case Contenedor Porta Joint";2;11990;1.72;"https://www.friendlygrow.cl/moledor-lightning-colors-metal-55mm?variant=Azul"
galaxy;87457;"Moledor Lightning Colors Metal 55mm - Azul";6990;5512;"Grinder Galaxy Aluminio 38mm";2;12591;1.8;"https://www.friendlygrow.cl/moledor-lightning-colors-metal-55mm?variant=Azul"
galaxy;87457;"Moledor Lightning Colors Metal 55mm - Azul";6990;11013;"Galaxy Moledor Aluminio 63mm Oro Rosa";2;20990;3;"https://www.friendlygrow.cl/moledor-lightning-colors-metal-55mm?variant=Azul"
galaxy;87457;"Moledor Lightning Colors Metal 55mm - Azul";6990;5507;"Grinder Galaxy Aluminio 55mm";2;15291;2.19;"https://www.friendlygrow.cl/moledor-lightning-colors-metal-55mm?variant=Azul"
galaxy;87457;"Moledor Lightning Colors Metal 55mm - Azul";6990;5792;"Moledor Cerámico Galaxy Pocket Grinder 5,5cm 4 Partes | PIRANHA";2;24592;3.52;"https://www.friendlygrow.cl/moledor-lightning-colors-metal-55mm?variant=Azul"
galaxy;87458;"Moledor Lightning Colors Metal 55mm - Amarillo";6990;5733;"CENICERO ASH HOLDER GLOW IN THE DARK - GALAXY";2;2840;2.46;"https://www.friendlygrow.cl/moledor-lightning-colors-metal-55mm?variant=Amarillo"
galaxy;87458;"Moledor Lightning Colors Metal 55mm - Amarillo";6990;10390;"Galaxy Porta Caño Black";2;990;7.06;"https://www.friendlygrow.cl/moledor-lightning-colors-metal-55mm?variant=Amarillo"
galaxy;87458;"Moledor Lightning Colors Metal 55mm - Amarillo";6990;10739;"Galaxy Case Contenedor Porta Joint";2;11990;1.72;"https://www.friendlygrow.cl/moledor-lightning-colors-metal-55mm?variant=Amarillo"
galaxy;87458;"Moledor Lightning Colors Metal 55mm - Amarillo";6990;5512;"Grinder Galaxy Aluminio 38mm";2;12591;1.8;"https://www.friendlygrow.cl/moledor-lightning-colors-metal-55mm?variant=Amarillo"
galaxy;87458;"Moledor Lightning Colors Metal 55mm - Amarillo";6990;11013;"Galaxy Moledor Aluminio 63mm Oro Rosa";2;20990;3;"https://www.friendlygrow.cl/moledor-lightning-colors-metal-55mm?variant=Amarillo"
galaxy;87458;"Moledor Lightning Colors Metal 55mm - Amarillo";6990;5507;"Grinder Galaxy Aluminio 55mm";2;15291;2.19;"https://www.friendlygrow.cl/moledor-lightning-colors-metal-55mm?variant=Amarillo"
galaxy;87458;"Moledor Lightning Colors Metal 55mm - Amarillo";6990;5792;"Moledor Cerámico Galaxy Pocket Grinder 5,5cm 4 Partes | PIRANHA";2;24592;3.52;"https://www.friendlygrow.cl/moledor-lightning-colors-metal-55mm?variant=Amarillo"
galaxy;87459;"Moledor Lightning Colors Metal 55mm - Verde";6990;5733;"CENICERO ASH HOLDER GLOW IN THE DARK - GALAXY";2;2840;2.46;"https://www.friendlygrow.cl/moledor-lightning-colors-metal-55mm?variant=Verde"
galaxy;87459;"Moledor Lightning Colors Metal 55mm - Verde";6990;10390;"Galaxy Porta Caño Black";2;990;7.06;"https://www.friendlygrow.cl/moledor-lightning-colors-metal-55mm?variant=Verde"
galaxy;87459;"Moledor Lightning Colors Metal 55mm - Verde";6990;10739;"Galaxy Case Contenedor Porta Joint";2;11990;1.72;"https://www.friendlygrow.cl/moledor-lightning-colors-metal-55mm?variant=Verde"
galaxy;87459;"Moledor Lightning Colors Metal 55mm - Verde";6990;5512;"Grinder Galaxy Aluminio 38mm";2;12591;1.8;"https://www.friendlygrow.cl/moledor-lightning-colors-metal-55mm?variant=Verde"
galaxy;87459;"Moledor Lightning Colors Metal 55mm - Verde";6990;11013;"Galaxy Moledor Aluminio 63mm Oro Rosa";2;20990;3;"https://www.friendlygrow.cl/moledor-lightning-colors-metal-55mm?variant=Verde"
galaxy;87459;"Moledor Lightning Colors Metal 55mm - Verde";6990;5507;"Grinder Galaxy Aluminio 55mm";2;15291;2.19;"https://www.friendlygrow.cl/moledor-lightning-colors-metal-55mm?variant=Verde"
galaxy;87459;"Moledor Lightning Colors Metal 55mm - Verde";6990;5792;"Moledor Cerámico Galaxy Pocket Grinder 5,5cm 4 Partes | PIRANHA";2;24592;3.52;"https://www.friendlygrow.cl/moledor-lightning-colors-metal-55mm?variant=Verde"
galaxy;87460;"Moledor Lightning Colors Metal 55mm - Morado";6990;5733;"CENICERO ASH HOLDER GLOW IN THE DARK - GALAXY";2;2840;2.46;"https://www.friendlygrow.cl/moledor-lightning-colors-metal-55mm?variant=Morado"
galaxy;87460;"Moledor Lightning Colors Metal 55mm - Morado";6990;10390;"Galaxy Porta Caño Black";2;990;7.06;"https://www.friendlygrow.cl/moledor-lightning-colors-metal-55mm?variant=Morado"
galaxy;87460;"Moledor Lightning Colors Metal 55mm - Morado";6990;10739;"Galaxy Case Contenedor Porta Joint";2;11990;1.72;"https://www.friendlygrow.cl/moledor-lightning-colors-metal-55mm?variant=Morado"
galaxy;87460;"Moledor Lightning Colors Metal 55mm - Morado";6990;5512;"Grinder Galaxy Aluminio 38mm";2;12591;1.8;"https://www.friendlygrow.cl/moledor-lightning-colors-metal-55mm?variant=Morado"
galaxy;87460;"Moledor Lightning Colors Metal 55mm - Morado";6990;11013;"Galaxy Moledor Aluminio 63mm Oro Rosa";2;20990;3;"https://www.friendlygrow.cl/moledor-lightning-colors-metal-55mm?variant=Morado"
galaxy;87460;"Moledor Lightning Colors Metal 55mm - Morado";6990;5507;"Grinder Galaxy Aluminio 55mm";2;15291;2.19;"https://www.friendlygrow.cl/moledor-lightning-colors-metal-55mm?variant=Morado"
galaxy;87460;"Moledor Lightning Colors Metal 55mm - Morado";6990;5792;"Moledor Cerámico Galaxy Pocket Grinder 5,5cm 4 Partes | PIRANHA";2;24592;3.52;"https://www.friendlygrow.cl/moledor-lightning-colors-metal-55mm?variant=Morado"
galaxy;88381;"Vaporizador Discreto Dazzleaf Spaceman 550mah Para Cartridge";28000;5733;"CENICERO ASH HOLDER GLOW IN THE DARK - GALAXY";2;2840;9.86;"https://www.friendlygrow.cl/vaporizador-discreto-dazzleaf-spaceman-550mah-para-cartridge-4"
galaxy;88381;"Vaporizador Discreto Dazzleaf Spaceman 550mah Para Cartridge";28000;10390;"Galaxy Porta Caño Black";2;990;28.28;"https://www.friendlygrow.cl/vaporizador-discreto-dazzleaf-spaceman-550mah-para-cartridge-4"
galaxy;88381;"Vaporizador Discreto Dazzleaf Spaceman 550mah Para Cartridge";28000;10739;"Galaxy Case Contenedor Porta Joint";2;11990;2.34;"https://www.friendlygrow.cl/vaporizador-discreto-dazzleaf-spaceman-550mah-para-cartridge-4"
galaxy;88381;"Vaporizador Discreto Dazzleaf Spaceman 550mah Para Cartridge";28000;5512;"Grinder Galaxy Aluminio 38mm";2;12591;2.22;"https://www.friendlygrow.cl/vaporizador-discreto-dazzleaf-spaceman-550mah-para-cartridge-4"
galaxy;88381;"Vaporizador Discreto Dazzleaf Spaceman 550mah Para Cartridge";28000;11013;"Galaxy Moledor Aluminio 63mm Oro Rosa";2;20990;1.33;"https://www.friendlygrow.cl/vaporizador-discreto-dazzleaf-spaceman-550mah-para-cartridge-4"
galaxy;88381;"Vaporizador Discreto Dazzleaf Spaceman 550mah Para Cartridge";28000;5507;"Grinder Galaxy Aluminio 55mm";2;15291;1.83;"https://www.friendlygrow.cl/vaporizador-discreto-dazzleaf-spaceman-550mah-para-cartridge-4"
galaxy;88381;"Vaporizador Discreto Dazzleaf Spaceman 550mah Para Cartridge";28000;5792;"Moledor Cerámico Galaxy Pocket Grinder 5,5cm 4 Partes | PIRANHA";2;24592;1.14;"https://www.friendlygrow.cl/vaporizador-discreto-dazzleaf-spaceman-550mah-para-cartridge-4"
smoking;87644;"Full Smoking Set Mr. Joint Pink Edition - Kit Premium de 10 Piezas";19000;10515;"Papelillos Smoking Deluxe King Size";2;690;27.54;"https://www.friendlygrow.cl/full-smoking-set-mr-joint-pink-edition-kit-premium-de-10-piezas"
smoking;87645;"Pack Fumeta Set Stoner Days - Kit Premium 11 Piezas";19000;10515;"Papelillos Smoking Deluxe King Size";2;690;27.54;"https://www.friendlygrow.cl/full-smoking-set-stoner-days-kit-premium-9-piezas"
yocan;87508;"Boquila Enfriamiento Herbal Vaporizador Yocan Vane 2";9990;10548;"Yocan Flat Vaporizador para Cartridge";2;9891;1.01;"https://www.friendlygrow.cl/yocan-vane-2-mouthpiece"
yocan;87508;"Boquila Enfriamiento Herbal Vaporizador Yocan Vane 2";9990;10468;"Yocan Vaporizador Falcon Kit 6 en 1";2;94991;9.51;"https://www.friendlygrow.cl/yocan-vane-2-mouthpiece"
yocan;87508;"Boquila Enfriamiento Herbal Vaporizador Yocan Vane 2";9990;10616;"Yocan Vaporizador Evolve Plus Version 2020";2;47990;4.8;"https://www.friendlygrow.cl/yocan-vane-2-mouthpiece"
yocan;87508;"Boquila Enfriamiento Herbal Vaporizador Yocan Vane 2";9990;10857;"Yocan DYNO Nectar Collector Digital";2;52990;5.3;"https://www.friendlygrow.cl/yocan-vane-2-mouthpiece"
yocan;87561;"Boquilla de Enfriamiento Vaporizador Herbal Yocan Hit 2";9990;10548;"Yocan Flat Vaporizador para Cartridge";2;9891;1.01;"https://www.friendlygrow.cl/boquilla-de-enfriamiento-herbal-yocan-hit-2"
yocan;87561;"Boquilla de Enfriamiento Vaporizador Herbal Yocan Hit 2";9990;10468;"Yocan Vaporizador Falcon Kit 6 en 1";2;94991;9.51;"https://www.friendlygrow.cl/boquilla-de-enfriamiento-herbal-yocan-hit-2"
yocan;87561;"Boquilla de Enfriamiento Vaporizador Herbal Yocan Hit 2";9990;10616;"Yocan Vaporizador Evolve Plus Version 2020";2;47990;4.8;"https://www.friendlygrow.cl/boquilla-de-enfriamiento-herbal-yocan-hit-2"
yocan;87561;"Boquilla de Enfriamiento Vaporizador Herbal Yocan Hit 2";9990;10857;"Yocan DYNO Nectar Collector Digital";2;52990;5.3;"https://www.friendlygrow.cl/boquilla-de-enfriamiento-herbal-yocan-hit-2"
yocan;87651;"Vaporizador Para Hierbas Yocan Hit - Plateado";30990;10548;"Yocan Flat Vaporizador para Cartridge";2;9891;3.13;"https://www.friendlygrow.cl/vaporizador-para-hierbas-yocan-hit-kit-100-original?variant=Plateado"
yocan;87651;"Vaporizador Para Hierbas Yocan Hit - Plateado";30990;10468;"Yocan Vaporizador Falcon Kit 6 en 1";2;94991;3.07;"https://www.friendlygrow.cl/vaporizador-para-hierbas-yocan-hit-kit-100-original?variant=Plateado"
yocan;87651;"Vaporizador Para Hierbas Yocan Hit - Plateado";30990;10616;"Yocan Vaporizador Evolve Plus Version 2020";2;47990;1.55;"https://www.friendlygrow.cl/vaporizador-para-hierbas-yocan-hit-kit-100-original?variant=Plateado"
yocan;87651;"Vaporizador Para Hierbas Yocan Hit - Plateado";30990;10857;"Yocan DYNO Nectar Collector Digital";2;52990;1.71;"https://www.friendlygrow.cl/vaporizador-para-hierbas-yocan-hit-kit-100-original?variant=Plateado"
yocan;87652;"Vaporizador Para Hierbas Yocan Hit - Dorado";30990;10548;"Yocan Flat Vaporizador para Cartridge";2;9891;3.13;"https://www.friendlygrow.cl/vaporizador-para-hierbas-yocan-hit-kit-100-original?variant=Dorado"
yocan;87652;"Vaporizador Para Hierbas Yocan Hit - Dorado";30990;10468;"Yocan Vaporizador Falcon Kit 6 en 1";2;94991;3.07;"https://www.friendlygrow.cl/vaporizador-para-hierbas-yocan-hit-kit-100-original?variant=Dorado"
yocan;87652;"Vaporizador Para Hierbas Yocan Hit - Dorado";30990;10616;"Yocan Vaporizador Evolve Plus Version 2020";2;47990;1.55;"https://www.friendlygrow.cl/vaporizador-para-hierbas-yocan-hit-kit-100-original?variant=Dorado"
yocan;87652;"Vaporizador Para Hierbas Yocan Hit - Dorado";30990;10857;"Yocan DYNO Nectar Collector Digital";2;52990;1.71;"https://www.friendlygrow.cl/vaporizador-para-hierbas-yocan-hit-kit-100-original?variant=Dorado"
yocan;87653;"Vaporizador Para Hierbas Yocan Hit - Azul";30990;10548;"Yocan Flat Vaporizador para Cartridge";2;9891;3.13;"https://www.friendlygrow.cl/vaporizador-para-hierbas-yocan-hit-kit-100-original?variant=Azul"
yocan;87653;"Vaporizador Para Hierbas Yocan Hit - Azul";30990;10468;"Yocan Vaporizador Falcon Kit 6 en 1";2;94991;3.07;"https://www.friendlygrow.cl/vaporizador-para-hierbas-yocan-hit-kit-100-original?variant=Azul"
yocan;87653;"Vaporizador Para Hierbas Yocan Hit - Azul";30990;10616;"Yocan Vaporizador Evolve Plus Version 2020";2;47990;1.55;"https://www.friendlygrow.cl/vaporizador-para-hierbas-yocan-hit-kit-100-original?variant=Azul"
yocan;87653;"Vaporizador Para Hierbas Yocan Hit - Azul";30990;10857;"Yocan DYNO Nectar Collector Digital";2;52990;1.71;"https://www.friendlygrow.cl/vaporizador-para-hierbas-yocan-hit-kit-100-original?variant=Azul"
yocan;87657;"Hot Knife Dabber Eléctrico Para Extracciones | Yocan Blade. - Celeste";29990;10548;"Yocan Flat Vaporizador para Cartridge";2;9891;3.03;"https://www.friendlygrow.cl/hot-knife-dabber-electrico-para-extracciones-yocan-blade?variant=Celeste"
yocan;87657;"Hot Knife Dabber Eléctrico Para Extracciones | Yocan Blade. - Celeste";29990;10468;"Yocan Vaporizador Falcon Kit 6 en 1";2;94991;3.17;"https://www.friendlygrow.cl/hot-knife-dabber-electrico-para-extracciones-yocan-blade?variant=Celeste"
yocan;87657;"Hot Knife Dabber Eléctrico Para Extracciones | Yocan Blade. - Celeste";29990;10616;"Yocan Vaporizador Evolve Plus Version 2020";2;47990;1.6;"https://www.friendlygrow.cl/hot-knife-dabber-electrico-para-extracciones-yocan-blade?variant=Celeste"
yocan;87657;"Hot Knife Dabber Eléctrico Para Extracciones | Yocan Blade. - Celeste";29990;10857;"Yocan DYNO Nectar Collector Digital";2;52990;1.77;"https://www.friendlygrow.cl/hot-knife-dabber-electrico-para-extracciones-yocan-blade?variant=Celeste"
yocan;87658;"Hot Knife Dabber Eléctrico Para Extracciones | Yocan Blade. - Morado";29990;10548;"Yocan Flat Vaporizador para Cartridge";2;9891;3.03;"https://www.friendlygrow.cl/hot-knife-dabber-electrico-para-extracciones-yocan-blade?variant=Morado"
yocan;87658;"Hot Knife Dabber Eléctrico Para Extracciones | Yocan Blade. - Morado";29990;10468;"Yocan Vaporizador Falcon Kit 6 en 1";2;94991;3.17;"https://www.friendlygrow.cl/hot-knife-dabber-electrico-para-extracciones-yocan-blade?variant=Morado"
yocan;87658;"Hot Knife Dabber Eléctrico Para Extracciones | Yocan Blade. - Morado";29990;10616;"Yocan Vaporizador Evolve Plus Version 2020";2;47990;1.6;"https://www.friendlygrow.cl/hot-knife-dabber-electrico-para-extracciones-yocan-blade?variant=Morado"
yocan;87658;"Hot Knife Dabber Eléctrico Para Extracciones | Yocan Blade. - Morado";29990;10857;"Yocan DYNO Nectar Collector Digital";2;52990;1.77;"https://www.friendlygrow.cl/hot-knife-dabber-electrico-para-extracciones-yocan-blade?variant=Morado"
yocan;87659;"Hot Knife Dabber Eléctrico Para Extracciones | Yocan Blade. - Rojo";29990;10548;"Yocan Flat Vaporizador para Cartridge";2;9891;3.03;"https://www.friendlygrow.cl/hot-knife-dabber-electrico-para-extracciones-yocan-blade?variant=Rojo"
yocan;87659;"Hot Knife Dabber Eléctrico Para Extracciones | Yocan Blade. - Rojo";29990;10468;"Yocan Vaporizador Falcon Kit 6 en 1";2;94991;3.17;"https://www.friendlygrow.cl/hot-knife-dabber-electrico-para-extracciones-yocan-blade?variant=Rojo"
yocan;87659;"Hot Knife Dabber Eléctrico Para Extracciones | Yocan Blade. - Rojo";29990;10616;"Yocan Vaporizador Evolve Plus Version 2020";2;47990;1.6;"https://www.friendlygrow.cl/hot-knife-dabber-electrico-para-extracciones-yocan-blade?variant=Rojo"
yocan;87659;"Hot Knife Dabber Eléctrico Para Extracciones | Yocan Blade. - Rojo";29990;10857;"Yocan DYNO Nectar Collector Digital";2;52990;1.77;"https://www.friendlygrow.cl/hot-knife-dabber-electrico-para-extracciones-yocan-blade?variant=Rojo"
yocan;87660;"Hot Knife Dabber Eléctrico Para Extracciones | Yocan Blade. - Silver";29990;10548;"Yocan Flat Vaporizador para Cartridge";2;9891;3.03;"https://www.friendlygrow.cl/hot-knife-dabber-electrico-para-extracciones-yocan-blade?variant=Silver"
yocan;87660;"Hot Knife Dabber Eléctrico Para Extracciones | Yocan Blade. - Silver";29990;10468;"Yocan Vaporizador Falcon Kit 6 en 1";2;94991;3.17;"https://www.friendlygrow.cl/hot-knife-dabber-electrico-para-extracciones-yocan-blade?variant=Silver"
yocan;87660;"Hot Knife Dabber Eléctrico Para Extracciones | Yocan Blade. - Silver";29990;10616;"Yocan Vaporizador Evolve Plus Version 2020";2;47990;1.6;"https://www.friendlygrow.cl/hot-knife-dabber-electrico-para-extracciones-yocan-blade?variant=Silver"
yocan;87660;"Hot Knife Dabber Eléctrico Para Extracciones | Yocan Blade. - Silver";29990;10857;"Yocan DYNO Nectar Collector Digital";2;52990;1.77;"https://www.friendlygrow.cl/hot-knife-dabber-electrico-para-extracciones-yocan-blade?variant=Silver"
yocan;87661;"Hot Knife Dabber Eléctrico Para Extracciones | Yocan Blade. - Negro";29990;10548;"Yocan Flat Vaporizador para Cartridge";2;9891;3.03;"https://www.friendlygrow.cl/hot-knife-dabber-electrico-para-extracciones-yocan-blade?variant=Negro"
yocan;87661;"Hot Knife Dabber Eléctrico Para Extracciones | Yocan Blade. - Negro";29990;10468;"Yocan Vaporizador Falcon Kit 6 en 1";2;94991;3.17;"https://www.friendlygrow.cl/hot-knife-dabber-electrico-para-extracciones-yocan-blade?variant=Negro"
yocan;87661;"Hot Knife Dabber Eléctrico Para Extracciones | Yocan Blade. - Negro";29990;10616;"Yocan Vaporizador Evolve Plus Version 2020";2;47990;1.6;"https://www.friendlygrow.cl/hot-knife-dabber-electrico-para-extracciones-yocan-blade?variant=Negro"
yocan;87661;"Hot Knife Dabber Eléctrico Para Extracciones | Yocan Blade. - Negro";29990;10857;"Yocan DYNO Nectar Collector Digital";2;52990;1.77;"https://www.friendlygrow.cl/hot-knife-dabber-electrico-para-extracciones-yocan-blade?variant=Negro"
yocan;87917;"Vaporizador Extracciones Yocan Cylo | Pantalla Smart Led - Negro";42000;10548;"Yocan Flat Vaporizador para Cartridge";2;9891;4.25;"https://www.friendlygrow.cl/vaporizador-extracciones-yocan-cylo-pantalla-smart-led?variant=Negro"
yocan;87917;"Vaporizador Extracciones Yocan Cylo | Pantalla Smart Led - Negro";42000;10468;"Yocan Vaporizador Falcon Kit 6 en 1";2;94991;2.26;"https://www.friendlygrow.cl/vaporizador-extracciones-yocan-cylo-pantalla-smart-led?variant=Negro"
yocan;87917;"Vaporizador Extracciones Yocan Cylo | Pantalla Smart Led - Negro";42000;10616;"Yocan Vaporizador Evolve Plus Version 2020";2;47990;1.14;"https://www.friendlygrow.cl/vaporizador-extracciones-yocan-cylo-pantalla-smart-led?variant=Negro"
yocan;87917;"Vaporizador Extracciones Yocan Cylo | Pantalla Smart Led - Negro";42000;10857;"Yocan DYNO Nectar Collector Digital";2;52990;1.26;"https://www.friendlygrow.cl/vaporizador-extracciones-yocan-cylo-pantalla-smart-led?variant=Negro"
yocan;87948;"Boquilla de Enfriamiento Vaporizador Herbal Yocan Hit";5990;10548;"Yocan Flat Vaporizador para Cartridge";2;9891;1.65;"https://www.friendlygrow.cl/boquilla-de-enfriamiento-herbal-yocan-hit"
yocan;87948;"Boquilla de Enfriamiento Vaporizador Herbal Yocan Hit";5990;10468;"Yocan Vaporizador Falcon Kit 6 en 1";2;94991;15.86;"https://www.friendlygrow.cl/boquilla-de-enfriamiento-herbal-yocan-hit"
yocan;87948;"Boquilla de Enfriamiento Vaporizador Herbal Yocan Hit";5990;10616;"Yocan Vaporizador Evolve Plus Version 2020";2;47990;8.01;"https://www.friendlygrow.cl/boquilla-de-enfriamiento-herbal-yocan-hit"
yocan;87948;"Boquilla de Enfriamiento Vaporizador Herbal Yocan Hit";5990;10857;"Yocan DYNO Nectar Collector Digital";2;52990;8.85;"https://www.friendlygrow.cl/boquilla-de-enfriamiento-herbal-yocan-hit"
yocan;88034;"Resistencia Yocan Cloud 3 Coil Chamber 360°";27990;10548;"Yocan Flat Vaporizador para Cartridge";2;9891;2.83;"https://www.friendlygrow.cl/yocan-cloud-3-coil"
yocan;88034;"Resistencia Yocan Cloud 3 Coil Chamber 360°";27990;10468;"Yocan Vaporizador Falcon Kit 6 en 1";2;94991;3.39;"https://www.friendlygrow.cl/yocan-cloud-3-coil"
yocan;88034;"Resistencia Yocan Cloud 3 Coil Chamber 360°";27990;10616;"Yocan Vaporizador Evolve Plus Version 2020";2;47990;1.71;"https://www.friendlygrow.cl/yocan-cloud-3-coil"
yocan;88034;"Resistencia Yocan Cloud 3 Coil Chamber 360°";27990;10857;"Yocan DYNO Nectar Collector Digital";2;52990;1.89;"https://www.friendlygrow.cl/yocan-cloud-3-coil"
yocan;88037;"Yocan QBC Coil";11490;10548;"Yocan Flat Vaporizador para Cartridge";2;9891;1.16;"https://www.friendlygrow.cl/yocan-qbc-coil-1"
yocan;88037;"Yocan QBC Coil";11490;10468;"Yocan Vaporizador Falcon Kit 6 en 1";2;94991;8.27;"https://www.friendlygrow.cl/yocan-qbc-coil-1"
yocan;88037;"Yocan QBC Coil";11490;10616;"Yocan Vaporizador Evolve Plus Version 2020";2;47990;4.18;"https://www.friendlygrow.cl/yocan-qbc-coil-1"
yocan;88037;"Yocan QBC Coil";11490;10857;"Yocan DYNO Nectar Collector Digital";2;52990;4.61;"https://www.friendlygrow.cl/yocan-qbc-coil-1"
yocan;88140;"Vaporizador Extracciones Yocan Pocket - Azul";79990;10548;"Yocan Flat Vaporizador para Cartridge";2;9891;8.09;"https://www.friendlygrow.cl/yocan-pocket-800?variant=Azul"
yocan;88140;"Vaporizador Extracciones Yocan Pocket - Azul";79990;10468;"Yocan Vaporizador Falcon Kit 6 en 1";2;94991;1.19;"https://www.friendlygrow.cl/yocan-pocket-800?variant=Azul"
yocan;88140;"Vaporizador Extracciones Yocan Pocket - Azul";79990;10616;"Yocan Vaporizador Evolve Plus Version 2020";2;47990;1.67;"https://www.friendlygrow.cl/yocan-pocket-800?variant=Azul"
yocan;88140;"Vaporizador Extracciones Yocan Pocket - Azul";79990;10857;"Yocan DYNO Nectar Collector Digital";2;52990;1.51;"https://www.friendlygrow.cl/yocan-pocket-800?variant=Azul"
yocan;88413;"Repuesto Hot Knife Yocan Dirk";10990;10548;"Yocan Flat Vaporizador para Cartridge";2;9891;1.11;"https://www.friendlygrow.cl/yocan-dirk-tip"
yocan;88413;"Repuesto Hot Knife Yocan Dirk";10990;10468;"Yocan Vaporizador Falcon Kit 6 en 1";2;94991;8.64;"https://www.friendlygrow.cl/yocan-dirk-tip"
yocan;88413;"Repuesto Hot Knife Yocan Dirk";10990;10616;"Yocan Vaporizador Evolve Plus Version 2020";2;47990;4.37;"https://www.friendlygrow.cl/yocan-dirk-tip"
yocan;88413;"Repuesto Hot Knife Yocan Dirk";10990;10857;"Yocan DYNO Nectar Collector Digital";2;52990;4.82;"https://www.friendlygrow.cl/yocan-dirk-tip"
yocan;88626;"Yocan Phaser Max Glass (repuesto)";46990;10548;"Yocan Flat Vaporizador para Cartridge";2;9891;4.75;"https://www.friendlygrow.cl/yocan-phaser-max-glass-repuesto"
yocan;88626;"Yocan Phaser Max Glass (repuesto)";46990;10468;"Yocan Vaporizador Falcon Kit 6 en 1";2;94991;2.02;"https://www.friendlygrow.cl/yocan-phaser-max-glass-repuesto"
yocan;88626;"Yocan Phaser Max Glass (repuesto)";46990;10616;"Yocan Vaporizador Evolve Plus Version 2020";2;47990;1.02;"https://www.friendlygrow.cl/yocan-phaser-max-glass-repuesto"
yocan;88626;"Yocan Phaser Max Glass (repuesto)";46990;10857;"Yocan DYNO Nectar Collector Digital";2;52990;1.13;"https://www.friendlygrow.cl/yocan-phaser-max-glass-repuesto"
yocan;88833;"Vaporizador Extracciones E-rig Yocan Phaser Max - Negro";249990;10548;"Yocan Flat Vaporizador para Cartridge";2;9891;25.27;"https://www.friendlygrow.cl/yocan-phaser-max?variant=Negro"
yocan;88833;"Vaporizador Extracciones E-rig Yocan Phaser Max - Negro";249990;10468;"Yocan Vaporizador Falcon Kit 6 en 1";2;94991;2.63;"https://www.friendlygrow.cl/yocan-phaser-max?variant=Negro"
yocan;88833;"Vaporizador Extracciones E-rig Yocan Phaser Max - Negro";249990;10616;"Yocan Vaporizador Evolve Plus Version 2020";2;47990;5.21;"https://www.friendlygrow.cl/yocan-phaser-max?variant=Negro"
yocan;88833;"Vaporizador Extracciones E-rig Yocan Phaser Max - Negro";249990;10857;"Yocan DYNO Nectar Collector Digital";2;52990;4.72;"https://www.friendlygrow.cl/yocan-phaser-max?variant=Negro"
yocan;88835;"Vaporizador Extracciones E-rig Yocan Phaser Max - Rojo";249990;10548;"Yocan Flat Vaporizador para Cartridge";2;9891;25.27;"https://www.friendlygrow.cl/yocan-phaser-max?variant=Rojo"
yocan;88835;"Vaporizador Extracciones E-rig Yocan Phaser Max - Rojo";249990;10468;"Yocan Vaporizador Falcon Kit 6 en 1";2;94991;2.63;"https://www.friendlygrow.cl/yocan-phaser-max?variant=Rojo"
yocan;88835;"Vaporizador Extracciones E-rig Yocan Phaser Max - Rojo";249990;10616;"Yocan Vaporizador Evolve Plus Version 2020";2;47990;5.21;"https://www.friendlygrow.cl/yocan-phaser-max?variant=Rojo"
yocan;88835;"Vaporizador Extracciones E-rig Yocan Phaser Max - Rojo";249990;10857;"Yocan DYNO Nectar Collector Digital";2;52990;4.72;"https://www.friendlygrow.cl/yocan-phaser-max?variant=Rojo"
yocan;88837;"Vaporizador Extracciones E-rig Yocan Phaser Max - Azul";249990;10548;"Yocan Flat Vaporizador para Cartridge";2;9891;25.27;"https://www.friendlygrow.cl/yocan-phaser-max?variant=Azul"
yocan;88837;"Vaporizador Extracciones E-rig Yocan Phaser Max - Azul";249990;10468;"Yocan Vaporizador Falcon Kit 6 en 1";2;94991;2.63;"https://www.friendlygrow.cl/yocan-phaser-max?variant=Azul"
yocan;88837;"Vaporizador Extracciones E-rig Yocan Phaser Max - Azul";249990;10616;"Yocan Vaporizador Evolve Plus Version 2020";2;47990;5.21;"https://www.friendlygrow.cl/yocan-phaser-max?variant=Azul"
yocan;88837;"Vaporizador Extracciones E-rig Yocan Phaser Max - Azul";249990;10857;"Yocan DYNO Nectar Collector Digital";2;52990;4.72;"https://www.friendlygrow.cl/yocan-phaser-max?variant=Azul"
yocan;88838;"Vaporizador Extracciones E-rig Yocan Phaser Max - Plateado";249990;10548;"Yocan Flat Vaporizador para Cartridge";2;9891;25.27;"https://www.friendlygrow.cl/yocan-phaser-max?variant=Plateado"
yocan;88838;"Vaporizador Extracciones E-rig Yocan Phaser Max - Plateado";249990;10468;"Yocan Vaporizador Falcon Kit 6 en 1";2;94991;2.63;"https://www.friendlygrow.cl/yocan-phaser-max?variant=Plateado"
yocan;88838;"Vaporizador Extracciones E-rig Yocan Phaser Max - Plateado";249990;10616;"Yocan Vaporizador Evolve Plus Version 2020";2;47990;5.21;"https://www.friendlygrow.cl/yocan-phaser-max?variant=Plateado"
yocan;88838;"Vaporizador Extracciones E-rig Yocan Phaser Max - Plateado";249990;10857;"Yocan DYNO Nectar Collector Digital";2;52990;4.72;"https://www.friendlygrow.cl/yocan-phaser-max?variant=Plateado"
yocan;88839;"Yocan Cloud 2 Coil";17990;10548;"Yocan Flat Vaporizador para Cartridge";2;9891;1.82;"https://www.friendlygrow.cl/yocan-qbc-coil"
yocan;88839;"Yocan Cloud 2 Coil";17990;10468;"Yocan Vaporizador Falcon Kit 6 en 1";2;94991;5.28;"https://www.friendlygrow.cl/yocan-qbc-coil"
yocan;88839;"Yocan Cloud 2 Coil";17990;10616;"Yocan Vaporizador Evolve Plus Version 2020";2;47990;2.67;"https://www.friendlygrow.cl/yocan-qbc-coil"
yocan;88839;"Yocan Cloud 2 Coil";17990;10857;"Yocan DYNO Nectar Collector Digital";2;52990;2.95;"https://www.friendlygrow.cl/yocan-qbc-coil"
yocan;88881;"Vaporizador Incognito Doble Yocan Dubb - Negro";24990;10548;"Yocan Flat Vaporizador para Cartridge";2;9891;2.53;"https://www.friendlygrow.cl/yocan-dubb?variant=Negro"
yocan;88881;"Vaporizador Incognito Doble Yocan Dubb - Negro";24990;10468;"Yocan Vaporizador Falcon Kit 6 en 1";2;94991;3.8;"https://www.friendlygrow.cl/yocan-dubb?variant=Negro"
yocan;88881;"Vaporizador Incognito Doble Yocan Dubb - Negro";24990;10616;"Yocan Vaporizador Evolve Plus Version 2020";2;47990;1.92;"https://www.friendlygrow.cl/yocan-dubb?variant=Negro"
yocan;88881;"Vaporizador Incognito Doble Yocan Dubb - Negro";24990;10857;"Yocan DYNO Nectar Collector Digital";2;52990;2.12;"https://www.friendlygrow.cl/yocan-dubb?variant=Negro"
yocan;88882;"Vaporizador Incognito Doble Yocan Dubb - Rojo";24990;10548;"Yocan Flat Vaporizador para Cartridge";2;9891;2.53;"https://www.friendlygrow.cl/yocan-dubb?variant=Rojo"
yocan;88882;"Vaporizador Incognito Doble Yocan Dubb - Rojo";24990;10468;"Yocan Vaporizador Falcon Kit 6 en 1";2;94991;3.8;"https://www.friendlygrow.cl/yocan-dubb?variant=Rojo"
yocan;88882;"Vaporizador Incognito Doble Yocan Dubb - Rojo";24990;10616;"Yocan Vaporizador Evolve Plus Version 2020";2;47990;1.92;"https://www.friendlygrow.cl/yocan-dubb?variant=Rojo"
yocan;88882;"Vaporizador Incognito Doble Yocan Dubb - Rojo";24990;10857;"Yocan DYNO Nectar Collector Digital";2;52990;2.12;"https://www.friendlygrow.cl/yocan-dubb?variant=Rojo"
yocan;88884;"Vaporizador Incognito Doble Yocan Dubb - Blanco";24990;10548;"Yocan Flat Vaporizador para Cartridge";2;9891;2.53;"https://www.friendlygrow.cl/yocan-dubb?variant=Blanco"
yocan;88884;"Vaporizador Incognito Doble Yocan Dubb - Blanco";24990;10468;"Yocan Vaporizador Falcon Kit 6 en 1";2;94991;3.8;"https://www.friendlygrow.cl/yocan-dubb?variant=Blanco"
yocan;88884;"Vaporizador Incognito Doble Yocan Dubb - Blanco";24990;10616;"Yocan Vaporizador Evolve Plus Version 2020";2;47990;1.92;"https://www.friendlygrow.cl/yocan-dubb?variant=Blanco"
yocan;88884;"Vaporizador Incognito Doble Yocan Dubb - Blanco";24990;10857;"Yocan DYNO Nectar Collector Digital";2;52990;2.12;"https://www.friendlygrow.cl/yocan-dubb?variant=Blanco"
yocan;88885;"Vaporizador Incognito Doble Yocan Dubb - Lila";24990;10548;"Yocan Flat Vaporizador para Cartridge";2;9891;2.53;"https://www.friendlygrow.cl/yocan-dubb?variant=Lila"
yocan;88885;"Vaporizador Incognito Doble Yocan Dubb - Lila";24990;10468;"Yocan Vaporizador Falcon Kit 6 en 1";2;94991;3.8;"https://www.friendlygrow.cl/yocan-dubb?variant=Lila"
yocan;88885;"Vaporizador Incognito Doble Yocan Dubb - Lila";24990;10616;"Yocan Vaporizador Evolve Plus Version 2020";2;47990;1.92;"https://www.friendlygrow.cl/yocan-dubb?variant=Lila"
yocan;88885;"Vaporizador Incognito Doble Yocan Dubb - Lila";24990;10857;"Yocan DYNO Nectar Collector Digital";2;52990;2.12;"https://www.friendlygrow.cl/yocan-dubb?variant=Lila"
yocan;88886;"Vaporizador Incognito Doble Yocan Dubb - Celeste";24990;10548;"Yocan Flat Vaporizador para Cartridge";2;9891;2.53;"https://www.friendlygrow.cl/yocan-dubb?variant=Celeste"
yocan;88886;"Vaporizador Incognito Doble Yocan Dubb - Celeste";24990;10468;"Yocan Vaporizador Falcon Kit 6 en 1";2;94991;3.8;"https://www.friendlygrow.cl/yocan-dubb?variant=Celeste"
yocan;88886;"Vaporizador Incognito Doble Yocan Dubb - Celeste";24990;10616;"Yocan Vaporizador Evolve Plus Version 2020";2;47990;1.92;"https://www.friendlygrow.cl/yocan-dubb?variant=Celeste"
yocan;88886;"Vaporizador Incognito Doble Yocan Dubb - Celeste";24990;10857;"Yocan DYNO Nectar Collector Digital";2;52990;2.12;"https://www.friendlygrow.cl/yocan-dubb?variant=Celeste"
yocan;88888;"Vaporizador Incognito Doble Yocan Dubb - Azul";24990;10548;"Yocan Flat Vaporizador para Cartridge";2;9891;2.53;"https://www.friendlygrow.cl/yocan-dubb?variant=Azul"
yocan;88888;"Vaporizador Incognito Doble Yocan Dubb - Azul";24990;10468;"Yocan Vaporizador Falcon Kit 6 en 1";2;94991;3.8;"https://www.friendlygrow.cl/yocan-dubb?variant=Azul"
yocan;88888;"Vaporizador Incognito Doble Yocan Dubb - Azul";24990;10616;"Yocan Vaporizador Evolve Plus Version 2020";2;47990;1.92;"https://www.friendlygrow.cl/yocan-dubb?variant=Azul"
yocan;88888;"Vaporizador Incognito Doble Yocan Dubb - Azul";24990;10857;"Yocan DYNO Nectar Collector Digital";2;52990;2.12;"https://www.friendlygrow.cl/yocan-dubb?variant=Azul"
yocan;88889;"Vaporizador Incognito Doble Yocan Dubb - Verde";24990;10548;"Yocan Flat Vaporizador para Cartridge";2;9891;2.53;"https://www.friendlygrow.cl/yocan-dubb?variant=Verde"
yocan;88889;"Vaporizador Incognito Doble Yocan Dubb - Verde";24990;10468;"Yocan Vaporizador Falcon Kit 6 en 1";2;94991;3.8;"https://www.friendlygrow.cl/yocan-dubb?variant=Verde"
yocan;88889;"Vaporizador Incognito Doble Yocan Dubb - Verde";24990;10616;"Yocan Vaporizador Evolve Plus Version 2020";2;47990;1.92;"https://www.friendlygrow.cl/yocan-dubb?variant=Verde"
yocan;88889;"Vaporizador Incognito Doble Yocan Dubb - Verde";24990;10857;"Yocan DYNO Nectar Collector Digital";2;52990;2.12;"https://www.friendlygrow.cl/yocan-dubb?variant=Verde"
yocan;88890;"Vaporizador Extracciones E-rig Yocan Go - Negro";180000;10548;"Yocan Flat Vaporizador para Cartridge";2;9891;18.2;"https://www.friendlygrow.cl/yocan-go?variant=Negro"
yocan;88890;"Vaporizador Extracciones E-rig Yocan Go - Negro";180000;10468;"Yocan Vaporizador Falcon Kit 6 en 1";2;94991;1.89;"https://www.friendlygrow.cl/yocan-go?variant=Negro"
yocan;88890;"Vaporizador Extracciones E-rig Yocan Go - Negro";180000;10616;"Yocan Vaporizador Evolve Plus Version 2020";2;47990;3.75;"https://www.friendlygrow.cl/yocan-go?variant=Negro"
yocan;88890;"Vaporizador Extracciones E-rig Yocan Go - Negro";180000;10857;"Yocan DYNO Nectar Collector Digital";2;52990;3.4;"https://www.friendlygrow.cl/yocan-go?variant=Negro"
yocan;88892;"Vaporizador Extracciones E-rig Yocan Go - Rojo";180000;10548;"Yocan Flat Vaporizador para Cartridge";2;9891;18.2;"https://www.friendlygrow.cl/yocan-go?variant=Rojo"
yocan;88892;"Vaporizador Extracciones E-rig Yocan Go - Rojo";180000;10468;"Yocan Vaporizador Falcon Kit 6 en 1";2;94991;1.89;"https://www.friendlygrow.cl/yocan-go?variant=Rojo"
yocan;88892;"Vaporizador Extracciones E-rig Yocan Go - Rojo";180000;10616;"Yocan Vaporizador Evolve Plus Version 2020";2;47990;3.75;"https://www.friendlygrow.cl/yocan-go?variant=Rojo"
yocan;88892;"Vaporizador Extracciones E-rig Yocan Go - Rojo";180000;10857;"Yocan DYNO Nectar Collector Digital";2;52990;3.4;"https://www.friendlygrow.cl/yocan-go?variant=Rojo"
yocan;88893;"Vaporizador Extracciones E-rig Yocan Go - Azul";180000;10548;"Yocan Flat Vaporizador para Cartridge";2;9891;18.2;"https://www.friendlygrow.cl/yocan-go?variant=Azul"
yocan;88893;"Vaporizador Extracciones E-rig Yocan Go - Azul";180000;10468;"Yocan Vaporizador Falcon Kit 6 en 1";2;94991;1.89;"https://www.friendlygrow.cl/yocan-go?variant=Azul"
yocan;88893;"Vaporizador Extracciones E-rig Yocan Go - Azul";180000;10616;"Yocan Vaporizador Evolve Plus Version 2020";2;47990;3.75;"https://www.friendlygrow.cl/yocan-go?variant=Azul"
yocan;88893;"Vaporizador Extracciones E-rig Yocan Go - Azul";180000;10857;"Yocan DYNO Nectar Collector Digital";2;52990;3.4;"https://www.friendlygrow.cl/yocan-go?variant=Azul"
yocan;88895;"Vaporizador Extracciones E-rig Yocan Go - Blanco";180000;10548;"Yocan Flat Vaporizador para Cartridge";2;9891;18.2;"https://www.friendlygrow.cl/yocan-go?variant=Blanco"
yocan;88895;"Vaporizador Extracciones E-rig Yocan Go - Blanco";180000;10468;"Yocan Vaporizador Falcon Kit 6 en 1";2;94991;1.89;"https://www.friendlygrow.cl/yocan-go?variant=Blanco"
yocan;88895;"Vaporizador Extracciones E-rig Yocan Go - Blanco";180000;10616;"Yocan Vaporizador Evolve Plus Version 2020";2;47990;3.75;"https://www.friendlygrow.cl/yocan-go?variant=Blanco"
yocan;88895;"Vaporizador Extracciones E-rig Yocan Go - Blanco";180000;10857;"Yocan DYNO Nectar Collector Digital";2;52990;3.4;"https://www.friendlygrow.cl/yocan-go?variant=Blanco"
yocan;88898;"Vaporizador Extracciones E-Rig Yocan iCan - Rosa";46990;10548;"Yocan Flat Vaporizador para Cartridge";2;9891;4.75;"https://www.friendlygrow.cl/yocan-ican?variant=Rosa"
yocan;88898;"Vaporizador Extracciones E-Rig Yocan iCan - Rosa";46990;10468;"Yocan Vaporizador Falcon Kit 6 en 1";2;94991;2.02;"https://www.friendlygrow.cl/yocan-ican?variant=Rosa"
yocan;88898;"Vaporizador Extracciones E-Rig Yocan iCan - Rosa";46990;10616;"Yocan Vaporizador Evolve Plus Version 2020";2;47990;1.02;"https://www.friendlygrow.cl/yocan-ican?variant=Rosa"
yocan;88898;"Vaporizador Extracciones E-Rig Yocan iCan - Rosa";46990;10857;"Yocan DYNO Nectar Collector Digital";2;52990;1.13;"https://www.friendlygrow.cl/yocan-ican?variant=Rosa"
yocan;88900;"Vaporizador Extracciones E-Rig Yocan iCan - Blanco";46990;10548;"Yocan Flat Vaporizador para Cartridge";2;9891;4.75;"https://www.friendlygrow.cl/yocan-ican?variant=Blanco"
yocan;88900;"Vaporizador Extracciones E-Rig Yocan iCan - Blanco";46990;10468;"Yocan Vaporizador Falcon Kit 6 en 1";2;94991;2.02;"https://www.friendlygrow.cl/yocan-ican?variant=Blanco"
yocan;88900;"Vaporizador Extracciones E-Rig Yocan iCan - Blanco";46990;10616;"Yocan Vaporizador Evolve Plus Version 2020";2;47990;1.02;"https://www.friendlygrow.cl/yocan-ican?variant=Blanco"
yocan;88900;"Vaporizador Extracciones E-Rig Yocan iCan - Blanco";46990;10857;"Yocan DYNO Nectar Collector Digital";2;52990;1.13;"https://www.friendlygrow.cl/yocan-ican?variant=Blanco"
yocan;88902;"Vaporizador Extracciones E-Rig Yocan iCan - Morado";46990;10548;"Yocan Flat Vaporizador para Cartridge";2;9891;4.75;"https://www.friendlygrow.cl/yocan-ican?variant=Morado"
yocan;88902;"Vaporizador Extracciones E-Rig Yocan iCan - Morado";46990;10468;"Yocan Vaporizador Falcon Kit 6 en 1";2;94991;2.02;"https://www.friendlygrow.cl/yocan-ican?variant=Morado"
yocan;88902;"Vaporizador Extracciones E-Rig Yocan iCan - Morado";46990;10616;"Yocan Vaporizador Evolve Plus Version 2020";2;47990;1.02;"https://www.friendlygrow.cl/yocan-ican?variant=Morado"
yocan;88902;"Vaporizador Extracciones E-Rig Yocan iCan - Morado";46990;10857;"Yocan DYNO Nectar Collector Digital";2;52990;1.13;"https://www.friendlygrow.cl/yocan-ican?variant=Morado"
yocan;88903;"Vaporizador Extracciones E-Rig Yocan iCan - Verde";46990;10548;"Yocan Flat Vaporizador para Cartridge";2;9891;4.75;"https://www.friendlygrow.cl/yocan-ican?variant=Verde"
yocan;88903;"Vaporizador Extracciones E-Rig Yocan iCan - Verde";46990;10468;"Yocan Vaporizador Falcon Kit 6 en 1";2;94991;2.02;"https://www.friendlygrow.cl/yocan-ican?variant=Verde"
yocan;88903;"Vaporizador Extracciones E-Rig Yocan iCan - Verde";46990;10616;"Yocan Vaporizador Evolve Plus Version 2020";2;47990;1.02;"https://www.friendlygrow.cl/yocan-ican?variant=Verde"
yocan;88903;"Vaporizador Extracciones E-Rig Yocan iCan - Verde";46990;10857;"Yocan DYNO Nectar Collector Digital";2;52990;1.13;"https://www.friendlygrow.cl/yocan-ican?variant=Verde"
yocan;88904;"Vaporizador Extracciones E-Rig Yocan iCan - Celeste";46990;10548;"Yocan Flat Vaporizador para Cartridge";2;9891;4.75;"https://www.friendlygrow.cl/yocan-ican?variant=Celeste"
yocan;88904;"Vaporizador Extracciones E-Rig Yocan iCan - Celeste";46990;10468;"Yocan Vaporizador Falcon Kit 6 en 1";2;94991;2.02;"https://www.friendlygrow.cl/yocan-ican?variant=Celeste"
yocan;88904;"Vaporizador Extracciones E-Rig Yocan iCan - Celeste";46990;10616;"Yocan Vaporizador Evolve Plus Version 2020";2;47990;1.02;"https://www.friendlygrow.cl/yocan-ican?variant=Celeste"
yocan;88904;"Vaporizador Extracciones E-Rig Yocan iCan - Celeste";46990;10857;"Yocan DYNO Nectar Collector Digital";2;52990;1.13;"https://www.friendlygrow.cl/yocan-ican?variant=Celeste"
yocan;88906;"Vaporizador Extracciones E-Rig Yocan iCan - Negro";46990;10548;"Yocan Flat Vaporizador para Cartridge";2;9891;4.75;"https://www.friendlygrow.cl/yocan-ican?variant=Negro"
yocan;88906;"Vaporizador Extracciones E-Rig Yocan iCan - Negro";46990;10468;"Yocan Vaporizador Falcon Kit 6 en 1";2;94991;2.02;"https://www.friendlygrow.cl/yocan-ican?variant=Negro"
yocan;88906;"Vaporizador Extracciones E-Rig Yocan iCan - Negro";46990;10616;"Yocan Vaporizador Evolve Plus Version 2020";2;47990;1.02;"https://www.friendlygrow.cl/yocan-ican?variant=Negro"
yocan;88906;"Vaporizador Extracciones E-Rig Yocan iCan - Negro";46990;10857;"Yocan DYNO Nectar Collector Digital";2;52990;1.13;"https://www.friendlygrow.cl/yocan-ican?variant=Negro"
yocan;88909;"Vaporizador Extracciones Yocan Iris - Blanco";25990;10548;"Yocan Flat Vaporizador para Cartridge";2;9891;2.63;"https://www.friendlygrow.cl/yocan-iris?variant=Blanco"
yocan;88909;"Vaporizador Extracciones Yocan Iris - Blanco";25990;10468;"Yocan Vaporizador Falcon Kit 6 en 1";2;94991;3.65;"https://www.friendlygrow.cl/yocan-iris?variant=Blanco"
yocan;88909;"Vaporizador Extracciones Yocan Iris - Blanco";25990;10616;"Yocan Vaporizador Evolve Plus Version 2020";2;47990;1.85;"https://www.friendlygrow.cl/yocan-iris?variant=Blanco"
yocan;88909;"Vaporizador Extracciones Yocan Iris - Blanco";25990;10857;"Yocan DYNO Nectar Collector Digital";2;52990;2.04;"https://www.friendlygrow.cl/yocan-iris?variant=Blanco"
yocan;88911;"Vaporizador Extracciones Yocan Iris - Morado";25990;10548;"Yocan Flat Vaporizador para Cartridge";2;9891;2.63;"https://www.friendlygrow.cl/yocan-iris?variant=Morado"
yocan;88911;"Vaporizador Extracciones Yocan Iris - Morado";25990;10468;"Yocan Vaporizador Falcon Kit 6 en 1";2;94991;3.65;"https://www.friendlygrow.cl/yocan-iris?variant=Morado"
yocan;88911;"Vaporizador Extracciones Yocan Iris - Morado";25990;10616;"Yocan Vaporizador Evolve Plus Version 2020";2;47990;1.85;"https://www.friendlygrow.cl/yocan-iris?variant=Morado"
yocan;88911;"Vaporizador Extracciones Yocan Iris - Morado";25990;10857;"Yocan DYNO Nectar Collector Digital";2;52990;2.04;"https://www.friendlygrow.cl/yocan-iris?variant=Morado"
yocan;88914;"Vaporizador Extracciones Yocan Nestor";27000;10548;"Yocan Flat Vaporizador para Cartridge";2;9891;2.73;"https://www.friendlygrow.cl/yocan-nestor"
yocan;88914;"Vaporizador Extracciones Yocan Nestor";27000;10468;"Yocan Vaporizador Falcon Kit 6 en 1";2;94991;3.52;"https://www.friendlygrow.cl/yocan-nestor"
yocan;88914;"Vaporizador Extracciones Yocan Nestor";27000;10616;"Yocan Vaporizador Evolve Plus Version 2020";2;47990;1.78;"https://www.friendlygrow.cl/yocan-nestor"
yocan;88914;"Vaporizador Extracciones Yocan Nestor";27000;10857;"Yocan DYNO Nectar Collector Digital";2;52990;1.96;"https://www.friendlygrow.cl/yocan-nestor"
yocan;87508;"Boquila Enfriamiento Herbal Vaporizador Yocan Vane 2";9990;10611;"Repuesto de Vidrio Vaporizador Yocan Falcon Glass Attachment | PIRANHA";1;14241;1.43;"https://www.friendlygrow.cl/yocan-vane-2-mouthpiece"
yocan;87561;"Boquilla de Enfriamiento Vaporizador Herbal Yocan Hit 2";9990;10611;"Repuesto de Vidrio Vaporizador Yocan Falcon Glass Attachment | PIRANHA";1;14241;1.43;"https://www.friendlygrow.cl/boquilla-de-enfriamiento-herbal-yocan-hit-2"
yocan;87651;"Vaporizador Para Hierbas Yocan Hit - Plateado";30990;10611;"Repuesto de Vidrio Vaporizador Yocan Falcon Glass Attachment | PIRANHA";1;14241;2.18;"https://www.friendlygrow.cl/vaporizador-para-hierbas-yocan-hit-kit-100-original?variant=Plateado"
yocan;87652;"Vaporizador Para Hierbas Yocan Hit - Dorado";30990;10611;"Repuesto de Vidrio Vaporizador Yocan Falcon Glass Attachment | PIRANHA";1;14241;2.18;"https://www.friendlygrow.cl/vaporizador-para-hierbas-yocan-hit-kit-100-original?variant=Dorado"
yocan;87653;"Vaporizador Para Hierbas Yocan Hit - Azul";30990;10611;"Repuesto de Vidrio Vaporizador Yocan Falcon Glass Attachment | PIRANHA";1;14241;2.18;"https://www.friendlygrow.cl/vaporizador-para-hierbas-yocan-hit-kit-100-original?variant=Azul"
yocan;87657;"Hot Knife Dabber Eléctrico Para Extracciones | Yocan Blade. - Celeste";29990;10611;"Repuesto de Vidrio Vaporizador Yocan Falcon Glass Attachment | PIRANHA";1;14241;2.11;"https://www.friendlygrow.cl/hot-knife-dabber-electrico-para-extracciones-yocan-blade?variant=Celeste"
yocan;87658;"Hot Knife Dabber Eléctrico Para Extracciones | Yocan Blade. - Morado";29990;10611;"Repuesto de Vidrio Vaporizador Yocan Falcon Glass Attachment | PIRANHA";1;14241;2.11;"https://www.friendlygrow.cl/hot-knife-dabber-electrico-para-extracciones-yocan-blade?variant=Morado"
yocan;87659;"Hot Knife Dabber Eléctrico Para Extracciones | Yocan Blade. - Rojo";29990;10611;"Repuesto de Vidrio Vaporizador Yocan Falcon Glass Attachment | PIRANHA";1;14241;2.11;"https://www.friendlygrow.cl/hot-knife-dabber-electrico-para-extracciones-yocan-blade?variant=Rojo"
yocan;87660;"Hot Knife Dabber Eléctrico Para Extracciones | Yocan Blade. - Silver";29990;10611;"Repuesto de Vidrio Vaporizador Yocan Falcon Glass Attachment | PIRANHA";1;14241;2.11;"https://www.friendlygrow.cl/hot-knife-dabber-electrico-para-extracciones-yocan-blade?variant=Silver"
yocan;87661;"Hot Knife Dabber Eléctrico Para Extracciones | Yocan Blade. - Negro";29990;10611;"Repuesto de Vidrio Vaporizador Yocan Falcon Glass Attachment | PIRANHA";1;14241;2.11;"https://www.friendlygrow.cl/hot-knife-dabber-electrico-para-extracciones-yocan-blade?variant=Negro"
yocan;87917;"Vaporizador Extracciones Yocan Cylo | Pantalla Smart Led - Negro";42000;10611;"Repuesto de Vidrio Vaporizador Yocan Falcon Glass Attachment | PIRANHA";1;14241;2.95;"https://www.friendlygrow.cl/vaporizador-extracciones-yocan-cylo-pantalla-smart-led?variant=Negro"
yocan;87948;"Boquilla de Enfriamiento Vaporizador Herbal Yocan Hit";5990;10611;"Repuesto de Vidrio Vaporizador Yocan Falcon Glass Attachment | PIRANHA";1;14241;2.38;"https://www.friendlygrow.cl/boquilla-de-enfriamiento-herbal-yocan-hit"
yocan;88034;"Resistencia Yocan Cloud 3 Coil Chamber 360°";27990;10611;"Repuesto de Vidrio Vaporizador Yocan Falcon Glass Attachment | PIRANHA";1;14241;1.97;"https://www.friendlygrow.cl/yocan-cloud-3-coil"
yocan;88037;"Yocan QBC Coil";11490;10611;"Repuesto de Vidrio Vaporizador Yocan Falcon Glass Attachment | PIRANHA";1;14241;1.24;"https://www.friendlygrow.cl/yocan-qbc-coil-1"
yocan;88140;"Vaporizador Extracciones Yocan Pocket - Azul";79990;10611;"Repuesto de Vidrio Vaporizador Yocan Falcon Glass Attachment | PIRANHA";1;14241;5.62;"https://www.friendlygrow.cl/yocan-pocket-800?variant=Azul"
yocan;88413;"Repuesto Hot Knife Yocan Dirk";10990;10611;"Repuesto de Vidrio Vaporizador Yocan Falcon Glass Attachment | PIRANHA";1;14241;1.3;"https://www.friendlygrow.cl/yocan-dirk-tip"
yocan;88626;"Yocan Phaser Max Glass (repuesto)";46990;10611;"Repuesto de Vidrio Vaporizador Yocan Falcon Glass Attachment | PIRANHA";1;14241;3.3;"https://www.friendlygrow.cl/yocan-phaser-max-glass-repuesto"
yocan;88833;"Vaporizador Extracciones E-rig Yocan Phaser Max - Negro";249990;10611;"Repuesto de Vidrio Vaporizador Yocan Falcon Glass Attachment | PIRANHA";1;14241;17.55;"https://www.friendlygrow.cl/yocan-phaser-max?variant=Negro"
yocan;88835;"Vaporizador Extracciones E-rig Yocan Phaser Max - Rojo";249990;10611;"Repuesto de Vidrio Vaporizador Yocan Falcon Glass Attachment | PIRANHA";1;14241;17.55;"https://www.friendlygrow.cl/yocan-phaser-max?variant=Rojo"
yocan;88837;"Vaporizador Extracciones E-rig Yocan Phaser Max - Azul";249990;10611;"Repuesto de Vidrio Vaporizador Yocan Falcon Glass Attachment | PIRANHA";1;14241;17.55;"https://www.friendlygrow.cl/yocan-phaser-max?variant=Azul"
yocan;88838;"Vaporizador Extracciones E-rig Yocan Phaser Max - Plateado";249990;10611;"Repuesto de Vidrio Vaporizador Yocan Falcon Glass Attachment | PIRANHA";1;14241;17.55;"https://www.friendlygrow.cl/yocan-phaser-max?variant=Plateado"
yocan;88839;"Yocan Cloud 2 Coil";17990;10611;"Repuesto de Vidrio Vaporizador Yocan Falcon Glass Attachment | PIRANHA";1;14241;1.26;"https://www.friendlygrow.cl/yocan-qbc-coil"
yocan;88881;"Vaporizador Incognito Doble Yocan Dubb - Negro";24990;10611;"Repuesto de Vidrio Vaporizador Yocan Falcon Glass Attachment | PIRANHA";1;14241;1.75;"https://www.friendlygrow.cl/yocan-dubb?variant=Negro"
yocan;88882;"Vaporizador Incognito Doble Yocan Dubb - Rojo";24990;10611;"Repuesto de Vidrio Vaporizador Yocan Falcon Glass Attachment | PIRANHA";1;14241;1.75;"https://www.friendlygrow.cl/yocan-dubb?variant=Rojo"
yocan;88884;"Vaporizador Incognito Doble Yocan Dubb - Blanco";24990;10611;"Repuesto de Vidrio Vaporizador Yocan Falcon Glass Attachment | PIRANHA";1;14241;1.75;"https://www.friendlygrow.cl/yocan-dubb?variant=Blanco"
yocan;88885;"Vaporizador Incognito Doble Yocan Dubb - Lila";24990;10611;"Repuesto de Vidrio Vaporizador Yocan Falcon Glass Attachment | PIRANHA";1;14241;1.75;"https://www.friendlygrow.cl/yocan-dubb?variant=Lila"
yocan;88886;"Vaporizador Incognito Doble Yocan Dubb - Celeste";24990;10611;"Repuesto de Vidrio Vaporizador Yocan Falcon Glass Attachment | PIRANHA";1;14241;1.75;"https://www.friendlygrow.cl/yocan-dubb?variant=Celeste"
yocan;88888;"Vaporizador Incognito Doble Yocan Dubb - Azul";24990;10611;"Repuesto de Vidrio Vaporizador Yocan Falcon Glass Attachment | PIRANHA";1;14241;1.75;"https://www.friendlygrow.cl/yocan-dubb?variant=Azul"
yocan;88889;"Vaporizador Incognito Doble Yocan Dubb - Verde";24990;10611;"Repuesto de Vidrio Vaporizador Yocan Falcon Glass Attachment | PIRANHA";1;14241;1.75;"https://www.friendlygrow.cl/yocan-dubb?variant=Verde"
yocan;88890;"Vaporizador Extracciones E-rig Yocan Go - Negro";180000;10611;"Repuesto de Vidrio Vaporizador Yocan Falcon Glass Attachment | PIRANHA";1;14241;12.64;"https://www.friendlygrow.cl/yocan-go?variant=Negro"
yocan;88892;"Vaporizador Extracciones E-rig Yocan Go - Rojo";180000;10611;"Repuesto de Vidrio Vaporizador Yocan Falcon Glass Attachment | PIRANHA";1;14241;12.64;"https://www.friendlygrow.cl/yocan-go?variant=Rojo"
yocan;88893;"Vaporizador Extracciones E-rig Yocan Go - Azul";180000;10611;"Repuesto de Vidrio Vaporizador Yocan Falcon Glass Attachment | PIRANHA";1;14241;12.64;"https://www.friendlygrow.cl/yocan-go?variant=Azul"
yocan;88895;"Vaporizador Extracciones E-rig Yocan Go - Blanco";180000;10611;"Repuesto de Vidrio Vaporizador Yocan Falcon Glass Attachment | PIRANHA";1;14241;12.64;"https://www.friendlygrow.cl/yocan-go?variant=Blanco"
yocan;88898;"Vaporizador Extracciones E-Rig Yocan iCan - Rosa";46990;10611;"Repuesto de Vidrio Vaporizador Yocan Falcon Glass Attachment | PIRANHA";1;14241;3.3;"https://www.friendlygrow.cl/yocan-ican?variant=Rosa"
yocan;88900;"Vaporizador Extracciones E-Rig Yocan iCan - Blanco";46990;10611;"Repuesto de Vidrio Vaporizador Yocan Falcon Glass Attachment | PIRANHA";1;14241;3.3;"https://www.friendlygrow.cl/yocan-ican?variant=Blanco"
yocan;88902;"Vaporizador Extracciones E-Rig Yocan iCan - Morado";46990;10611;"Repuesto de Vidrio Vaporizador Yocan Falcon Glass Attachment | PIRANHA";1;14241;3.3;"https://www.friendlygrow.cl/yocan-ican?variant=Morado"
yocan;88903;"Vaporizador Extracciones E-Rig Yocan iCan - Verde";46990;10611;"Repuesto de Vidrio Vaporizador Yocan Falcon Glass Attachment | PIRANHA";1;14241;3.3;"https://www.friendlygrow.cl/yocan-ican?variant=Verde"
yocan;88904;"Vaporizador Extracciones E-Rig Yocan iCan - Celeste";46990;10611;"Repuesto de Vidrio Vaporizador Yocan Falcon Glass Attachment | PIRANHA";1;14241;3.3;"https://www.friendlygrow.cl/yocan-ican?variant=Celeste"
yocan;88906;"Vaporizador Extracciones E-Rig Yocan iCan - Negro";46990;10611;"Repuesto de Vidrio Vaporizador Yocan Falcon Glass Attachment | PIRANHA";1;14241;3.3;"https://www.friendlygrow.cl/yocan-ican?variant=Negro"
yocan;88909;"Vaporizador Extracciones Yocan Iris - Blanco";25990;10611;"Repuesto de Vidrio Vaporizador Yocan Falcon Glass Attachment | PIRANHA";1;14241;1.83;"https://www.friendlygrow.cl/yocan-iris?variant=Blanco"
yocan;88911;"Vaporizador Extracciones Yocan Iris - Morado";25990;10611;"Repuesto de Vidrio Vaporizador Yocan Falcon Glass Attachment | PIRANHA";1;14241;1.83;"https://www.friendlygrow.cl/yocan-iris?variant=Morado"
yocan;88914;"Vaporizador Extracciones Yocan Nestor";27000;10611;"Repuesto de Vidrio Vaporizador Yocan Falcon Glass Attachment | PIRANHA";1;14241;1.9;"https://www.friendlygrow.cl/yocan-nestor"