offerId,tienda,titulo,precio,lastSeenAt,senal,valor,productId,modelSlug,tiendasProducto,tiendaYaPresente,congelado,ofertaCuradaRef,ratioPrecio,url
88203,friendlygrow,Vaporizador Airis Mystica Ace Para Cartridges - Peacock Green,14990,2026-07-24,sku,181410524526,10720,airistech/bateria-mystica-ace,3,si,no,of88201:Vaporizador Airis Mystica Ace Para Cartridges - Blue Gradient,1.00,https://www.friendlygrow.cl/vaporizador-airis-mystica-ace?variant=Peacock%20Green
87909,friendlygrow,Vaporizador Extracciones En Bongs Airis Dabble - Airistech - Gradiente,24990,2026-07-24,sku,181786269643,10882,airistech/dabble,2,si,no,of87907:Vaporizador Extracciones En Bongs Airis Dabble - Airistech - Blanco,1.00,https://www.friendlygrow.cl/vaporizador-extracciones-en-bongs-airis-dabble-airistech?variant=Gradiente
87911,friendlygrow,Vaporizador Extracciones En Bongs Airis Dabble - Airistech - Aleatorio,24990,2026-07-24,sku,181786269643,10882,airistech/dabble,2,si,no,of87907:Vaporizador Extracciones En Bongs Airis Dabble - Airistech - Blanco,1.00,https://www.friendlygrow.cl/vaporizador-extracciones-en-bongs-airis-dabble-airistech?variant=Aleatorio
12919,fumetas,Boquillas Herbva 5G (Flat/Glass),4990,2026-06-13,sku,AIR-BOQ5GF,10885,airistech/boquilla-herbva-5g,2,si,no,of35843:Boquillas Herbva 5G (Flat/Glass) - Flat,1.00,https://fumetas.cl/boquilla-herbva-5g
78786,astrogrowshop,Neon Tray Bandeja Enrolado Led -Bonglab - BLUE,23990,2026-07-27,sku,AYPBLBGTBLUE,5732,bonglab/neon-led,3,si,no,of78:Neon Tray Bandeja Enrolado Led -Bonglab,1.00,https://astrogrowshop.cl/neon-tray-bandeja-enrolado-led-bonglab?variant=BLUE
78044,astrogrowshop,Contenedor Extractos Clear Tapa Blanca 4Ml-Bonglab - WHITE,3490,2026-07-27,sku,AYPBLCOCTB4ML,5760,bonglab/extract-container-extracts-4ml,3,si,no,of12181:Contenedor Extractos Clear Tapa Blanca 4Ml-Bonglab,1.00,https://astrogrowshop.cl/contenedor-extractos-clear-tapa-4ml-bonglab?variant=WHITE
32488,astrogrowshop,Cenicero De Silicona -Blazy Susan - Rosa,12990,2026-07-10,sku,AYPBSCEDSPNK,10371,blazy-susan/cenicero-silicona,2,si,no,of78542:Cenicero De Silicona -Blazy Susan - PINK,1.00,https://astrogrowshop.cl/cenicero-de-silicona-blazy-susan?variant=Rosa
78121,astrogrowshop,Conos Pre Roll 1 1/4 Pack 6U-Blazy Susan - PURPLE,3990,2026-07-27,sku,AYPBSCOPU1146U,5705,blazy-susan/pre-roll-pink-1-1-4-6u,3,si,no,of768:Conos Pre Roll 1 1/4 Pack 6U-Blazy Susan,1.00,https://astrogrowshop.cl/conos-pre-roll-1-14-pack-6u-blazy-susan?variant=PURPLE
12352,astrogrowshop,Conos Pre Roll Shortys Pack 12U-Blazy Susan,4990,2026-06-13,sku,AYPBSCOSHPU12U,5712,blazy-susan/pre-roll-shorty-53mm-12u,3,si,no,of78339:Conos Pre Roll Shortys Pack 12U-Blazy Susan - PURPLE,0.83,https://astrogrowshop.cl/conos-pre-roll-shortys-pack-12u-blazy-susan
78776,astrogrowshop,FILTRO CARBON ACTIVADO 50U-CALVO - BLACK,9490,2026-07-27,sku,AYPCGFCACBLK50U,10301,calvo/carbon-activo-black-6mm-50u,2,si,no,of12559:FILTRO CARBON ACTIVADO 50U-CALVO,1.00,https://astrogrowshop.cl/filtro-carbon-activado-50u-calvo?variant=BLACK
78067,astrogrowshop,Soplete Mini Rubber 2.0 -Calvo Glass - BLUE,2990,2026-07-27,sku,AYPCGMNRBLUE,10310,special-blue/mini-rubber-2-0,3,si,no,of765:Soplete Mini Rubber 2.0 -Calvo Glass,1.00,https://astrogrowshop.cl/soplete-mini-rubber-20-calvo-glass?variant=BLUE
31458,astrogrowshop,Blunt Hemp Wrap X4 Sabor a Elección- G-Rollz - Grape,2490,2026-07-27,sku,AYPGRLHWX4GRP1UNID,10381,g-rollz/blunt-hemp-wrap-x4,3,si,no,of12413:Blunt Hemp Wrap X4 Sabor a Elección- G-Rollz,1.00,https://astrogrowshop.cl/blunt-hemp-wrap-x4-grape-g-rollz?variant=Grape
32772,astrogrowshop,Filtro Personal Pro II -Sploofy - Rojo,34990,2026-07-10,sku,AYPSPYFPP2RED,10528,sploofy/pro,4,si,si,of17913:Pro Filtro De Humo Personal Red Sploofy,1.00,https://astrogrowshop.cl/filtro-personal-pro-ii-sploofy?variant=Rojo
78886,astrogrowshop,Filtro Personal Pro II -Sploofy - RED,29990,2026-07-27,sku,AYPSPYFPP2RED,10528,sploofy/pro,4,si,si,of17913:Pro Filtro De Humo Personal Red Sploofy,0.86,https://astrogrowshop.cl/filtro-personal-pro-ii-sploofy?variant=RED
31309,astrogrowshop,Encendedor Torch Zt-70 - Zengaz - Azul,9990,2026-07-10,sku,AYPZGZZT70TOAZ,10333,zengaz/zt-70,2,si,no,of77158:Encendedor Torch Zt-70 - Zengaz - BLUE,1.00,https://astrogrowshop.cl/encendedor-torch-zt-70-zengaz?variant=Azul
31310,astrogrowshop,Encendedor Torch Zt-70 - Zengaz - ROSA/BLANCO,9990,2026-07-10,sku,AYPZGZZT70TORB,10333,zengaz/zt-70,2,si,no,of77155:Encendedor Torch Zt-70 - Zengaz - PINK-WHITE,1.00,https://astrogrowshop.cl/encendedor-torch-zt-70-zengaz?variant=ROSA%2FBLANCO
31311,astrogrowshop,Encendedor Torch Zt-70 - Zengaz - ROSA/MULTICOLOR,9990,2026-07-10,sku,AYPZGZZT70TORM,10333,zengaz/zt-70,2,si,no,of77156:Encendedor Torch Zt-70 - Zengaz - PINK-MULTICOLOR,1.00,https://astrogrowshop.cl/encendedor-torch-zt-70-zengaz?variant=ROSA%2FMULTICOLOR
32106,astrogrowshop,Atrapa Ceniza Panal Triple 14Mm-Bonglab - Transparente,24990,2026-07-10,sku,BGBLA14BCLEAR,10309,bonglab/atrapa-cenizas-triple-honeycomb-14mm,5,si,si,of78019:Atrapa Ceniza Panal Triple 14Mm-Bonglab - CLEAR,1.00,https://astrogrowshop.cl/atrapa-ceniza-panal-triple-14mm-bonglab?variant=Transparente
32105,astrogrowshop,Atrapa Ceniza Panal Triple 14Mm-Bonglab - Verde,22990,2026-07-10,sku,BGBLA14BGREEN,10309,bonglab/atrapa-cenizas-triple-honeycomb-14mm,5,si,si,of78018:Atrapa Ceniza Panal Triple 14Mm-Bonglab - GREEN,1.00,https://astrogrowshop.cl/atrapa-ceniza-panal-triple-14mm-bonglab?variant=Verde
78020,astrogrowshop,Atrapa Ceniza Panal Triple 18Mm-Bonglab - BLUE,22990,2026-07-27,sku,BGBLA19BBLUE,10316,bonglab/atrapa-cenizas-triple-honeycomb-18mm,3,si,no,of12170:Atrapa Ceniza Panal Triple 18Mm-Bonglab,1.00,https://astrogrowshop.cl/atrapa-ceniza-panal-triple-18mm-bonglab?variant=BLUE
31276,astrogrowshop,Banger Cuarzo Simple 90 Grados -Bonglab - 10MM,7990,2026-07-27,sku,BGBLBASI9010,10119,bonglab/banger-simple-macho-90-14mm,4,si,si,of2532:Banger Cuarzo Simple 90 Grados -Bonglab,1.14,https://astrogrowshop.cl/banger-cuarzo-simple-90-grados-bonglab?variant=10MM
78137,astrogrowshop,Difusor Logo Magenta 14Mm -Bonglab (14Cm/12Cm) - 14 CM,6990,2026-07-27,sku,BGBLDILM14165,10399,bonglab/difusor-magenta-14mm-12cm,4,si,si,of772:Difusor Logo Magenta 14Mm -Bonglab (14Cm/12Cm),1.75,https://astrogrowshop.cl/difusor-logo-magenta-14mm-bonglab?variant=14%20CM
78139,astrogrowshop,Difusor Logo Negro 14Mm -Bonglab (14Cm/12Cm) - 14 CM,3790,2026-07-27,sku,BGBLDILN14165,10401,bonglab/difusor-negro-14mm-12cm,2,si,no,of12237:Difusor Logo Negro 14Mm -Bonglab (14Cm/12Cm),1.00,https://astrogrowshop.cl/difusor-logo-negro-14mm-bonglab?variant=14%20CM
31649,astrogrowshop,Handy Rig-Bonglab - Morado,29990,2026-07-27,sku,BGBLH4132PRP,10218,bonglab/handy-rig,4,si,si,of17158:Handy Rig-Bonglab,1.00,https://astrogrowshop.cl/handy-rig-bonglab?variant=Morado
31666,astrogrowshop,Jelly Fish-Bonglab - Negro,67990,2026-07-27,sku,BGBLK138BLACK,5776,bonglab/jelly-fish,2,si,no,of2610:Jelly Fish-Bonglab,1.00,https://astrogrowshop.cl/jelly-fish-bonglab?variant=Negro
32955,astrogrowshop,Double Shot -Bonglab - verde,65990,2026-07-27,sku,BGBLK14GREEN,10217,bonglab/double-shot,2,si,no,of187:Double Shot -Bonglab,1.00,https://astrogrowshop.cl/double-shot-bonglab?variant=verde
31758,astrogrowshop,Headshot Black-Bonglab - Negro,59990,2026-07-27,sku,BGBLK18BLACK,10164,bonglab/headshot,3,si,no,of183:Headshot Black-Bonglab,1.00,https://astrogrowshop.cl/headshot-bonglab?variant=Negro
31433,astrogrowshop,Bongbastic -Bonglab - verde,51990,2026-07-27,sku,BGBLK276GREEN,5520,bonglab/bongbastic,4,si,si,of189:Bongbastic -Bonglab,1.00,https://astrogrowshop.cl/bongbastic-k276-bonglab?variant=verde
31302,astrogrowshop,Classic Ice Pro-Bonglab - verde,37990,2026-07-27,sku,BGBLK288GREEN,5772,bonglab/classic-ice-pro,3,si,no,of25:Classic Ice Pro-Bonglab,1.00,https://astrogrowshop.cl/classic-ice-pro-k288-bonglab?variant=verde
31357,astrogrowshop,Big Blow-Bonglab - Morado,66990,2026-07-27,sku,BGBLK41PURPLE,5519,bonglab/big-blow,4,si,si,of2549:Big Blow-Bonglab,1.00,https://astrogrowshop.cl/big-blow-k41-bonglab?variant=Morado
31654,astrogrowshop,Heavy Trash -Bonglab - verde,74990,2026-07-27,sku,BGBLK42GREEN,5774,bonglab/heavy-trash,3,si,no,of2608:Heavy Trash -Bonglab,1.12,https://astrogrowshop.cl/heavy-trash-bonglab?variant=verde
31763,astrogrowshop,Mercurial KH1-Bonglab - azul,47990,2026-07-27,sku,BGBLKH1BLUE,10167,bonglab/mercurial,4,si,si,of182:Mercurial KH1-Bonglab,1.00,https://astrogrowshop.cl/mercurial-bonglab?variant=azul
31733,astrogrowshop,Tiny Bell -Bonglab - CLEAR,15990,2026-07-27,sku,BGBLKM4CLEAR,5778,bonglab/tiny-bell,4,si,si,of26:Tiny Bell -Bonglab,1.00,https://astrogrowshop.cl/tiny-bell-bonglab?variant=CLEAR
31669,astrogrowshop,Little Buchner-Bonglab - Negro,20990,2026-07-27,sku,BGBLKS10BLACK,5777,bonglab/little-buchner,4,si,si,of74:Little Buchner-Bonglab,1.00,https://astrogrowshop.cl/little-buchner-bonglab?variant=Negro
31621,astrogrowshop,Classic Ice 26Cm-Bonglab - AMBAR,20990,2026-07-27,sku,BGBLKS11AMBER,5773,bonglab/classic-ice,4,si,si,of80:Classic Ice 26Cm-Bonglab,1.00,https://astrogrowshop.cl/classic-ice-bonglab?variant=AMBAR
31270,astrogrowshop,Quemador Bowl Chico Hembra 14 Mm -Bonglab - CLEAR,4990,2026-07-27,sku,BGBLP43LCL,5749,bonglab/bowl-bowl-14mm,3,si,no,of773:Quemador Bowl Chico Hembra 14 Mm -Bonglab,1.00,https://astrogrowshop.cl/quemador-bowl-chico-hembra-14-mm-bonglab?variant=CLEAR
32164,astrogrowshop,Atrapa Ceniza Perc 18Mm -Bonglab - Rosa,24990,2026-07-10,sku,BGBLP99L18PI,10718,bonglab/atrapa-cenizas-slits-18mm,4,si,si,of78088:Atrapa Ceniza Perc 18Mm -Bonglab - PINK,1.00,https://astrogrowshop.cl/atrapa-ceniza-perc-18mm-bonglab?variant=Rosa
78085,astrogrowshop,Atrapa Ceniza Perc 18Mm -Bonglab - PURPLE,24990,2026-07-27,sku,BGBLP99L18PL,10718,bonglab/atrapa-cenizas-slits-18mm,4,si,si,of12214:Atrapa Ceniza Perc 18Mm -Bonglab,1.00,https://astrogrowshop.cl/atrapa-ceniza-perc-18mm-bonglab?variant=PURPLE
31289,astrogrowshop,Quemador Macho Simple 10 Mm - Bonglab - azul,3990,2026-07-27,sku,BGBLQMS10MMBLU,10259,bonglab/bowl-simple-10mm,3,si,no,of12205:Quemador Macho Simple 10 Mm - Bonglab,1.00,https://astrogrowshop.cl/quemador-macho-simple-10-mm-bonglab?variant=azul
31413,astrogrowshop,Quemador Perlas Macho 14Mm - Bonglab - azul,5990,2026-07-27,sku,BGBLQP14MMBLU,10256,bonglab/bowl-perlas-14mm,2,si,no,of12328:Quemador Perlas Macho 14Mm - Bonglab,1.00,https://astrogrowshop.cl/quemador-perlas-14mm-bonglab?variant=azul
31337,astrogrowshop,Quemador Perlas Macho 18 Mm -Bonglab - azul,5990,2026-07-27,sku,BGBLQP18MMBLU,10257,bonglab/bowl-perlas-18mm,3,si,no,of12278:Quemador Perlas Macho 18 Mm -Bonglab,1.00,https://astrogrowshop.cl/quemador-perlas-18-mm-bonglab?variant=azul
31446,astrogrowshop,R3 Mini-Bonglab - verde,27990,2026-07-27,sku,BGBLR3GREEN,5529,bonglab/r3-mini,4,si,si,of66:R3 Mini-Bonglab,1.17,https://astrogrowshop.cl/r3-mini-bonglab?variant=verde
31569,astrogrowshop,The Trash Big Logo-Bonglab - Ámbar,53990,2026-07-27,sku,BGBLRO1229AMBER,5790,bonglab/trash-big-logo,2,si,no,of3655:The Trash Big Logo-Bonglab,1.00,https://astrogrowshop.cl/the-trash-big-logo-bonglab?variant=%C3%81mbar
31717,astrogrowshop,Saucer Rig-Bonglab - Negro,29990,2026-07-27,sku,BGBLS1253BLK,10487,bonglab/saucer-rig-13cm,3,si,no,of17171:Saucer Rig-Bonglab,1.20,https://astrogrowshop.cl/saucer-rig-bonglab?variant=Negro
31679,astrogrowshop,Mad Professor - Bonglab - Blanco,51990,2026-07-27,sku,BGBLSH432WHT,5522,bonglab/mad-professor,4,si,si,of68:Mad Professor - Bonglab,1.06,https://astrogrowshop.cl/mad-professor-bonglab?variant=Blanco
31385,astrogrowshop,Fat Candy -Bonglab - Negro Humo,25990,2026-07-27,sku,BGBLW06BLACK,5340,bonglab/fat-candy,4,si,si,of185:Fat Candy -Bonglab,1.00,https://astrogrowshop.cl/fat-candy-25cm-bonglab?variant=Negro%20Humo
31626,astrogrowshop,Color Cube-Bonglab - AMBAR,22990,2026-07-27,sku,BGBLX2AMBER,5535,bonglab/color-cube,4,si,si,of2605:Color Cube-Bonglab,1.00,https://astrogrowshop.cl/color-cube-bonglab?variant=AMBAR
31701,astrogrowshop,Pocket Bell -Bonglab - AMBAR,23990,2026-07-27,sku,BGBLX5AMBAR,5528,bonglab/pocket-bell,4,si,si,of2614:Pocket Bell -Bonglab,1.04,https://astrogrowshop.cl/pocket-bell-bonglab?variant=AMBAR
76819,astrogrowshop,Heavy Gear -Cabo - BLACK,9990,2026-07-27,sku,BGCBHGBLK,6772,cabo/gear-heavy,4,si,si,of9006:Heavy Gear -Cabo,1.00,https://astrogrowshop.cl/heavy-gear-cabo?variant=BLACK
76839,astrogrowshop,Hitter Signature- Calvo Glass - BLACK,1990,2026-07-27,sku,BGCGDHTSG1U,6010,calvo/hitter,3,si,no,of9052:Hitter Signature- Calvo Glass,1.00,https://astrogrowshop.cl/hitter-signature-calvo-glass?variant=BLACK
31347,astrogrowshop,Quemador Perlas Macho 18Mm-Calvo Glass - azul,7990,2026-07-27,sku,BGCLPERBLUE18MM,5748,calvo/bowl-perlas-18mm,4,si,si,of2548:Quemador Perlas Macho 18Mm-Calvo Glass,1.14,https://astrogrowshop.cl/quemador-perlas-18mm-calvo-glass?variant=azul
31496,astrogrowshop,Quemador Honeycomb Macho 14Mm - azul,4990,2026-07-28,sku,BGQHC14MMBLU,5746,bonglab/bowl-honeycomb-14mm,4,si,si,of2580:Quemador Honeycomb Macho 14Mm,1.00,https://astrogrowshop.cl/quemador-honeycomb-macho-14mm?variant=azul
33853,fumetas,Bonglab Bong The Trash Big Logo 45cm - Turquesa,59990,2026-07-21,sku,BLAB-1229T,5790,bonglab/trash-big-logo,2,si,no,of2982:Bonglab Bong The Trash Big Logo 45cm,1.00,https://fumetas.cl/bonglab-bong-the-trash-big-logo-45cm?variant=Turquesa
34642,fumetas,BongLab AtrapaCenizas Triple HoneyComb - Macho 14mm - Azul,22990,2026-07-21,sku,BLAB-ATRTRIPA14,10309,bonglab/atrapa-cenizas-triple-honeycomb-14mm,5,si,si,of13156:BongLab AtrapaCenizas Triple HoneyComb - Macho 14mm,1.00,https://fumetas.cl/bonglab-atrapacenizas-triple-honeycomb-macho-14mm?variant=Azul
34958,fumetas,Bonglab Bong The Sheikh 42cm - Negro,75990,2026-07-21,sku,BLAB-B1307CB,5530,bonglab/sheikh,4,si,si,of13285:Bonglab Bong The Sheikh 42cm,1.00,https://fumetas.cl/bonglab-bong-the-sheikh-42cm?variant=Negro
651,fumetas,Bonglab Atrapa cenizas Slits macho 14mm 90°,29990,2026-06-13,sku,BLAB-GP99BL,10717,bonglab/atrapa-cenizas-slits-14mm,3,si,no,of34633:Bonglab Atrapa cenizas Slits macho 14mm 90° - Negro,1.00,https://fumetas.cl/bonglab-atrapacenizas-slits-macho-14mm-90
33927,fumetas,Bonglab Bong Handy Rig 14cm - Negro,30990,2026-07-21,sku,BLAB-HARN,10218,bonglab/handy-rig,4,si,si,of13278:Bonglab Bong Handy Rig 14cm,1.00,https://fumetas.cl/bonglab-bong-handy-rig-14cm?variant=Negro
34973,fumetas,Bonglab K275 Bubbler Kush 50cm - Azul,87990,2026-07-21,sku,BLAB-K275A,5339,bonglab/bubbler-kush,4,si,si,of6342:Bonglab K275 Bubbler Kush 50cm,1.00,https://fumetas.cl/bonglab-k275-bubbler-kush-50cm?variant=Azul
34065,fumetas,Bonglab Bong K276 Bongbastic 45cm - Azul,67990,2026-07-21,sku,BLAB-K276A,5520,bonglab/bongbastic,4,si,si,of2030:Bonglab Bong K276 Bongbastic 45cm,1.00,https://fumetas.cl/bonglab-bongbastic-k276?variant=Azul
34239,fumetas,Bonglab Bong Lucky Goblin - Rosado,29990,2026-07-21,sku,BLAB-K293P,10538,bonglab/lucky-goblin,2,si,no,of18523:Bonglab Bong Lucky Goblin,1.00,https://fumetas.cl/bonglab-bong-lucky-goblin?variant=Rosado
34377,fumetas,Bonglab Bong Pyrex K41 Big Blow 46cm - Azul,66990,2026-07-21,sku,BLAB-K41A,5519,bonglab/big-blow,4,si,si,of1233:Bonglab Bong Pyrex K41 Big Blow 46cm,1.00,https://fumetas.cl/bonglab-bong-pyrex-k41-big-blow-purple-46cm?variant=Azul
34952,fumetas,BongLab Bong KH1 Mercurial 24cm - Tornasol,47990,2026-07-21,sku,BLAB-KH1T,10167,bonglab/mercurial,4,si,si,of13280:BongLab Bong KH1 Mercurial 24cm,1.00,https://fumetas.cl/bonglab-bong-kh1-mercurial-24cm?variant=Tornasol
37482,fumetas,Bonglab Bong KS10 Little Buchner 25cm - Rosado,22990,2026-07-10,sku,BLAB-KS10R,5777,bonglab/little-buchner,4,si,si,of20189:Bonglab Bong KS10 Little Buchner 25cm,1.00,https://fumetas.cl/smokeshop/bongs-y-pipas/bongs/bonglab-ks10-little-buchner?variant=Rosado
34671,fumetas,Bonglab Bong KS11 Classic Ice 26cm - Negro,22990,2026-07-21,sku,BLAB-KS11N,5773,bonglab/classic-ice,4,si,si,of13168:Bonglab Bong KS11 Classic Ice 26cm,1.00,https://fumetas.cl/bonglab-bong-ks11-classic-ice-26cm?variant=Negro
36508,fumetas,Polera Bonglab Smoker Life - L,21990,2026-07-21,sku,BLAB-PSMLL,10598,bonglab/polera-smoker-life,2,si,no,of19792:Polera Bonglab Smoker Life,1.00,https://fumetas.cl/polera-bonglab-smoker-life?variant=L
33992,fumetas,Bonglab Quemador Perlas - Macho 18mm - Rosado,4890,2026-07-21,sku,BLAB-QEP18MR,10257,bonglab/bowl-perlas-18mm,3,si,no,of12848:Bonglab Quemador Perlas - Macho 18mm,1.00,https://fumetas.cl/bonglab-quemador-perlas-macho-18mm?variant=Rosado
33976,fumetas,BongLab Quemador Honeycomb Macho 18mm - Morado,5990,2026-07-21,sku,BLAB-QHOM14MP,5747,bonglab/bowl-honeycomb-18mm,5,si,si,of2021:BongLab Quemador Honeycomb Macho 18mm,1.00,https://fumetas.cl/bonglab-quemador-honeycomb-macho-18mm?variant=Morado
33944,fumetas,BongLab Bong R3 Mini 10.5cm - Rosado,24990,2026-07-21,sku,BLAB-R3R,5529,bonglab/r3-mini,4,si,si,of2016:BongLab Bong R3 Mini 10.5cm,1.00,https://fumetas.cl/bonglab-bong-r3-mini-105cm?variant=Rosado
34502,fumetas,BongLab Bong W06 Fat Candy 25cm - Negro,30990,2026-07-21,sku,BLAB-W06N,5340,bonglab/fat-candy,4,si,si,of2983:BongLab Bong W06 Fat Candy 25cm,1.00,https://fumetas.cl/bonglab-bong-w06-fat-candy-25-cm?variant=Negro
34677,fumetas,Bonglab Bong X2 Color Cube 23cm - Verde,25990,2026-07-21,sku,BLAB-X2GR,5535,bonglab/color-cube,4,si,si,of13170:Bonglab Bong X2 Color Cube 23cm,1.00,https://fumetas.cl/bonglab-bong-x2-colo-cube-23cm?variant=Verde
34417,fumetas,BongLab Bong X5 Pocket Bell 17cm - Rosado,25990,2026-07-21,sku,BLAB-X5R,5528,bonglab/pocket-bell,4,si,si,of1244:BongLab Bong X5 Pocket Bell 17cm,1.00,https://fumetas.cl/bonglab-bong-x5-pocket-bell-17cm?variant=Rosado
31399,astrogrowshop,Quemador Hembra 14Mm -Bonglab - Negro,4990,2026-07-27,sku,BLBGP1LFLBK,10363,bonglab/quemador-hembra-14mm,1,si,no,of12325:Quemador Hembra 14Mm -Bonglab,1.00,https://astrogrowshop.cl/quemador-hembra-14mm-bonglab?variant=Negro
78080,astrogrowshop,Atrapa Ceniza Perc 14Mm -Bonglab - PURPLE,24990,2026-07-27,sku,BLBGP99LPL,10717,bonglab/atrapa-cenizas-slits-14mm,3,si,no,of12213:Atrapa Ceniza Perc 14Mm -Bonglab,1.00,https://astrogrowshop.cl/atrapa-ceniza-perc-14mm-bonglab?variant=PURPLE
35252,fumetas,Blunt Wrap Platinum x2 - Apple Martini,990,2026-07-21,sku,BLUWR-AM,8638,blunt-wrap/wrap-platinum-2u,2,si,no,of2043:Blunt Wrap Platinum x2,1.00,https://fumetas.cl/blunt-wrap-platinum-x2?variant=Apple%20Martini
33621,fumetas,Blazy Susan Moledor Contenedor Mini Herb Saver Lila - Susan,13390,2026-07-21,sku,BLZS-CMLISU,5510,blazy-susan/herb-saver-mini,3,si,no,of2042:Blazy Susan Moledor Contenedor Mini Herb Saver Lila,1.00,https://fumetas.cl/blazy-susan-moledor-contenedor-herb-saver-lila?variant=Susan
36034,fumetas,Cenicero bulldog metálico - Black,1990,2026-07-21,sku,BULL-CEBLK,10335,the-bulldog/cenicero-metalico,3,si,no,of629:Cenicero bulldog metálico,1.00,https://fumetas.cl/cenicero-bulldog-metalico?variant=Black
33545,fumetas,Moledor plástico Bulldog 3 partes 60mm - Negro,2490,2026-07-28,sku,BULL-MOLPLN,10096,the-bulldog/plastic-3-partes-63mm,3,si,no,of2024:Moledor plástico Bulldog 3 partes 60mm,1.00,https://fumetas.cl/moledor-plastico-bulldog-3-partes?variant=Negro
37526,fumetas,Calvo Batería Hide Cartridge 510 - Negro,24990,2026-07-21,sku,CG-BHINE,10710,calvo/bateria-hide-510,2,si,no,of20214:Calvo Batería Hide Cartridge 510,1.00,https://fumetas.cl/calvo-bateria-hide-cartridge-510?variant=Negro
34718,fumetas,Calvo Glass Bee Rig Lite 19cm - Amarillo,29990,2026-07-21,sku,CG-CG2AM,10223,calvo/bee-lite,2,si,no,of13192:Calvo Glass Bee Rig Lite 19cm,1.00,https://fumetas.cl/calvo-glass-bee-rig-lite-19cm?variant=Amarillo
34443,fumetas,Calvo Glass Quemador Pyrex - Macho 14mm - Negro,3490,2026-07-21,sku,CG-ESBW055BK,5751,calvo/bowl-14mm,3,si,no,of2949:Calvo Glass Quemador Pyrex - Macho 14mm,1.00,https://fumetas.cl/calvo-glass-quemador-pyrex-macho-14mm?variant=Negro
35312,fumetas,Calvo Pipa Hitter 12mm - Negro,1990,2026-07-21,sku,CG-H-12NE,6010,calvo/hitter,3,si,no,of8124:Calvo Pipa Hitter 12mm,1.00,https://fumetas.cl/calvo-pipa-hitter-12mm?variant=Negro
33664,fumetas,Moledor Calvo Lite Aluminio 63mm - Turquesa,17990,2026-07-21,sku,CG-MALI63T,5504,calvo/lite-aluminio-63mm,3,si,no,of1530:Moledor Calvo Lite Aluminio 63mm,1.00,https://fumetas.cl/moledor-calvo-lite-aluminio-63mm?variant=Turquesa
34775,fumetas,Calvo Glass Quemador Perlas - Macho 18mm - Amarillo,6890,2026-07-21,sku,CG-QPCG18Y,5748,calvo/bowl-perlas-18mm,4,si,si,of13209:Calvo Glass Quemador Perlas - Macho 18mm,1.00,https://fumetas.cl/calvo-glass-quemador-perlas-macho-18mm?variant=Amarillo
34999,fumetas,Calvo Glass Bong Esencial 22cm - Verde,34990,2026-07-21,sku,CG-ZL1G,10374,calvo/essential-22cm,2,si,no,of13305:Calvo Glass Bong Esencial 22cm,1.00,https://fumetas.cl/calvo-glass-bong-shower-23cm?variant=Verde
34457,fumetas,Dime Bags Estuche The Boss Con Clave Anti-Olor 25cm - Negro,35990,2026-07-21,sku,DBG-BOSS25NE,10490,dime-bags/the-boss-25cm,2,si,no,of13318:Dime Bags Estuche The Boss Con Clave Anti-Olor 25cm,1.00,https://fumetas.cl/dime-bags-estuche-the-boss-con-clave-anti-olor-25cm?variant=Negro
34094,fumetas,Quemador Generico Honeycomb Macho 14mm - Ámbar,4990,2026-07-21,sku,GEN-QMAC14A,5746,bonglab/bowl-honeycomb-14mm,4,si,si,of462:Quemador Generico Honeycomb Macho 14mm,1.00,https://fumetas.cl/quemador-generico-honeycomb-macho-14mm?variant=%C3%81mbar
33557,fumetas,Moledor Galaxy Cerámico 60mm - Negro,31990,2026-07-28,sku,GLXY-MCN,10082,galaxy/ceramic-60mm,4,si,si,of4626:Moledor Galaxy Cerámico 60mm,1.00,https://fumetas.cl/moledor-galaxy-ceramico-60mm?variant=Negro
33673,fumetas,Moledor Galaxy Aluminio 73 mm - Rojo,31990,2026-07-21,sku,GLXY-MGRRO,5356,galaxy/aluminio-73mm,4,si,si,of474:Moledor Galaxy Aluminio 73 mm,1.00,https://fumetas.cl/moledor-galaxy-73-mm-aluminio?variant=Rojo
33553,fumetas,Moledor Galaxy Aluminio 63mm - Rojo,20990,2026-07-28,sku,GLXY-MOAR,10671,galaxy/lightning-63mm,4,si,si,of1552:Moledor Galaxy Lightning Aluminio 63mm,0.87,https://fumetas.cl/moledor-galaxy-aluminio-63mm?variant=Rojo
33698,fumetas,Moledor Galaxy Pro Model 63mm - Negro,34990,2026-07-21,sku,GLXY-PRMNE,5502,galaxy/new-pro-model,4,si,si,of1563:Moledor Galaxy Pro Model 63mm,1.00,https://fumetas.cl/moledor-galaxy-pro-model-60mm?variant=Negro
36824,fumetas,G Pen Glass Adapter Connect - 18mm,15790,2026-07-21,sku,GRC-ADP18,10608,g-pen/connect-glass-adapter-18mm,2,si,no,of25916:G Pen Glass Adapter Connect,1.00,https://fumetas.cl/grenco-glass-adapter-connect-black-g-pen?variant=18mm
37028,fumetas,G-Rollz Blunt Pre Rolled Hemp Wrap x2 - Sabores - Strawberry,1990,2026-07-21,sku,GRZ-BLX2ST,10557,g-rollz/blunt-pre-rolled-hemp-wrap-x2,2,si,no,of20003:G-Rollz Blunt Pre Rolled Hemp Wrap x2 - Sabores,1.00,https://fumetas.cl/g-rollz-pre-rolled-hemp-wrap-sabores?variant=Strawberry
34072,fumetas,G-Rollz Blunt Hemp Wrap x4 - Slow Burning - Green Funk,1990,2026-07-21,sku,GRZ-BSBGF,10381,g-rollz/blunt-hemp-wrap-x4,3,si,no,of12889:G-Rollz Blunt Hemp Wrap x4 - Slow Burning,1.00,https://fumetas.cl/g-rollz-blunt-hemp-wrap-x4-slow-burning?variant=Green%20Funk
37177,fumetas,Hemper Hemp Rolls + Glass Tips Mini Size - Sabores - Natural,7290,2026-07-21,sku,HMP-HRTNA,10368,hemper/hemp-rolls-glass-tips-mini,2,si,no,of461:Hemper Hemp Rolls + Glass Tips Mini Size - Sabores,1.00,https://fumetas.cl/hemper-hemp-rolls-glass-tips-sabores?variant=Natural
8122,fumetas,Hemper Quick Hitter Multiuso x2,4390,2026-06-13,sku,HMP-QHBLU,10729,hemper/quick-hitter-x2-arandano,2,si,no,of34022:Hemper Quick Hitter Multiuso x2 - Blueberry,1.00,https://fumetas.cl/hemper-quick-hitter-multiuso-x2
37183,fumetas,Hemper Quick Tips - Boquillas Con Sabor - Uva,5190,2026-07-21,sku,HMP-QTIMIUV,10382,hemper/quick-tips-uva,2,si,no,of627:Hemper Quick Tips - Boquillas Con Sabor,1.00,https://fumetas.cl/hemper-quick-tips-boquillas-con-sabor?variant=Uva
33033,astrogrowshop,Soplete Compact -Ignite - Amarillo,21990,2026-07-10,sku,HYAIGNCOMYELL,10665,ignite/compact,4,si,si,of77631:Soplete Compact -Ignite - YELLOW,1.00,https://astrogrowshop.cl/soplete-compact-ignite?variant=Amarillo
32898,astrogrowshop,Soplete X-Mini -Ignite - Verde,16990,2026-07-10,sku,HYAIGNXMIGRN,10664,ignite/x-mini,3,si,no,of77503:Soplete X-Mini -Ignite - GREEN,1.00,https://astrogrowshop.cl/soplete-x-mini-ignite?variant=Verde
32901,astrogrowshop,Soplete X-Mini -Ignite - Rojo,16990,2026-07-10,sku,HYAIGNXMIRED,10664,ignite/x-mini,3,si,no,of77506:Soplete X-Mini -Ignite - RED,1.00,https://astrogrowshop.cl/soplete-x-mini-ignite?variant=Rojo
1151,astrogrowshop,4 Pcs Grinder -Blazy Susan,34990,2026-06-30,sku,MLBS4PCSPINK,10734,blazy-susan/aluminio-60mm-4-partes,2,si,no,of31024:4 Pcs Grinder -Blazy Susan - Rosa,1.00,https://astrogrowshop.cl/4-pcs-grinder-blazy-susan
88829,friendlygrow,Vaporizador Bateria Airis Mystica Max Para Cartuchos - Aleatorio,12000,2026-07-24,sku,MLC2966260422,10681,airistech/bateria-mystica-max,3,si,no,of88826:Vaporizador Bateria Airis Mystica Max Para Cartuchos - Lime Green,1.00,https://www.friendlygrow.cl/vaporizador-bateria-airis-mystica-max-para-cartridges?variant=Aleatorio
31207,astrogrowshop,Moledor 73MM -Galaxy - Negro,28990,2026-07-27,sku,MLGAAL4P76MMBLK,5356,galaxy/aluminio-73mm,4,si,si,of4424:Moledor 73MM -Galaxy,1.00,https://astrogrowshop.cl/moledor-73mm-galaxy?variant=Negro
29053,astrogrowshop,Ceramics Pocket Grinder -Galaxy - Negro,29990,2026-07-27,sku,MLGACERPOBLK,5792,galaxy/pocket-ceramic,2,si,no,of4431:Ceramics Pocket Grinder -Galaxy,1.07,https://astrogrowshop.cl/ceramics-pocket-grinder-galaxy?variant=Negro
30966,astrogrowshop,Ceramics Grinder -Galaxy - Morado,32990,2026-07-27,sku,MLGACERPURP,10082,galaxy/ceramic-60mm,4,si,si,of4712:Ceramics Grinder -Galaxy,1.00,https://astrogrowshop.cl/ceramics-grinder-galaxy?variant=Morado
31171,astrogrowshop,Moledor 38MM-Galaxy - Negro,15990,2026-07-27,sku,MLGAGR38BLA,5512,galaxy/aluminio-38mm,2,si,no,of4419:Moledor 38MM-Galaxy,1.00,https://astrogrowshop.cl/moledor-38mm-galaxy?variant=Negro
31180,astrogrowshop,Moledor 55MM-Galaxy - Negro,18990,2026-07-27,sku,MLGAGR55BLA,5507,galaxy/aluminio-55mm,2,si,no,of4420:Moledor 55MM-Galaxy,1.00,https://astrogrowshop.cl/moledor-55mm-galaxy?variant=Negro
31198,astrogrowshop,Moledor 63MM -Galaxy - Rosa,21990,2026-07-27,sku,MLGAGR63PINK,5499,galaxy/aluminio-63mm,3,si,no,of27:Moledor 63MM -Galaxy,1.00,https://astrogrowshop.cl/moledor-63mm-galaxy?variant=Rosa
30998,astrogrowshop,Moledor New Pro Model Grinder V2.0-Galaxy - SHADOW,30990,2026-07-27,sku,MLGAPRMOBLK,5502,galaxy/new-pro-model,4,si,si,of1139:Moledor New Pro Model Grinder V2.0-Galaxy,1.03,https://astrogrowshop.cl/new-pro-model-grinder-v20-galaxy?variant=SHADOW
34290,fumetas,Ozeta Estuche grande - Anti-olor - Morado,36990,2026-07-21,sku,OZTA-EGPU,5761,ozeta/case-antiolor-large,5,si,si,of18550:Ozeta Estuche grande - Anti-olor,1.00,https://fumetas.cl/ozeta-estuche-grande?variant=Morado
34298,fumetas,Ozeta Estuche pequeño - Anti-olor - Negro,28990,2026-07-21,sku,OZTA-EPB,5765,ozeta/case-antiolor-small,5,si,si,of18552:Ozeta Estuche pequeño - Anti-olor,1.00,https://fumetas.cl/ozeta-estuche-pequeno?variant=Negro
19516,fumetas,Ozeta Estuches Ywiwis Anti - Olor,27990,2026-06-13,sku,OZTA-GOLLO,7885,ozeta/case-ywiwis,4,si,si,of36121:Ozeta Estuches Ywiwis Anti - Olor - Gollo,1.00,https://fumetas.cl/ozeta-estuches-ywiwis-anti-olor
37072,fumetas,Ozeta Muslera Con Clave - Anti Olor - Negro,48990,2026-07-21,sku,OZTA-MUSBLA,5782,ozeta/bag-legbag,5,si,si,of20033:Ozeta Muslera Con Clave - Anti Olor,1.00,https://fumetas.cl/ozeta-muslera?variant=Negro
37251,fumetas,Pulsar 510 DL Scribe Lápiz para Cartridge - Celeste,24990,2026-07-21,sku,PLSR-510DLSLC,10861,pulsar/510-dl-scribe-negro,2,si,no,of20118:Pulsar 510 DL Scribe Lápiz para Cartridge,1.00,https://fumetas.cl/pulsar-510-dl-scribe-lapiz-para-cartridge?variant=Celeste
33598,fumetas,PieceMaker Pipa Kuban 11 cm - Oscuro,21990,2026-07-21,sku,PMG-PKUBOS,6011,piecemaker/kuban,2,si,no,of5582:PieceMaker Pipa Kuban 11 cm,1.00,https://fumetas.cl/pmg-pipa-kuban-11cm?variant=Oscuro
30978,astrogrowshop,Pipa Silicona Pocket Travel -Top Smoke - BLUE GLACIER,8990,2026-07-27,sku,PPTSPTRBLGL,5489,top-smoke/pocket-travel,3,si,no,of9051:Pipa Silicona Pocket Travel -Top Smoke,1.00,https://astrogrowshop.cl/pipa-silicona-pocket-travel-top-smoke?variant=BLUE%20GLACIER
36523,fumetas,Raw Gorro de Lana - Negro,17990,2026-07-21,sku,RAW-GDLN,10430,raw/gorro-lana,2,si,no,of19803:Raw Gorro de Lana,1.00,https://fumetas.cl/raw-gorro-de-lana?variant=Negro
35948,fumetas,Special Blue Encendedor Soplete Bernie Anime - Akatsuki,3990,2026-07-21,sku,SB-BERANAK,10483,special-blue/bernie-wild-free,3,si,no,of19423:Special Blue Encendedor Soplete Bernie Anime,1.00,https://fumetas.cl/special-blue-encendedor-soplete-bernie-anime?variant=Akatsuki
35804,fumetas,"Special Blue Encendedor Soplete Bernie Skull &amp; Roses - Cthulhu Ramen",3990,2026-07-21,sku,SB-BERPSRCR,10483,special-blue/bernie-wild-free,3,si,no,"of19346:Special Blue Encendedor Soplete Bernie Skull &amp; Roses",1.00,https://fumetas.cl/special-blue-encendedor-soplete-bernie-skull-roses?variant=Cthulhu%20Ramen
35952,fumetas,Special Blue Encendedor Soplete Bernie Psychedelic - Smile,3990,2026-07-21,sku,SB-BERPSSM,10483,special-blue/bernie-wild-free,3,si,no,of19424:Special Blue Encendedor Soplete Bernie Psychedelic,1.00,https://fumetas.cl/special-blue-encendedor-soplete-bernie-psychedelic?variant=Smile
37488,fumetas,Soulblime Bolsa Hermética Diseños - Monstruos,990,2026-07-10,sku,SBL-BHMOS,10527,soulblime/bolsa-hermetica,2,si,no,of20191:Soulblime Bolsa Hermética Diseños,1.00,https://fumetas.cl/soulblime-bolsa-hermetica-disenos?variant=Monstruos
36151,fumetas,Soulblime Contenedor con Tapa-Bandeja - Monstruos,3190,2026-07-21,sku,SBL-CONTBM,10546,soulblime/contenedor-tapa-bandeja,3,si,no,of19531:Soulblime Contenedor con Tapa-Bandeja,1.00,https://fumetas.cl/soulblime-contenedor-con-tapa-bandeja?variant=Monstruos
33627,fumetas,Soulblime Tarjeta Moledor - Ojo,2990,2026-07-21,sku,SBL-TMO,6003,soulblime/tarjeta,3,si,no,of4661:Soulblime Tarjeta Moledor,1.00,https://fumetas.cl/soulblime-tarjeta-moledor?variant=Ojo
35943,fumetas,Smokus Focus Contenedor Luz + Lupa Comet - Negro,9990,2026-07-21,sku,SF-CCOMN,10524,smokus-focus/comet,2,si,no,of654:Smokus Focus Contenedor Luz + Lupa Comet,1.00,https://fumetas.cl/smokus-focus-contenedor-luz-lupa-comet?variant=Negro
36570,fumetas,Sploofy Pro Filtro Personal - Aqua,29990,2026-07-28,sku,SPLF-PROAQ,10528,sploofy/pro,4,si,si,of12992:Sploofy Pro Filtro Personal,1.00,https://fumetas.cl/sploofy-pro-filtro-personal?variant=Aqua
31639,astrogrowshop,Estuche Grande -Ozeta - Rosa,30990,2026-07-10,sku,TXOZESGM,5761,ozeta/case-antiolor-large,5,si,si,of77545:Estuche Grande -Ozeta - PINK,1.00,https://astrogrowshop.cl/estuche-grande-ozeta?variant=Rosa
31643,astrogrowshop,Estuche Mediano -Ozeta - Rosa,27990,2026-07-10,sku,TXOZESMM,5764,ozeta/case-antiolor-medium,3,si,no,of77549:Estuche Mediano -Ozeta - PINK,1.00,https://astrogrowshop.cl/estuche-mediano-ozeta?variant=Rosa
77704,astrogrowshop,Estuche Roller Wallet -Ryot - BLACK,23990,2026-07-27,sku,TXRTROWTBLACK,10447,ryot/roller-wallet,2,si,no,of18134:Estuche Roller Wallet -Ryot,1.00,https://astrogrowshop.cl/estuche-roller-wallet-ryot?variant=BLACK
32374,astrogrowshop,BATERIA 510 ESCONDIDA 650MAH - CALVO GLASS - Rosa,24990,2026-07-24,sku,VPCGB510E650PNK,10710,calvo/bateria-hide-510,2,si,no,of91501:BATERIA 510 ESCONDIDA 650MAH - CALVO GLASS - PINK,1.00,https://astrogrowshop.cl/bateria-510-escondida-650mah-calvo-glass?variant=Rosa
12344,astrogrowshop,Bateria 510 Led 400Mah Black-Calvo Glass,15990,2026-07-27,sku,VPCGB510LEDBLK,10531,calvo/bateria-led-cartridge-510,2,si,no,of32377:Bateria 510 Led 400Mah -Calvo Glass - Negro,1.00,https://astrogrowshop.cl/bateria-510-led-400mah-black-calvo-glass
32232,astrogrowshop,Vaporizador Da Vinci Iq3 (Onyx/Blue/Purple/Grey) - Negro,228990,2026-07-28,sku,VPDVIQ3ONX,9244,davinci/iq3,3,si,no,of734:Vaporizador Da Vinci Iq3 (Onyx/Blue/Purple/Grey),1.00,https://astrogrowshop.cl/vaporizador-da-vinci-iq3-onyx?variant=Negro
91114,astrogrowshop,Soplete Honest -Dynavap - CLEAR,10990,2026-07-27,sku,VPDYNSOHOCLR,10441,dynavap/honest-torch,3,si,no,of17995:Soplete Honest -Dynavap,1.00,https://astrogrowshop.cl/soplete-honest-dynavap?variant=CLEAR
31606,astrogrowshop,VAPORIZADOR AERIS -FOCUS V - Negro,199990,2026-07-27,sku,VPFVAERISBLK,10435,focus-v/aeris,3,si,no,of17148:VAPORIZADOR AERIS -FOCUS V,1.00,https://astrogrowshop.cl/vaporizador-aeris-focus-v?variant=Negro
31572,astrogrowshop,VAPORIZADOR CARTA SPORT -FOCUS V - Naranjo,269790,2026-07-27,sku,VPFVCSORG,10321,focus-v/carta-sport,3,si,no,of12634:VAPORIZADOR CARTA SPORT -FOCUS V,1.00,https://astrogrowshop.cl/vaporizador-carta-sport-focus-v?variant=Naranjo
92270,astrogrowshop,Vaporizador Esencias Xlim Go Dark -Oxva - BLACK,24990,2026-07-27,sku,VPOXVEXLIMGBLK,10841,oxva/xlim-go,2,si,no,of33075:Vaporizador Esencias Xlim Go Dark -Oxva - Negro,1.00,https://astrogrowshop.cl/vaporizador-esencias-xlim-go-dark-oxva?variant=BLACK
33074,astrogrowshop,Vaporizador Esencias Xlim Go Dark -Oxva - Gris,24990,2026-07-27,sku,VPOXVEXLIMGDGRY,10841,oxva/xlim-go,2,si,no,of18009:Vaporizador Esencias Xlim Go Dark -Oxva,1.00,https://astrogrowshop.cl/vaporizador-esencias-xlim-go-dark-oxva?variant=Gris
92269,astrogrowshop,Vaporizador Esencias Xlim Go Dark -Oxva - GREY,24990,2026-07-27,sku,VPOXVEXLIMGDGRY,10841,oxva/xlim-go,2,si,no,of18009:Vaporizador Esencias Xlim Go Dark -Oxva,1.00,https://astrogrowshop.cl/vaporizador-esencias-xlim-go-dark-oxva?variant=GREY
17208,astrogrowshop,New Peak Pro (Color a elección)-Puffco,549990,2026-07-27,sku,VPPFK1BLACK,10653,puffco/new-peak-pro,3,si,no,of17207:New Peak Pro Onyx-Puffco,1.18,https://astrogrowshop.cl/new-peak-pro-pearl-puffco
31839,astrogrowshop,New Peak (Color a elección) -Puffco - ONYX,349990,2026-07-27,sku,VPPFNPONX,10648,puffco/new-peak-onyx,3,si,no,of17218:New Peak (Color a elección) -Puffco,1.11,https://astrogrowshop.cl/new-peak-onyx-puffco?variant=ONYX
31794,astrogrowshop,New Peak Pro Pearl + 3Dxl-Puffco - Pearl,597990,2026-07-27,sku,VPPFPP3DXLPRL,10561,puffco/new-peak-pro-pearl-3dxl,4,si,si,of17190:New Peak Pro Pearl + 3Dxl-Puffco,1.00,https://astrogrowshop.cl/new-peak-pro-pearl-3dxl-puffco?variant=Pearl
18158,astrogrowshop,Vaporizador Puffco Peak Pine Smart E-Rig,350990,2026-06-13,sku,VPPFPSERCYN,10648,puffco/new-peak-onyx,3,si,no,of31840:New Peak (Color a elección) -Puffco - Canyon,1.00,https://astrogrowshop.cl/vaporizador-puffco-peak-pine-smart-e-rig
18157,astrogrowshop,Vaporizador Puffco Peak Canyon,350990,2026-06-13,sku,VPPFPSERPNE,10648,puffco/new-peak-onyx,3,si,no,of31844:New Peak (Color a elección) -Puffco - Pine,1.00,https://astrogrowshop.cl/vaporizador-puffco-peak-canyon-smart-e-rig
31614,astrogrowshop,"Vaporizador Veazy- Storz &amp; Bickel - Azul",265990,2026-07-27,sku,VPSZBVZRBLU,10650,storz-bickel/veazy,3,si,no,"of17930:Vaporizador Veazy- Storz &amp; Bickel",1.00,https://astrogrowshop.cl/vaporizador-veazy-storz-bickel?variant=Azul
33093,astrogrowshop,VAPORIZADOR YOCAN POCKET - azul,94990,2026-07-27,sku,VPYCEXPKTBLU,10503,yocan/pocket,4,si,si,of18012:VAPORIZADOR YOCAN POCKET,1.00,https://astrogrowshop.cl/vaporizador-yocan-pocket?variant=azul
88138,friendlygrow,Vaporizador Extracciones Yocan Pocket - Rosa,79990,2026-07-24,sku,YOCANPOCKET,10503,yocan/pocket,4,si,si,of88139:Vaporizador Extracciones Yocan Pocket - Verde,1.00,https://www.friendlygrow.cl/yocan-pocket-800?variant=Rosa
88140,friendlygrow,Vaporizador Extracciones Yocan Pocket - Azul,79990,2026-07-24,sku,YOCANPOCKET,10503,yocan/pocket,4,si,si,of88139:Vaporizador Extracciones Yocan Pocket - Verde,1.00,https://www.friendlygrow.cl/yocan-pocket-800?variant=Azul
88136,friendlygrow,Vaporizador Extracciones Yocan Pocket - Negro,79990,2026-07-24,sku,YOCANPOCKET,10503,yocan/pocket,4,si,si,of88139:Vaporizador Extracciones Yocan Pocket - Verde,1.00,https://www.friendlygrow.cl/yocan-pocket-800?variant=Negro
88141,friendlygrow,Vaporizador Extracciones Yocan Pocket - Blanco,79990,2026-07-24,sku,YOCANPOCKET,10503,yocan/pocket,4,si,si,of88139:Vaporizador Extracciones Yocan Pocket - Verde,1.00,https://www.friendlygrow.cl/yocan-pocket-800?variant=Blanco
34614,fumetas,Zengaz Encendedor Soplete ZL-12 Animal Print - 1,4490,2026-07-21,sku,ZG-ANIMPRI1,5727,zengaz/torch-lighter-zl-12,3,si,no,of95:Zengaz Encendedor Soplete ZL-12 Animal Print,1.00,https://fumetas.cl/zengaz-encendedor-soplete-zl-12-animal-print?variant=1
36701,fumetas,Zengaz Encendedor Soplete Unique Faces - 1,4490,2026-07-21,sku,ZG-UNIF1,10237,zengaz/torch-lighter-zl-3,2,si,no,of19856:Zengaz Encendedor Soplete Unique Faces,1.00,https://fumetas.cl/zengaz-encendedor-unique-faces?variant=1
34618,fumetas,Zengaz Encendedor Soplete ZL-12 Space 2 - 1,4490,2026-07-21,sku,ZG-ZL12SP21,5727,zengaz/torch-lighter-zl-12,3,si,no,of1249:Zengaz Encendedor Soplete ZL-12 Space 2,1.00,https://fumetas.cl/zengaz-encendedor-soplete-zl-12-space-2?variant=1
35201,fumetas,Zengaz Encendedor Soplete ZL-3 Love - 1,4490,2026-07-21,sku,ZG-ZL3-LO1,10237,zengaz/torch-lighter-zl-3,2,si,no,of13438:Zengaz Encendedor Soplete ZL-3 Love,1.00,https://fumetas.cl/zengaz-encendedor-soplete-love-1?variant=1
33622,fumetas,Blazy Susan Moledor Contenedor Mini Herb Saver Lila - Nugs,13390,2026-07-21,ean,051497331450,5510,blazy-susan/herb-saver-mini,3,si,no,of2046:Blazy Susan Moledor Contenedor Mini Herb Saver Rosado,1.00,https://fumetas.cl/blazy-susan-moledor-contenedor-herb-saver-lila?variant=Nugs
33589,fumetas,PMG Pipa Karma 9 cm - Racecar Red,8990,2026-07-24,ean,0850038367244,5491,piecemaker/karma,3,si,no,of5580:PMG Pipa Karma 9 cm,1.00,https://fumetas.cl/pmg-pipa-karma-9cm?variant=Racecar%20Red
33581,fumetas,PMG Pipa Karma 9 cm - Giallo Yellow,8990,2026-07-24,ean,0850038367244,5491,piecemaker/karma,3,si,no,of5580:PMG Pipa Karma 9 cm,1.00,https://fumetas.cl/pmg-pipa-karma-9cm?variant=Giallo%20Yellow
33578,fumetas,PMG Pipa Karma 9 cm - Octane Orange,8990,2026-07-24,ean,0850038367244,5491,piecemaker/karma,3,si,no,of5580:PMG Pipa Karma 9 cm,1.00,https://fumetas.cl/pmg-pipa-karma-9cm?variant=Octane%20Orange
33584,fumetas,PMG Pipa Karma 9 cm - Electric Green,8990,2026-07-24,ean,0850038367244,5491,piecemaker/karma,3,si,no,of5580:PMG Pipa Karma 9 cm,1.00,https://fumetas.cl/pmg-pipa-karma-9cm?variant=Electric%20Green
33585,fumetas,PMG Pipa Karma 9 cm - Ghini Green,8990,2026-07-24,ean,0850038367244,5491,piecemaker/karma,3,si,no,of5580:PMG Pipa Karma 9 cm,1.00,https://fumetas.cl/pmg-pipa-karma-9cm?variant=Ghini%20Green
33587,fumetas,PMG Pipa Karma 9 cm - Kamo,8990,2026-07-24,ean,0850038367244,5491,piecemaker/karma,3,si,no,of5580:PMG Pipa Karma 9 cm,1.00,https://fumetas.cl/pmg-pipa-karma-9cm?variant=Kamo
33586,fumetas,PMG Pipa Karma 9 cm - Hazard Flag Yellow Fluor,8990,2026-07-24,ean,0850038367244,5491,piecemaker/karma,3,si,no,of5580:PMG Pipa Karma 9 cm,1.00,https://fumetas.cl/pmg-pipa-karma-9cm?variant=Hazard%20Flag%20Yellow%20Fluor
88197,friendlygrow,Vaporizador Airis Mystica Ace Para Cartridges - Rosa,14990,2026-07-24,ean,181410524536,10720,airistech/bateria-mystica-ace,3,si,no,of88201:Vaporizador Airis Mystica Ace Para Cartridges - Blue Gradient,1.00,https://www.friendlygrow.cl/vaporizador-airis-mystica-ace?variant=Rosa
33711,fumetas,Moledor OCB Eco Hemp 55mm - Blanco,4990,2026-07-21,ean,3057069944018,6001,ocb/eco,3,si,no,of4634:Moledor OCB Eco Hemp 55mm,1.00,https://fumetas.cl/moledor-ocb-eco-hemp-55mm?variant=Blanco
33712,fumetas,Moledor OCB Eco Hemp 55mm - Café,4990,2026-07-21,ean,3057069944018,6001,ocb/eco,3,si,no,of4634:Moledor OCB Eco Hemp 55mm,1.00,https://fumetas.cl/moledor-ocb-eco-hemp-55mm?variant=Caf%C3%A9
33710,fumetas,Moledor OCB Eco Hemp 55mm - Menta,4990,2026-07-21,ean,3057069944018,6001,ocb/eco,3,si,no,of4634:Moledor OCB Eco Hemp 55mm,1.00,https://fumetas.cl/moledor-ocb-eco-hemp-55mm?variant=Menta
2132,fumetas,Filtros Gizeh Slim con pegamento 6mm + 1 Papelillos Extra Fine,1090,2026-07-21,ean,4002604034760,5719,gizeh/gummed-tip-slim-red-6mm-150u,2,si,no,of1241:Filtros Gizeh Slim Rojo con pegamento (120+30) 6mm,1.10,https://fumetas.cl/gizeh-slim-rojo-con-pegamento-120-1-papelillo-gizeh-extra-fine-6mm
36162,fumetas,"Storz &amp; Bickel Estuche Veazy Case - Negro",25990,2026-07-21,ean,4260248820303,10501,storz-bickel/venty-case,2,si,no,"of19535:Storz &amp; Bickel Estuche Veazy Case",1.00,https://fumetas.cl/storz-bickel-estuche-veazy-case?variant=Negro
36678,fumetas,Zengaz Encendedor Soplete Mystica - 2,4490,2026-07-21,ean,4895151823129,5727,zengaz/torch-lighter-zl-12,3,si,no,of1249:Zengaz Encendedor Soplete ZL-12 Space 2,1.00,https://fumetas.cl/zengaz-encendedor-soplete-mystica?variant=2
36680,fumetas,Zengaz Encendedor Soplete Mystica - 4,4490,2026-07-21,ean,4895151823129,5727,zengaz/torch-lighter-zl-12,3,si,no,of1249:Zengaz Encendedor Soplete ZL-12 Space 2,1.00,https://fumetas.cl/zengaz-encendedor-soplete-mystica?variant=4
36940,fumetas,Zengaz Encendedor Soplete Lines - 2,4490,2026-07-21,ean,4895151823129,5727,zengaz/torch-lighter-zl-12,3,si,no,of1249:Zengaz Encendedor Soplete ZL-12 Space 2,1.00,https://fumetas.cl/zengaz-encendedor-lines?variant=2
36948,fumetas,Zengaz Encendedor Soplete Skater - 2,4490,2026-07-21,ean,4895151823129,5727,zengaz/torch-lighter-zl-12,3,si,no,of1249:Zengaz Encendedor Soplete ZL-12 Space 2,1.00,https://fumetas.cl/zengaz-encendedor-skater?variant=2
36949,fumetas,Zengaz Encendedor Soplete Skater - 3,4490,2026-07-21,ean,4895151823129,5727,zengaz/torch-lighter-zl-12,3,si,no,of1249:Zengaz Encendedor Soplete ZL-12 Space 2,1.00,https://fumetas.cl/zengaz-encendedor-skater?variant=3
36951,fumetas,Zengaz Encendedor Soplete Smoke - 1,4490,2026-07-21,ean,4895151823129,5727,zengaz/torch-lighter-zl-12,3,si,no,of1249:Zengaz Encendedor Soplete ZL-12 Space 2,1.00,https://fumetas.cl/zengaz-encendedor-smoke?variant=1
13434,fumetas,Zengaz Encendedor Soplete Road Trip 2,4490,2026-06-13,ean,4895151823129,5727,zengaz/torch-lighter-zl-12,3,si,no,of1249:Zengaz Encendedor Soplete ZL-12 Space 2,1.00,https://fumetas.cl/zengaz-encendedor-road-trip-2
13436,fumetas,Zengaz Encendedor Soplete Faces 3,4490,2026-06-13,ean,4895151823129,5727,zengaz/torch-lighter-zl-12,3,si,no,of1249:Zengaz Encendedor Soplete ZL-12 Space 2,1.00,https://fumetas.cl/zengaz-encendedor-soplete-faces-3
13439,fumetas,Zengaz Encendedor Soplete Mandala 2,4490,2026-06-13,ean,4895151823129,5727,zengaz/torch-lighter-zl-12,3,si,no,of1249:Zengaz Encendedor Soplete ZL-12 Space 2,1.00,https://fumetas.cl/zengaz-encendedor-soplete-mandala-2
13440,fumetas,Zengaz Encendedor Soplete Skulls 4,4490,2026-06-13,ean,4895151823129,5727,zengaz/torch-lighter-zl-12,3,si,no,of1249:Zengaz Encendedor Soplete ZL-12 Space 2,1.00,https://fumetas.cl/zengaz-encendedor-soplete-skulls-4
13441,fumetas,Zengaz Encendedor Soplete Smoke 2,4490,2026-06-13,ean,4895151823129,5727,zengaz/torch-lighter-zl-12,3,si,no,of1249:Zengaz Encendedor Soplete ZL-12 Space 2,1.00,https://fumetas.cl/zengaz-encendedor-soplete-smoke-2
13544,fumetas,Zengaz Encendedor Soplete Pop 2,4490,2026-06-13,ean,4895151823129,5727,zengaz/torch-lighter-zl-12,3,si,no,of1249:Zengaz Encendedor Soplete ZL-12 Space 2,1.00,https://fumetas.cl/zengaz-encendedor-pop-2
13546,fumetas,Zengaz Encendedor Soplete Skull 3,4490,2026-06-13,ean,4895151823129,5727,zengaz/torch-lighter-zl-12,3,si,no,of1249:Zengaz Encendedor Soplete ZL-12 Space 2,1.00,https://fumetas.cl/zengaz-encendedor-skull-3
13549,fumetas,Zengaz Encendedor Soplete Space 4,4490,2026-06-13,ean,4895151823129,5727,zengaz/torch-lighter-zl-12,3,si,no,of1249:Zengaz Encendedor Soplete ZL-12 Space 2,1.00,https://fumetas.cl/zengaz-encendedor-space-4
34620,fumetas,Zengaz Encendedor Soplete ZL-12 Space 2 - 3,4490,2026-07-21,ean,4895151823129,5727,zengaz/torch-lighter-zl-12,3,si,no,of1249:Zengaz Encendedor Soplete ZL-12 Space 2,1.00,https://fumetas.cl/zengaz-encendedor-soplete-zl-12-space-2?variant=3
34936,fumetas,Zengaz Encendedor Soplete ZL-12 Natural - 3,4490,2026-07-21,ean,4895151823129,5727,zengaz/torch-lighter-zl-12,3,si,no,of1249:Zengaz Encendedor Soplete ZL-12 Space 2,1.00,https://fumetas.cl/zengaz-encendedor-soplete-zl-12-natural?variant=3
35194,fumetas,Zengaz Encendedor Soplete Faces 3 - 2,4490,2026-07-21,ean,4895151823129,5727,zengaz/torch-lighter-zl-12,3,si,no,of1249:Zengaz Encendedor Soplete ZL-12 Space 2,1.00,https://fumetas.cl/zengaz-encendedor-soplete-faces-3?variant=2
35209,fumetas,Zengaz Encendedor Soplete Skulls 4 - 1,4490,2026-07-21,ean,4895151823129,5727,zengaz/torch-lighter-zl-12,3,si,no,of1249:Zengaz Encendedor Soplete ZL-12 Space 2,1.00,https://fumetas.cl/zengaz-encendedor-soplete-skulls-4?variant=1
35211,fumetas,Zengaz Encendedor Soplete Skulls 4 - 3,4490,2026-07-21,ean,4895151823129,5727,zengaz/torch-lighter-zl-12,3,si,no,of1249:Zengaz Encendedor Soplete ZL-12 Space 2,1.00,https://fumetas.cl/zengaz-encendedor-soplete-skulls-4?variant=3
35185,fumetas,Zengaz Encendedor Soplete Road Trip 2 - 1,4490,2026-07-21,ean,4895151823129,5727,zengaz/torch-lighter-zl-12,3,si,no,of1249:Zengaz Encendedor Soplete ZL-12 Space 2,1.00,https://fumetas.cl/zengaz-encendedor-road-trip-2?variant=1
19836,fumetas,Zengaz Encendedor Soplete Aliens,4490,2026-06-13,ean,4895151823129,5727,zengaz/torch-lighter-zl-12,3,si,no,of1249:Zengaz Encendedor Soplete ZL-12 Space 2,1.00,https://fumetas.cl/zengaz-encendedor-soplete-aliens
19839,fumetas,Zengaz Encendedor Soplete City,4490,2026-06-13,ean,4895151823129,5727,zengaz/torch-lighter-zl-12,3,si,no,of1249:Zengaz Encendedor Soplete ZL-12 Space 2,1.00,https://fumetas.cl/zengaz-encendedor-soplete-city
35196,fumetas,Zengaz Encendedor Soplete Faces 3 - 4,4490,2026-07-21,ean,4895151823129,5727,zengaz/torch-lighter-zl-12,3,si,no,of1249:Zengaz Encendedor Soplete ZL-12 Space 2,1.00,https://fumetas.cl/zengaz-encendedor-soplete-faces-3?variant=4
19911,fumetas,Zengaz Encendedor Soplete Camouflage,4490,2026-06-13,ean,4895151823129,5727,zengaz/torch-lighter-zl-12,3,si,no,of1249:Zengaz Encendedor Soplete ZL-12 Space 2,1.00,https://fumetas.cl/encendedor-zengaz-camouflage
36941,fumetas,Zengaz Encendedor Soplete Lines - 3,4490,2026-07-21,ean,4895151823129,5727,zengaz/torch-lighter-zl-12,3,si,no,of1249:Zengaz Encendedor Soplete ZL-12 Space 2,1.00,https://fumetas.cl/zengaz-encendedor-lines?variant=3
36954,fumetas,Zengaz Encendedor Soplete Smoke - 4,4490,2026-07-21,ean,4895151823129,5727,zengaz/torch-lighter-zl-12,3,si,no,of1249:Zengaz Encendedor Soplete ZL-12 Space 2,1.00,https://fumetas.cl/zengaz-encendedor-smoke?variant=4
19971,fumetas,Zengaz Encendedor Soplete Black,4490,2026-06-13,ean,4895151823129,5727,zengaz/torch-lighter-zl-12,3,si,no,of1249:Zengaz Encendedor Soplete ZL-12 Space 2,1.00,https://fumetas.cl/zengaz-encendedor-black
19974,fumetas,Zengaz Encendedor Soplete Skater,4490,2026-06-13,ean,4895151823129,5727,zengaz/torch-lighter-zl-12,3,si,no,of1249:Zengaz Encendedor Soplete ZL-12 Space 2,1.00,https://fumetas.cl/zengaz-encendedor-skater
19975,fumetas,Zengaz Encendedor Soplete Smoke,4490,2026-06-13,ean,4895151823129,5727,zengaz/torch-lighter-zl-12,3,si,no,of1249:Zengaz Encendedor Soplete ZL-12 Space 2,1.00,https://fumetas.cl/zengaz-encendedor-smoke
35206,fumetas,Zengaz Encendedor Soplete Mandala 2 - 2,4490,2026-07-21,ean,4895151823129,5727,zengaz/torch-lighter-zl-12,3,si,no,of1249:Zengaz Encendedor Soplete ZL-12 Space 2,1.00,https://fumetas.cl/zengaz-encendedor-soplete-mandala-2?variant=2
35464,fumetas,Zengaz Encendedor Soplete Space 4 - 2,4490,2026-07-21,ean,4895151823129,5727,zengaz/torch-lighter-zl-12,3,si,no,of1249:Zengaz Encendedor Soplete ZL-12 Space 2,1.00,https://fumetas.cl/zengaz-encendedor-space-4?variant=2
34615,fumetas,Zengaz Encendedor Soplete ZL-12 Animal Print - 2,4490,2026-07-21,ean,4895151823129,5727,zengaz/torch-lighter-zl-12,3,si,no,of1249:Zengaz Encendedor Soplete ZL-12 Space 2,1.00,https://fumetas.cl/zengaz-encendedor-soplete-zl-12-animal-print?variant=2
34617,fumetas,Zengaz Encendedor Soplete ZL-12 Animal Print - 4,4490,2026-07-21,ean,4895151823129,5727,zengaz/torch-lighter-zl-12,3,si,no,of1249:Zengaz Encendedor Soplete ZL-12 Space 2,1.00,https://fumetas.cl/zengaz-encendedor-soplete-zl-12-animal-print?variant=4
34619,fumetas,Zengaz Encendedor Soplete ZL-12 Space 2 - 2,4490,2026-07-21,ean,4895151823129,5727,zengaz/torch-lighter-zl-12,3,si,no,of1249:Zengaz Encendedor Soplete ZL-12 Space 2,1.00,https://fumetas.cl/zengaz-encendedor-soplete-zl-12-space-2?variant=2
34621,fumetas,Zengaz Encendedor Soplete ZL-12 Space 2 - 4,4490,2026-07-21,ean,4895151823129,5727,zengaz/torch-lighter-zl-12,3,si,no,of1249:Zengaz Encendedor Soplete ZL-12 Space 2,1.00,https://fumetas.cl/zengaz-encendedor-soplete-zl-12-space-2?variant=4
36677,fumetas,Zengaz Encendedor Soplete Mystica - 1,4490,2026-07-21,ean,4895151823129,5727,zengaz/torch-lighter-zl-12,3,si,no,of1249:Zengaz Encendedor Soplete ZL-12 Space 2,1.00,https://fumetas.cl/zengaz-encendedor-soplete-mystica?variant=1
36936,fumetas,Zengaz Encendedor Soplete Black - 2,4490,2026-07-21,ean,4895151823129,5727,zengaz/torch-lighter-zl-12,3,si,no,of1249:Zengaz Encendedor Soplete ZL-12 Space 2,1.00,https://fumetas.cl/zengaz-encendedor-black?variant=2
35186,fumetas,Zengaz Encendedor Soplete Road Trip 2 - 2,4490,2026-07-21,ean,4895151823129,5727,zengaz/torch-lighter-zl-12,3,si,no,of1249:Zengaz Encendedor Soplete ZL-12 Space 2,1.00,https://fumetas.cl/zengaz-encendedor-road-trip-2?variant=2
35188,fumetas,Zengaz Encendedor Soplete Road Trip 2 - 4,4490,2026-07-21,ean,4895151823129,5727,zengaz/torch-lighter-zl-12,3,si,no,of1249:Zengaz Encendedor Soplete ZL-12 Space 2,1.00,https://fumetas.cl/zengaz-encendedor-road-trip-2?variant=4
35193,fumetas,Zengaz Encendedor Soplete Faces 3 - 1,4490,2026-07-21,ean,4895151823129,5727,zengaz/torch-lighter-zl-12,3,si,no,of1249:Zengaz Encendedor Soplete ZL-12 Space 2,1.00,https://fumetas.cl/zengaz-encendedor-soplete-faces-3?variant=1
35195,fumetas,Zengaz Encendedor Soplete Faces 3 - 3,4490,2026-07-21,ean,4895151823129,5727,zengaz/torch-lighter-zl-12,3,si,no,of1249:Zengaz Encendedor Soplete ZL-12 Space 2,1.00,https://fumetas.cl/zengaz-encendedor-soplete-faces-3?variant=3
35207,fumetas,Zengaz Encendedor Soplete Mandala 2 - 3,4490,2026-07-21,ean,4895151823129,5727,zengaz/torch-lighter-zl-12,3,si,no,of1249:Zengaz Encendedor Soplete ZL-12 Space 2,1.00,https://fumetas.cl/zengaz-encendedor-soplete-mandala-2?variant=3
35208,fumetas,Zengaz Encendedor Soplete Mandala 2 - 4,4490,2026-07-21,ean,4895151823129,5727,zengaz/torch-lighter-zl-12,3,si,no,of1249:Zengaz Encendedor Soplete ZL-12 Space 2,1.00,https://fumetas.cl/zengaz-encendedor-soplete-mandala-2?variant=4
35210,fumetas,Zengaz Encendedor Soplete Skulls 4 - 2,4490,2026-07-21,ean,4895151823129,5727,zengaz/torch-lighter-zl-12,3,si,no,of1249:Zengaz Encendedor Soplete ZL-12 Space 2,1.00,https://fumetas.cl/zengaz-encendedor-soplete-skulls-4?variant=2
35212,fumetas,Zengaz Encendedor Soplete Skulls 4 - 4,4490,2026-07-21,ean,4895151823129,5727,zengaz/torch-lighter-zl-12,3,si,no,of1249:Zengaz Encendedor Soplete ZL-12 Space 2,1.00,https://fumetas.cl/zengaz-encendedor-soplete-skulls-4?variant=4
35215,fumetas,Zengaz Encendedor Soplete Smoke 2 - 3,4490,2026-07-21,ean,4895151823129,5727,zengaz/torch-lighter-zl-12,3,si,no,of1249:Zengaz Encendedor Soplete ZL-12 Space 2,1.00,https://fumetas.cl/zengaz-encendedor-soplete-smoke-2?variant=3
35216,fumetas,Zengaz Encendedor Soplete Smoke 2 - 4,4490,2026-07-21,ean,4895151823129,5727,zengaz/torch-lighter-zl-12,3,si,no,of1249:Zengaz Encendedor Soplete ZL-12 Space 2,1.00,https://fumetas.cl/zengaz-encendedor-soplete-smoke-2?variant=4
35213,fumetas,Zengaz Encendedor Soplete Smoke 2 - 1,4490,2026-07-21,ean,4895151823129,5727,zengaz/torch-lighter-zl-12,3,si,no,of1249:Zengaz Encendedor Soplete ZL-12 Space 2,1.00,https://fumetas.cl/zengaz-encendedor-soplete-smoke-2?variant=1
35445,fumetas,Zengaz Encendedor Soplete Pop 2 - 3,4490,2026-07-21,ean,4895151823129,5727,zengaz/torch-lighter-zl-12,3,si,no,of1249:Zengaz Encendedor Soplete ZL-12 Space 2,1.00,https://fumetas.cl/zengaz-encendedor-pop-2?variant=3
36623,fumetas,Zengaz Encendedor Soplete Aliens - 3,4490,2026-07-21,ean,4895151823129,5727,zengaz/torch-lighter-zl-12,3,si,no,of1249:Zengaz Encendedor Soplete ZL-12 Space 2,1.00,https://fumetas.cl/zengaz-encendedor-soplete-aliens?variant=3
36624,fumetas,Zengaz Encendedor Soplete Aliens - 4,4490,2026-07-21,ean,4895151823129,5727,zengaz/torch-lighter-zl-12,3,si,no,of1249:Zengaz Encendedor Soplete ZL-12 Space 2,1.00,https://fumetas.cl/zengaz-encendedor-soplete-aliens?variant=4
36636,fumetas,Zengaz Encendedor Soplete City - 4,4490,2026-07-21,ean,4895151823129,5727,zengaz/torch-lighter-zl-12,3,si,no,of1249:Zengaz Encendedor Soplete ZL-12 Space 2,1.00,https://fumetas.cl/zengaz-encendedor-soplete-city?variant=4
36679,fumetas,Zengaz Encendedor Soplete Mystica - 3,4490,2026-07-21,ean,4895151823129,5727,zengaz/torch-lighter-zl-12,3,si,no,of1249:Zengaz Encendedor Soplete ZL-12 Space 2,1.00,https://fumetas.cl/zengaz-encendedor-soplete-mystica?variant=3
36800,fumetas,Zengaz Encendedor Soplete Camouflage - 2,4490,2026-07-21,ean,4895151823129,5727,zengaz/torch-lighter-zl-12,3,si,no,of1249:Zengaz Encendedor Soplete ZL-12 Space 2,1.00,https://fumetas.cl/encendedor-zengaz-camouflage?variant=2
36801,fumetas,Zengaz Encendedor Soplete Camouflage - 3,4490,2026-07-21,ean,4895151823129,5727,zengaz/torch-lighter-zl-12,3,si,no,of1249:Zengaz Encendedor Soplete ZL-12 Space 2,1.00,https://fumetas.cl/encendedor-zengaz-camouflage?variant=3
36942,fumetas,Zengaz Encendedor Soplete Lines - 4,4490,2026-07-21,ean,4895151823129,5727,zengaz/torch-lighter-zl-12,3,si,no,of1249:Zengaz Encendedor Soplete ZL-12 Space 2,1.00,https://fumetas.cl/zengaz-encendedor-lines?variant=4
36953,fumetas,Zengaz Encendedor Soplete Smoke - 3,4490,2026-07-21,ean,4895151823129,5727,zengaz/torch-lighter-zl-12,3,si,no,of1249:Zengaz Encendedor Soplete ZL-12 Space 2,1.00,https://fumetas.cl/zengaz-encendedor-smoke?variant=3
34616,fumetas,Zengaz Encendedor Soplete ZL-12 Animal Print - 3,4490,2026-07-21,ean,4895151823129,5727,zengaz/torch-lighter-zl-12,3,si,no,of1249:Zengaz Encendedor Soplete ZL-12 Space 2,1.00,https://fumetas.cl/zengaz-encendedor-soplete-zl-12-animal-print?variant=3
34935,fumetas,Zengaz Encendedor Soplete ZL-12 Natural - 2,4490,2026-07-21,ean,4895151823129,5727,zengaz/torch-lighter-zl-12,3,si,no,of1249:Zengaz Encendedor Soplete ZL-12 Space 2,1.00,https://fumetas.cl/zengaz-encendedor-soplete-zl-12-natural?variant=2
35452,fumetas,Zengaz Encendedor Soplete Skull 3 - 2,4490,2026-07-21,ean,4895151823129,5727,zengaz/torch-lighter-zl-12,3,si,no,of1249:Zengaz Encendedor Soplete ZL-12 Space 2,1.00,https://fumetas.cl/zengaz-encendedor-skull-3?variant=2
36637,fumetas,Zengaz Encendedor Soplete Design 2 - 1,4490,2026-07-21,ean,4895151823129,5727,zengaz/torch-lighter-zl-12,3,si,no,of1249:Zengaz Encendedor Soplete ZL-12 Space 2,1.00,https://fumetas.cl/zengaz-encendedor-soplete-design?variant=1
36622,fumetas,Zengaz Encendedor Soplete Aliens - 2,4490,2026-07-21,ean,4895151823129,5727,zengaz/torch-lighter-zl-12,3,si,no,of1249:Zengaz Encendedor Soplete ZL-12 Space 2,1.00,https://fumetas.cl/zengaz-encendedor-soplete-aliens?variant=2
36621,fumetas,Zengaz Encendedor Soplete Aliens - 1,4490,2026-07-21,ean,4895151823129,5727,zengaz/torch-lighter-zl-12,3,si,no,of1249:Zengaz Encendedor Soplete ZL-12 Space 2,1.00,https://fumetas.cl/zengaz-encendedor-soplete-aliens?variant=1
36634,fumetas,Zengaz Encendedor Soplete City - 2,4490,2026-07-21,ean,4895151823129,5727,zengaz/torch-lighter-zl-12,3,si,no,of1249:Zengaz Encendedor Soplete ZL-12 Space 2,1.00,https://fumetas.cl/zengaz-encendedor-soplete-city?variant=2
36635,fumetas,Zengaz Encendedor Soplete City - 3,4490,2026-07-21,ean,4895151823129,5727,zengaz/torch-lighter-zl-12,3,si,no,of1249:Zengaz Encendedor Soplete ZL-12 Space 2,1.00,https://fumetas.cl/zengaz-encendedor-soplete-city?variant=3
36938,fumetas,Zengaz Encendedor Soplete Black - 4,4490,2026-07-21,ean,4895151823129,5727,zengaz/torch-lighter-zl-12,3,si,no,of1249:Zengaz Encendedor Soplete ZL-12 Space 2,1.00,https://fumetas.cl/zengaz-encendedor-black?variant=4
36935,fumetas,Zengaz Encendedor Soplete Black - 1,4490,2026-07-21,ean,4895151823129,5727,zengaz/torch-lighter-zl-12,3,si,no,of1249:Zengaz Encendedor Soplete ZL-12 Space 2,1.00,https://fumetas.cl/zengaz-encendedor-black?variant=1
19850,fumetas,Zengaz Encendedor Soplete Mystica,4490,2026-06-13,ean,4895151823129,5727,zengaz/torch-lighter-zl-12,3,si,no,of1249:Zengaz Encendedor Soplete ZL-12 Space 2,1.00,https://fumetas.cl/zengaz-encendedor-soplete-mystica
19972,fumetas,Zengaz Encendedor Soplete Lines,4490,2026-06-13,ean,4895151823129,5727,zengaz/torch-lighter-zl-12,3,si,no,of1249:Zengaz Encendedor Soplete ZL-12 Space 2,1.00,https://fumetas.cl/zengaz-encendedor-lines
36656,fumetas,Zengaz Encendedor Soplete ZL-3 Graffiti - 4,4490,2026-07-21,ean,4895151823150,10237,zengaz/torch-lighter-zl-3,2,si,no,of13268:Zengaz Encendedor Soplete ZL-3 Smoke,1.00,https://fumetas.cl/zengaz-encendedor-soplete-graffiti?variant=4
34931,fumetas,Zengaz Encendedor Soplete ZL-3 Smoke - 2,4490,2026-07-21,ean,4895151823150,10237,zengaz/torch-lighter-zl-3,2,si,no,of13268:Zengaz Encendedor Soplete ZL-3 Smoke,1.00,https://fumetas.cl/zengaz-encendedor-soplete-smoke-zl-3?variant=2
19438,fumetas,Zengaz Encendedor Soplete ZL-3 Glow In Dark,4490,2026-06-13,ean,4895151823150,10237,zengaz/torch-lighter-zl-3,2,si,no,of13268:Zengaz Encendedor Soplete ZL-3 Smoke,1.00,https://fumetas.cl/zengaz-encendedor-soplete-glow-in-dark
19544,fumetas,Zengaz Encendedor Soplete Crazy Animals,4490,2026-06-13,ean,4895151823150,10237,zengaz/torch-lighter-zl-3,2,si,no,of13268:Zengaz Encendedor Soplete ZL-3 Smoke,1.00,https://fumetas.cl/zengaz-encendedor-soplete-crazy-animals
19844,fumetas,Zengaz Encendedor Soplete ZL-3 Graffiti,4490,2026-06-13,ean,4895151823150,10237,zengaz/torch-lighter-zl-3,2,si,no,of13268:Zengaz Encendedor Soplete ZL-3 Smoke,1.00,https://fumetas.cl/zengaz-encendedor-soplete-graffiti
19855,fumetas,Zengaz Encendedor Soplete Zombie,4490,2026-06-13,ean,4895151823150,10237,zengaz/torch-lighter-zl-3,2,si,no,of13268:Zengaz Encendedor Soplete ZL-3 Smoke,1.00,https://fumetas.cl/zengaz-encendedor-soplete-zombie
35459,fumetas,Zengaz Encendedor Space 3 - 1,4490,2026-07-21,ean,4895151823150,10237,zengaz/torch-lighter-zl-3,2,si,no,of13268:Zengaz Encendedor Soplete ZL-3 Smoke,1.00,https://fumetas.cl/zengaz-encendedor-space-3?variant=1
35462,fumetas,Zengaz Encendedor Space 3 - 4,4490,2026-07-21,ean,4895151823150,10237,zengaz/torch-lighter-zl-3,2,si,no,of13268:Zengaz Encendedor Soplete ZL-3 Smoke,1.00,https://fumetas.cl/zengaz-encendedor-space-3?variant=4
35202,fumetas,Zengaz Encendedor Soplete ZL-3 Love - 2,4490,2026-07-21,ean,4895151823150,10237,zengaz/torch-lighter-zl-3,2,si,no,of13268:Zengaz Encendedor Soplete ZL-3 Smoke,1.00,https://fumetas.cl/zengaz-encendedor-soplete-love-1?variant=2
36178,fumetas,Zengaz Encendedor Soplete Crazy Animals - 4,4490,2026-07-21,ean,4895151823150,10237,zengaz/torch-lighter-zl-3,2,si,no,of13268:Zengaz Encendedor Soplete ZL-3 Smoke,1.00,https://fumetas.cl/zengaz-encendedor-soplete-crazy-animals?variant=4
36628,fumetas,Zengaz Encendedor Soplete ZL-3 Animals - 4,4490,2026-07-21,ean,4895151823150,10237,zengaz/torch-lighter-zl-3,2,si,no,of13268:Zengaz Encendedor Soplete ZL-3 Smoke,1.00,https://fumetas.cl/zengaz-encendedor-soplete-animals?variant=4
36652,fumetas,Zengaz Encendedor Soplete Foodie - 4,4490,2026-07-21,ean,4895151823150,10237,zengaz/torch-lighter-zl-3,2,si,no,of13268:Zengaz Encendedor Soplete ZL-3 Smoke,1.00,https://fumetas.cl/zengaz-encendedor-soplete-foodie?variant=4
36653,fumetas,Zengaz Encendedor Soplete ZL-3 Graffiti - 1,4490,2026-07-21,ean,4895151823150,10237,zengaz/torch-lighter-zl-3,2,si,no,of13268:Zengaz Encendedor Soplete ZL-3 Smoke,1.00,https://fumetas.cl/zengaz-encendedor-soplete-graffiti?variant=1
36698,fumetas,Zengaz Encendedor Soplete Zombie - 2,4490,2026-07-21,ean,4895151823150,10237,zengaz/torch-lighter-zl-3,2,si,no,of13268:Zengaz Encendedor Soplete ZL-3 Smoke,1.00,https://fumetas.cl/zengaz-encendedor-soplete-zombie?variant=2
34932,fumetas,Zengaz Encendedor Soplete ZL-3 Smoke - 3,4490,2026-07-21,ean,4895151823150,10237,zengaz/torch-lighter-zl-3,2,si,no,of13268:Zengaz Encendedor Soplete ZL-3 Smoke,1.00,https://fumetas.cl/zengaz-encendedor-soplete-smoke-zl-3?variant=3
34933,fumetas,Zengaz Encendedor Soplete ZL-3 Smoke - 4,4490,2026-07-21,ean,4895151823150,10237,zengaz/torch-lighter-zl-3,2,si,no,of13268:Zengaz Encendedor Soplete ZL-3 Smoke,1.00,https://fumetas.cl/zengaz-encendedor-soplete-smoke-zl-3?variant=4
35219,fumetas,Zengaz Encendedor Soplete ZL-3 Space 2 - 3,4490,2026-07-21,ean,4895151823150,10237,zengaz/torch-lighter-zl-3,2,si,no,of13268:Zengaz Encendedor Soplete ZL-3 Smoke,1.00,https://fumetas.cl/zengaz-encendedor-soplete-space-2?variant=3
35461,fumetas,Zengaz Encendedor Space 3 - 3,4490,2026-07-21,ean,4895151823150,10237,zengaz/torch-lighter-zl-3,2,si,no,of13268:Zengaz Encendedor Soplete ZL-3 Smoke,1.00,https://fumetas.cl/zengaz-encendedor-space-3?variant=3
35992,fumetas,Zengaz Encendedor Soplete ZL-3 Glow In Dark - 1,4490,2026-07-21,ean,4895151823150,10237,zengaz/torch-lighter-zl-3,2,si,no,of13268:Zengaz Encendedor Soplete ZL-3 Smoke,1.00,https://fumetas.cl/zengaz-encendedor-soplete-glow-in-dark?variant=1
35993,fumetas,Zengaz Encendedor Soplete ZL-3 Glow In Dark - 2,4490,2026-07-21,ean,4895151823150,10237,zengaz/torch-lighter-zl-3,2,si,no,of13268:Zengaz Encendedor Soplete ZL-3 Smoke,1.00,https://fumetas.cl/zengaz-encendedor-soplete-glow-in-dark?variant=2
35995,fumetas,Zengaz Encendedor Soplete ZL-3 Glow In Dark - 4,4490,2026-07-21,ean,4895151823150,10237,zengaz/torch-lighter-zl-3,2,si,no,of13268:Zengaz Encendedor Soplete ZL-3 Smoke,1.00,https://fumetas.cl/zengaz-encendedor-soplete-glow-in-dark?variant=4
36651,fumetas,Zengaz Encendedor Soplete Foodie - 3,4490,2026-07-21,ean,4895151823150,10237,zengaz/torch-lighter-zl-3,2,si,no,of13268:Zengaz Encendedor Soplete ZL-3 Smoke,1.00,https://fumetas.cl/zengaz-encendedor-soplete-foodie?variant=3
36654,fumetas,Zengaz Encendedor Soplete ZL-3 Graffiti - 2,4490,2026-07-21,ean,4895151823150,10237,zengaz/torch-lighter-zl-3,2,si,no,of13268:Zengaz Encendedor Soplete ZL-3 Smoke,1.00,https://fumetas.cl/zengaz-encendedor-soplete-graffiti?variant=2
36702,fumetas,Zengaz Encendedor Soplete Unique Faces - 2,4490,2026-07-21,ean,4895151823150,10237,zengaz/torch-lighter-zl-3,2,si,no,of13268:Zengaz Encendedor Soplete ZL-3 Smoke,1.00,https://fumetas.cl/zengaz-encendedor-unique-faces?variant=2
36703,fumetas,Zengaz Encendedor Soplete Unique Faces - 3,4490,2026-07-21,ean,4895151823150,10237,zengaz/torch-lighter-zl-3,2,si,no,of13268:Zengaz Encendedor Soplete ZL-3 Smoke,1.00,https://fumetas.cl/zengaz-encendedor-unique-faces?variant=3
36704,fumetas,Zengaz Encendedor Soplete Unique Faces - 4,4490,2026-07-21,ean,4895151823150,10237,zengaz/torch-lighter-zl-3,2,si,no,of13268:Zengaz Encendedor Soplete ZL-3 Smoke,1.00,https://fumetas.cl/zengaz-encendedor-unique-faces?variant=4
13548,fumetas,Zengaz Encendedor Space 3,4490,2026-06-13,ean,4895151823150,10237,zengaz/torch-lighter-zl-3,2,si,no,of13268:Zengaz Encendedor Soplete ZL-3 Smoke,1.00,https://fumetas.cl/zengaz-encendedor-space-3
35204,fumetas,Zengaz Encendedor Soplete ZL-3 Love - 4,4490,2026-07-21,ean,4895151823150,10237,zengaz/torch-lighter-zl-3,2,si,no,of13268:Zengaz Encendedor Soplete ZL-3 Smoke,1.00,https://fumetas.cl/zengaz-encendedor-soplete-love-1?variant=4
35994,fumetas,Zengaz Encendedor Soplete ZL-3 Glow In Dark - 3,4490,2026-07-21,ean,4895151823150,10237,zengaz/torch-lighter-zl-3,2,si,no,of13268:Zengaz Encendedor Soplete ZL-3 Smoke,1.00,https://fumetas.cl/zengaz-encendedor-soplete-glow-in-dark?variant=3
36177,fumetas,Zengaz Encendedor Soplete Crazy Animals - 3,4490,2026-07-21,ean,4895151823150,10237,zengaz/torch-lighter-zl-3,2,si,no,of13268:Zengaz Encendedor Soplete ZL-3 Smoke,1.00,https://fumetas.cl/zengaz-encendedor-soplete-crazy-animals?variant=3
36176,fumetas,Zengaz Encendedor Soplete Crazy Animals - 2,4490,2026-07-21,ean,4895151823150,10237,zengaz/torch-lighter-zl-3,2,si,no,of13268:Zengaz Encendedor Soplete ZL-3 Smoke,1.00,https://fumetas.cl/zengaz-encendedor-soplete-crazy-animals?variant=2
36697,fumetas,Zengaz Encendedor Soplete Zombie - 1,4490,2026-07-21,ean,4895151823150,10237,zengaz/torch-lighter-zl-3,2,si,no,of13268:Zengaz Encendedor Soplete ZL-3 Smoke,1.00,https://fumetas.cl/zengaz-encendedor-soplete-zombie?variant=1
36625,fumetas,Zengaz Encendedor Soplete ZL-3 Animals - 1,4490,2026-07-21,ean,4895151823150,10237,zengaz/torch-lighter-zl-3,2,si,no,of13268:Zengaz Encendedor Soplete ZL-3 Smoke,1.00,https://fumetas.cl/zengaz-encendedor-soplete-animals?variant=1
36626,fumetas,Zengaz Encendedor Soplete ZL-3 Animals - 2,4490,2026-07-21,ean,4895151823150,10237,zengaz/torch-lighter-zl-3,2,si,no,of13268:Zengaz Encendedor Soplete ZL-3 Smoke,1.00,https://fumetas.cl/zengaz-encendedor-soplete-animals?variant=2
36655,fumetas,Zengaz Encendedor Soplete ZL-3 Graffiti - 3,4490,2026-07-21,ean,4895151823150,10237,zengaz/torch-lighter-zl-3,2,si,no,of13268:Zengaz Encendedor Soplete ZL-3 Smoke,1.00,https://fumetas.cl/zengaz-encendedor-soplete-graffiti?variant=3
36700,fumetas,Zengaz Encendedor Soplete Zombie - 4,4490,2026-07-21,ean,4895151823150,10237,zengaz/torch-lighter-zl-3,2,si,no,of13268:Zengaz Encendedor Soplete ZL-3 Smoke,1.00,https://fumetas.cl/zengaz-encendedor-soplete-zombie?variant=4
19837,fumetas,Zengaz Encendedor Soplete ZL-3 Animals,4490,2026-06-13,ean,4895151823150,10237,zengaz/torch-lighter-zl-3,2,si,no,of13268:Zengaz Encendedor Soplete ZL-3 Smoke,1.00,https://fumetas.cl/zengaz-encendedor-soplete-animals
37794,fumetas,Juicy Jays Papelillos de Sabores 1 1/4 - Milk Chocolate,1190,2026-07-10,ean,716165178620,10731,juicy-jays/flavored-1-1-4,2,si,no,of37792:Juicy Jays Papelillos de Sabores 1 1/4 - Strawberry,1.00,https://fumetas.cl/juicy-jays-papelillos-de-sabores?variant=Milk%20Chocolate
37800,fumetas,Juicy Jays Papelillos de Sabores 1 1/4 - Mango,1190,2026-07-10,ean,716165178620,10731,juicy-jays/flavored-1-1-4,2,si,no,of37792:Juicy Jays Papelillos de Sabores 1 1/4 - Strawberry,1.00,https://fumetas.cl/juicy-jays-papelillos-de-sabores?variant=Mango
37101,fumetas,Raw Traje Spacesuite - XL,197990,2026-07-21,ean,716165297468,10587,raw/spacesuit,2,si,no,of20044:Raw Traje Spacesuite,1.00,https://fumetas.cl/raw-spacesuite?variant=XL
13415,fumetas,LRC Papelillos Flavour 1 1/4 - Sabores,1390,2026-06-13,ean,7798121251458,10646,lion-rolling-circus/flavored-1-1-4,2,si,no,of35145:LRC Papelillos Flavour 1 1/4 - Sabores - Cherry,1.00,https://fumetas.cl/lion-rolling-circus-papelillos-1-14-flavour-sabores
36538,fumetas,Soulblime bandejas pequeñas - Photography - Combi,3590,2026-07-21,ean,7804635420225,10500,soulblime/metalica-mix,4,si,si,of19813:Soulblime bandejas pequeñas - Photography,1.00,https://fumetas.cl/soulblime-bandeja-pequena-photography?variant=Combi
36539,fumetas,Soulblime bandejas pequeñas - Photography - Dientes,3590,2026-07-21,ean,7804635420225,10500,soulblime/metalica-mix,4,si,si,of19813:Soulblime bandejas pequeñas - Photography,1.00,https://fumetas.cl/soulblime-bandeja-pequena-photography?variant=Dientes
36542,fumetas,Soulblime bandejas pequeñas - Photography - Skate,3590,2026-07-21,ean,7804635420225,10500,soulblime/metalica-mix,4,si,si,of19813:Soulblime bandejas pequeñas - Photography,1.00,https://fumetas.cl/soulblime-bandeja-pequena-photography?variant=Skate
33628,fumetas,Soulblime Tarjeta Moledor - Lengua,2990,2026-07-21,ean,7804635420393,6003,soulblime/tarjeta,3,si,no,of4661:Soulblime Tarjeta Moledor,1.00,https://fumetas.cl/soulblime-tarjeta-moledor?variant=Lengua
33630,fumetas,Soulblime Tarjeta Moledor - Fungi,2990,2026-07-21,ean,7804635420393,6003,soulblime/tarjeta,3,si,no,of4661:Soulblime Tarjeta Moledor,1.00,https://fumetas.cl/soulblime-tarjeta-moledor?variant=Fungi
36148,fumetas,Soulblime Cenicero Metálico - Diseños - Monstruos,2190,2026-07-21,ean,7804635420461,10533,soulblime/cenicero-metalico,2,si,no,of19530:Soulblime Cenicero Metálico - Diseños,1.00,https://fumetas.cl/soulblime-ceniceros-metalicos?variant=Monstruos
36149,fumetas,Soulblime Cenicero Metálico - Diseños - Gato,2190,2026-07-21,ean,7804635420461,10533,soulblime/cenicero-metalico,2,si,no,of19530:Soulblime Cenicero Metálico - Diseños,1.00,https://fumetas.cl/soulblime-ceniceros-metalicos?variant=Gato
36150,fumetas,Soulblime Cenicero Metálico - Diseños - Banana,2190,2026-07-21,ean,7804635420461,10533,soulblime/cenicero-metalico,2,si,no,of19530:Soulblime Cenicero Metálico - Diseños,1.00,https://fumetas.cl/soulblime-ceniceros-metalicos?variant=Banana
36153,fumetas,Soulblime Contenedor con Tapa-Bandeja - Ovni,3190,2026-07-21,ean,7804635420478,10546,soulblime/contenedor-tapa-bandeja,3,si,no,of19531:Soulblime Contenedor con Tapa-Bandeja,1.00,https://fumetas.cl/soulblime-contenedor-con-tapa-bandeja?variant=Ovni
37492,fumetas,Soulblime Bolsa Hermética Diseños - Astronauta,990,2026-07-10,ean,7804635420805,10527,soulblime/bolsa-hermetica,2,si,no,of20191:Soulblime Bolsa Hermética Diseños,1.00,https://fumetas.cl/soulblime-bolsa-hermetica-disenos?variant=Astronauta
37489,fumetas,Soulblime Bolsa Hermética Diseños - Alien,990,2026-07-10,ean,7804635420805,10527,soulblime/bolsa-hermetica,2,si,no,of20191:Soulblime Bolsa Hermética Diseños,1.00,https://fumetas.cl/soulblime-bolsa-hermetica-disenos?variant=Alien
37490,fumetas,Soulblime Bolsa Hermética Diseños - Pulpo,990,2026-07-10,ean,7804635420805,10527,soulblime/bolsa-hermetica,2,si,no,of20191:Soulblime Bolsa Hermética Diseños,1.00,https://fumetas.cl/soulblime-bolsa-hermetica-disenos?variant=Pulpo
37491,fumetas,Soulblime Bolsa Hermética Diseños - Ojo,990,2026-07-10,ean,7804635420805,10527,soulblime/bolsa-hermetica,2,si,no,of20191:Soulblime Bolsa Hermética Diseños,1.00,https://fumetas.cl/soulblime-bolsa-hermetica-disenos?variant=Ojo
37493,fumetas,Soulblime Bolsa Hermética Diseños - Manos,990,2026-07-10,ean,7804635420805,10527,soulblime/bolsa-hermetica,2,si,no,of20191:Soulblime Bolsa Hermética Diseños,1.00,https://fumetas.cl/soulblime-bolsa-hermetica-disenos?variant=Manos
13433,fumetas,Vaporizador DynaVap M7 XL Starter Kit,129990,2026-07-21,ean,810086751587,10189,dynavap/m7-xl,3,si,no,of1527:Dynavap Vaporizador Mecánico M7 XL,1.02,https://fumetas.cl/vaporizador-dynavap-m7-xl-soplete
35949,fumetas,Special Blue Encendedor Soplete Bernie Anime - Reality,3990,2026-07-21,ean,811490114951,10483,special-blue/bernie-wild-free,3,si,no,of19423:Special Blue Encendedor Soplete Bernie Anime,1.00,https://fumetas.cl/special-blue-encendedor-soplete-bernie-anime?variant=Reality
35951,fumetas,Special Blue Encendedor Soplete Bernie Anime - Fire,3990,2026-07-21,ean,811490114951,10483,special-blue/bernie-wild-free,3,si,no,of19423:Special Blue Encendedor Soplete Bernie Anime,1.00,https://fumetas.cl/special-blue-encendedor-soplete-bernie-anime?variant=Fire
35805,fumetas,"Special Blue Encendedor Soplete Bernie Skull &amp; Roses - Catrina Rose",3990,2026-07-21,ean,811490181519,10483,special-blue/bernie-wild-free,3,si,no,"of19346:Special Blue Encendedor Soplete Bernie Skull &amp; Roses",1.00,https://fumetas.cl/special-blue-encendedor-soplete-bernie-skull-roses?variant=Catrina%20Rose
35806,fumetas,"Special Blue Encendedor Soplete Bernie Skull &amp; Roses - Skull Gamer",3990,2026-07-21,ean,811490181519,10483,special-blue/bernie-wild-free,3,si,no,"of19346:Special Blue Encendedor Soplete Bernie Skull &amp; Roses",1.00,https://fumetas.cl/special-blue-encendedor-soplete-bernie-skull-roses?variant=Skull%20Gamer
35807,fumetas,"Special Blue Encendedor Soplete Bernie Skull &amp; Roses - Speed Skull",3990,2026-07-21,ean,811490181519,10483,special-blue/bernie-wild-free,3,si,no,"of19346:Special Blue Encendedor Soplete Bernie Skull &amp; Roses",1.00,https://fumetas.cl/special-blue-encendedor-soplete-bernie-skull-roses?variant=Speed%20Skull
35809,fumetas,"Special Blue Encendedor Soplete Bernie Wild &amp; Free - Camouflage",3990,2026-07-21,ean,811490251823,10483,special-blue/bernie-wild-free,3,si,no,"of35808:Special Blue Encendedor Soplete Bernie Wild &amp; Free - Wild Bear",1.00,https://fumetas.cl/special-blue-encendedor-soplete-bernie-wild-free?variant=Camouflage
35810,fumetas,"Special Blue Encendedor Soplete Bernie Wild &amp; Free - Flag",3990,2026-07-21,ean,811490251823,10483,special-blue/bernie-wild-free,3,si,no,"of35808:Special Blue Encendedor Soplete Bernie Wild &amp; Free - Wild Bear",1.00,https://fumetas.cl/special-blue-encendedor-soplete-bernie-wild-free?variant=Flag
35811,fumetas,"Special Blue Encendedor Soplete Bernie Wild &amp; Free - Freedom",3990,2026-07-21,ean,811490251823,10483,special-blue/bernie-wild-free,3,si,no,"of35808:Special Blue Encendedor Soplete Bernie Wild &amp; Free - Wild Bear",1.00,https://fumetas.cl/special-blue-encendedor-soplete-bernie-wild-free?variant=Freedom
35954,fumetas,Special Blue Encendedor Soplete Bernie Psychedelic - Acid,3990,2026-07-21,ean,811490251960,10483,special-blue/bernie-wild-free,3,si,no,of19424:Special Blue Encendedor Soplete Bernie Psychedelic,1.00,https://fumetas.cl/special-blue-encendedor-soplete-bernie-psychedelic?variant=Acid
35955,fumetas,Special Blue Encendedor Soplete Bernie Psychedelic - Rainbow,3990,2026-07-21,ean,811490251960,10483,special-blue/bernie-wild-free,3,si,no,of19424:Special Blue Encendedor Soplete Bernie Psychedelic,1.00,https://fumetas.cl/special-blue-encendedor-soplete-bernie-psychedelic?variant=Rainbow
35953,fumetas,Special Blue Encendedor Soplete Bernie Psychedelic - Trippy,3990,2026-07-21,ean,811490251960,10483,special-blue/bernie-wild-free,3,si,no,of19424:Special Blue Encendedor Soplete Bernie Psychedelic,1.00,https://fumetas.cl/special-blue-encendedor-soplete-bernie-psychedelic?variant=Trippy
37574,fumetas,PAX Vaporizador Plus Kit - Complete Onyx,249990,2026-07-21,ean,840005602997,10864,pax/plus-complete-kit,2,si,no,of37576:PAX Vaporizador Plus Kit - Complete Sage,1.00,https://fumetas.cl/pax-vaporizador-plus-kit?variant=Complete%20Onyx
36035,fumetas,Cenicero bulldog metálico - Green,1990,2026-07-21,ean,8716722002315,10335,the-bulldog/cenicero-metalico,3,si,no,of629:Cenicero bulldog metálico,1.00,https://fumetas.cl/cenicero-bulldog-metalico?variant=Green
31752,astrogrowshop,Filtro De Carbón Activado-Kasvi - 250X600 MM,217990,2026-07-27,imagen,https://cdnx.jumpseller.com/astrogrowshop/image/75999747/imagen_1_25078.webp?1784048960,10725,kasvi/carbon-activado-125x400,3,si,no,of31749:Filtro De Carbón Activado-Kasvi - 125X400 MM,2.69,https://astrogrowshop.cl/filtro-de-carbon-activado-kasvi?variant=250X600%20MM
33548,fumetas,Moledor plástico Bulldog 3 partes 60mm - Transparente,2490,2026-07-28,imagen,https://cdnx.jumpseller.com/fumetas-store/image/13750278/clear_plastic_grinder-uai-828x955.jpg?1677296076,10096,the-bulldog/plastic-3-partes-63mm,3,si,no,of2024:Moledor plástico Bulldog 3 partes 60mm,1.00,https://fumetas.cl/moledor-plastico-bulldog-3-partes?variant=Transparente
33599,fumetas,PieceMaker Pipa Kuban 11 cm - Maduro,21990,2026-07-21,imagen,https://cdnx.jumpseller.com/fumetas-store/image/20786003/Maduro.jpg?1706194856,6011,piecemaker/kuban,2,si,no,of5582:PieceMaker Pipa Kuban 11 cm,1.00,https://fumetas.cl/pmg-pipa-kuban-11cm?variant=Maduro
33880,fumetas,American Helix Pipa Classic Mini 12cm - Azul,43990,2026-07-21,imagen,https://cdnx.jumpseller.com/fumetas-store/image/20786094/Helix_Classic_Mini_Azul.jpg?1673549599,5486,american-helix/classic-mini,2,si,no,of1267:American Helix Pipa Classic Mini 12cm,1.00,https://fumetas.cl/american-helix-pipa-classic-mini-12cm?variant=Azul
33845,fumetas,Bonglab Bong Jelly Drop 20cm - Ámbar,29990,2026-07-21,imagen,https://cdnx.jumpseller.com/fumetas-store/image/24036364/jelly-drop-bonglab.jpg?1749920665,5341,bonglab/jelly-drop,4,si,si,of1583:Bonglab Bong Jelly Drop 20cm,1.00,https://fumetas.cl/bonglab-bong-jelly-drop-20cm-diferentes-colores?variant=%C3%81mbar
34380,fumetas,Bonglab Bong Pyrex K41 Big Blow 46cm - Morado,66990,2026-07-21,imagen,https://cdnx.jumpseller.com/fumetas-store/image/24155794/bonglab-k41-big-blow.jpg?1658347459,5519,bonglab/big-blow,4,si,si,of1233:Bonglab Bong Pyrex K41 Big Blow 46cm,1.00,https://fumetas.cl/bonglab-bong-pyrex-k41-big-blow-purple-46cm?variant=Morado
34779,fumetas,Calvo Glass Quemador Perlas - Macho 18mm - Azul Oscuro,6890,2026-07-21,imagen,https://cdnx.jumpseller.com/fumetas-store/image/33022392/QPCG-B.jpg?1761926756,5748,calvo/bowl-perlas-18mm,4,si,si,of13209:Calvo Glass Quemador Perlas - Macho 18mm,1.00,https://fumetas.cl/calvo-glass-quemador-perlas-macho-18mm?variant=Azul%20Oscuro
20229,fumetas,LRC Blunt Hemp Wraps Terpenes x2 - Sabores,1490,2026-06-12,imagen,https://cdnx.jumpseller.com/fumetas-store/image/34373881/Blunt-Lion-Rolling-Circus-Terpenes-Gelato.webp?1694118562,10733,lion-rolling-circus/terpenes-gelato,2,si,no,of37567:LRC Blunt Hemp Wraps Terpenes x2 - Sabores - Gelato,1.00,https://fumetas.cl/lrc-blunt-hemp-wraps-terpenes-sabor-gelato
33946,fumetas,BongLab Bong R3 Mini 10.5cm - Verde,24990,2026-07-21,imagen,https://cdnx.jumpseller.com/fumetas-store/image/34389628/BongLab-R3-Mini-Green.webp?1781110801,5529,bonglab/r3-mini,4,si,si,of2016:BongLab Bong R3 Mini 10.5cm,1.00,https://fumetas.cl/bonglab-bong-r3-mini-105cm?variant=Verde
34419,fumetas,BongLab Bong X5 Pocket Bell 17cm - Azul,25990,2026-07-21,imagen,https://cdnx.jumpseller.com/fumetas-store/image/34545485/Bong_X5_Pocket_Bell-Blue.webp?1781145032,5528,bonglab/pocket-bell,4,si,si,of1244:BongLab Bong X5 Pocket Bell 17cm,1.00,https://fumetas.cl/bonglab-bong-x5-pocket-bell-17cm?variant=Azul
37073,fumetas,Ozeta Muslera Con Clave - Anti Olor - Sand,48990,2026-07-21,imagen,https://cdnx.jumpseller.com/fumetas-store/image/36751957/ozeta-bolso-muslera-antiolor-hermetico-sand-02.webp?1774967482,5782,ozeta/bag-legbag,5,si,si,of20033:Ozeta Muslera Con Clave - Anti Olor,1.00,https://fumetas.cl/ozeta-muslera?variant=Sand
37483,fumetas,Bonglab Bong KS10 Little Buchner 25cm - Negro,22990,2026-07-10,imagen,https://cdnx.jumpseller.com/fumetas-store/image/37254577/BongLab-KS10-Little-Buchner-Black.jpg?1781034312,5777,bonglab/little-buchner,4,si,si,of20189:Bonglab Bong KS10 Little Buchner 25cm,1.00,https://fumetas.cl/smokeshop/bongs-y-pipas/bongs/bonglab-ks10-little-buchner?variant=Negro
34674,fumetas,Bonglab Bong KS11 Classic Ice 26cm - Azul,22990,2026-07-21,imagen,https://cdnx.jumpseller.com/fumetas-store/image/39016077/BongLab-KS11-Classic-Ice-Blue.jpg?1781110367,5773,bonglab/classic-ice,4,si,si,of13168:Bonglab Bong KS11 Classic Ice 26cm,1.00,https://fumetas.cl/bonglab-bong-ks11-classic-ice-26cm?variant=Azul
34680,fumetas,Bonglab Bong X2 Color Cube 23cm - Azul,25990,2026-07-21,imagen,https://cdnx.jumpseller.com/fumetas-store/image/39079355/BongLab-X2-Blue.jpg?1781034117,5535,bonglab/color-cube,4,si,si,of13170:Bonglab Bong X2 Color Cube 23cm,1.00,https://fumetas.cl/bonglab-bong-x2-colo-cube-23cm?variant=Azul
33624,fumetas,Blazy Susan Moledor Contenedor Mini Herb Saver Rosado - Checkers,13390,2026-07-21,imagen,https://cdnx.jumpseller.com/fumetas-store/image/49866471/Moledor-Contenedor-Herb-Saver-Pink-Checkers.jpg?1718730723,5510,blazy-susan/herb-saver-mini,3,si,no,of2046:Blazy Susan Moledor Contenedor Mini Herb Saver Rosado,1.00,https://fumetas.cl/blazy-susan-moledor-contenedor-herb-saver?variant=Checkers
34301,fumetas,Ozeta Estuche pequeño - Anti-olor - Cian,28990,2026-07-21,imagen,https://cdnx.jumpseller.com/fumetas-store/image/50294875/Nuevo-estuche-ozeta-pequen_o-8.jpeg?1774967127,5765,ozeta/case-antiolor-small,5,si,si,of18552:Ozeta Estuche pequeño - Anti-olor,1.00,https://fumetas.cl/ozeta-estuche-pequeno?variant=Cian
33558,fumetas,Moledor Galaxy Cerámico 60mm - Rosado,31990,2026-07-28,imagen,https://cdnx.jumpseller.com/fumetas-store/image/53914152/Moledor-ceramico-Galaxy-63mm-Rosado.jpg?1729957583,10082,galaxy/ceramic-60mm,4,si,si,of4626:Moledor Galaxy Cerámico 60mm,1.00,https://fumetas.cl/moledor-galaxy-ceramico-60mm?variant=Rosado
33550,fumetas,Moledor Galaxy Aluminio 63mm - Negro,20990,2026-07-28,imagen,https://cdnx.jumpseller.com/fumetas-store/image/53914281/Moledor-Aluminio-Galaxy-63mm-Negro.jpg?1763413314,5499,galaxy/aluminio-63mm,3,si,no,of4625:Moledor Galaxy Aluminio 63mm,1.00,https://fumetas.cl/moledor-galaxy-aluminio-63mm?variant=Negro
11378,growbarato,Papelillo King Size Slim Blazy Susan Deluxe Kit Rosado – Papeles de Enrolar Premium,1600,2026-07-27,imagen,https://www.growbaratochile.cl/10775-large_default/blazy-susan-deluxe-kit-king-size-pink.jpg,10181,blazy-susan/pink-king-size-slim-con-tips,4,si,si,of2257:Papelillo King Size Slim Blazy Susan Deluxe Kit Rosado – Papeles de Enrolar Premium,1.00,https://www.growbaratochile.cl/blazy-susan/blazy-susan-deluxe-kit-king-size-pink.html
11336,growbarato,Blazy Susan papelillos king size purple – Papeles de enrolar ultra finos,400,2026-07-27,imagen,https://www.growbaratochile.cl/10781-large_default/blazy-susan-papelillos-king-size-slim-purple.jpg,10066,blazy-susan/purple-king-size-slim,4,si,si,of1436:Blazy Susan papelillos king size purple – Papeles de enrolar ultra finos,1.00,https://www.growbaratochile.cl/blazy-susan/blazy-susan-papelillos-king-size-slim-purple.html
11480,growbarato,Blazy Susan Papelillo en Rollo Purple + 50 Boquillas – Papeles Personalizables,1800,2026-07-27,imagen,https://www.growbaratochile.cl/10784-large_default/blazy-susan-rollo-8-metros-purple.jpg,10172,blazy-susan/purple-rolls-con-tips,4,si,si,of3162:Blazy Susan Papelillo en Rollo Purple + 50 Boquillas – Papeles Personalizables,1.00,https://www.growbaratochile.cl/blazy-susan/blazy-susan-rollo-8-metros-purple.html
11379,growbarato,Papelillo King Size Slim Blazy Susan Deluxe Kit Purple – Papeles de enrolar premium,1600,2026-07-27,imagen,https://www.growbaratochile.cl/10785-large_default/blazy-susan-deluxe-kit-king-size-purple.jpg,10182,blazy-susan/purple-king-size-slim-con-tips,4,si,si,of2258:Papelillo King Size Slim Blazy Susan Deluxe Kit Purple – Papeles de enrolar premium,1.00,https://www.growbaratochile.cl/blazy-susan/blazy-susan-deluxe-kit-king-size-purple.html
11380,growbarato,Papelillo King Size Slim Blazy Susan Deluxe Kit Unbleached – Kit de enrolar natural,1700,2026-07-27,imagen,https://www.growbaratochile.cl/10789-large_default/blazy-susan-deluxe-kit-king-size-unbleached.jpg,10282,blazy-susan/unbleached-king-size-slim-con-tips,3,si,no,of2259:Papelillo King Size Slim Blazy Susan Deluxe Kit Unbleached – Kit de enrolar natural,1.00,https://www.growbaratochile.cl/blazy-susan/blazy-susan-deluxe-kit-king-size-unbleached.html
