senal,valor,tienda,productos,ofertasCuradas,huerfanasEnGrupo,titulos,precios,ratioPrecio,tocaCongelado
sku,67992374748205,piranha,P5532 bonglab/tiny-bell-extended (3t) | P5778 bonglab/tiny-bell (4t),of3498->P5532(pierdeTienda=SI) | of846->P5778(pierdeTienda=SI),no,of3498:Bong Tiny Bell || of846:Bong Tiny Bell,"of3498:14442;of846:16990",1.1764298573604763,si
sku,AYPRAWMQERA11U4BLK,astrogrowshop,P5799 raw/rolling-machine-ecoplastic-1-1-4 (4t) | P10144 raw/rolling-machine-ecoplastic-ajustable-1-1-4 (3t),"of2613->P5799(pierdeTienda=SI,SIN-STOCK) | of31688->P10144(pierdeTienda=SI,SIN-STOCK)",no,of2613:MAQUINA ENROLADORA -RAW || of31688:MAQUINA ENROLADORA -RAW - ENROLADORA NEGRO,"of2613:3290;of31688:3290",1,si
sku,BGBLX4AMBER,astrogrowshop,P5525 bonglab/dream-rig (4t) | P10288 bonglab/dream-rig-x4 (2t),"of2606->P5525(pierdeTienda=no) | of31630->P10288(pierdeTienda=no,SIN-STOCK)",no,of2606:Dream Rig-Bonglab || of31630:Dream Rig-Bonglab - AMBAR,"of2606:24990;of31630:24990",1,si
sku,BGCGFBB9014MM,astrogrowshop,P10404 calvo/flat-bucket-banger-45-10mm (2t) | P10105 calvo/banger-flat-bucket-macho-90-14mm (4t),"of32872->P10404(pierdeTienda=no,SIN-STOCK) | of12689->P10404(pierdeTienda=no,SIN-STOCK) | of32874->P10105(pierdeTienda=SI,SIN-STOCK)",of78984,of32872:Flat Bucket Banger -Calvo (45° 10Mm/45° 14Mm/90° 10Mm/90° 14Mm) - 45° 14Mm || of12689:Flat Bucket Banger -Calvo (45° 10Mm/45° 14Mm/90° 10Mm/90° 14Mm) || of32874:Flat Bucket Banger -Calvo (45° 10Mm/45° 14Mm/90° 10Mm/90° 14Mm) - 90° 14MM,"of32872:7990;of12689:7990;of32874:7990",1,si
sku,BGGRHOOKCO,astrogrowshop,P10722 stundenglass/gravity-hookah (2t) | P10659 cookies/stundenglass-gravity-hookah (3t),"of23150->P10722(pierdeTienda=no) | of31801->P10659(pierdeTienda=SI,SIN-STOCK)",no,of23150:Gravity Hookah -Stundenglass || of31801:Gravity Hookah -Stundenglass - COOKIES,"of23150:424990;of31801:499990",1.1764747405821314,no
sku,BLAB-DIF-14N,fumetas,P10260 bonglab/diffuser-14mm-14cm (4t) | P10359 bonglab/difusor-logo-14mm-morado (3t),"of12854->P10260(pierdeTienda=SI) | of34005->P10359(pierdeTienda=no,SIN-STOCK)",no,of12854:Difusor Bonglab 18mm-14mm - 14cm || of34005:Difusor Bonglab 18mm-14mm - 14cm - Negro,"of12854:3790;of34005:3790",1,si
sku,BLAB-DREX4GR,fumetas,P10288 bonglab/dream-rig-x4 (2t) | P5525 bonglab/dream-rig (4t),of13171->P10288(pierdeTienda=no) | of34681->P5525(pierdeTienda=no),no,of13171:Bonglab Bong X4 Dream Rig 22cm || of34681:Bonglab Bong X4 Dream Rig 22cm - Verde,"of13171:25990;of34681:25990",1,si
sku,CLIPP-MDEGO,fumetas,P10721 clipper/metalico-demon-gradient (2t) | P10481 clipper/metalico-green-gradient (2t),of34112->P10721(pierdeTienda=no) | of19294->P10481(pierdeTienda=no),no,of34112:Encendedor Clipper Metálico Demon Gradient - Opaco || of19294:Encendedor Clipper Metálico Demon Gradient,"of34112:6990;of19294:6990",1,no
sku,GLXY-QUPL,fumetas,P10694 galaxy/quartz-63mm (2t) | P5503 galaxy/quartz (3t),of33612->P10694(pierdeTienda=no) | of1235->P5503(pierdeTienda=SI),no,of33612:Moledor Galaxy Quartz 63 mm - Plateado || of1235:Moledor Galaxy Quartz 63 mm,"of33612:47990;of1235:47990",1,no
sku,MLGANDGBLK,astrogrowshop,P5503 galaxy/quartz (3t) | P10694 galaxy/quartz-63mm (2t),of4711->P5503(pierdeTienda=SI) | of30957->P10694(pierdeTienda=no),no,of4711:Moledor Quartz Grinder- Galaxy || of30957:Moledor Quartz Grinder- Galaxy - Negro,"of4711:35990;of30957:35990",1,no
sku,OZTA-EGB23,fumetas,P10698 ozeta/case-grande-2023 (2t) | P5761 ozeta/case-antiolor-large (5t),"of34849->P10698(pierdeTienda=no,SIN-STOCK) | of13243->P5761(pierdeTienda=no,SIN-STOCK)",no,of34849:Ozeta Estuche grande 2023 - Anti-olor - Negro || of13243:Ozeta Estuche grande 2023 - Anti-olor,"of34849:33990;of13243:33990",1,si
sku,OZTA-EPB23,fumetas,P10699 ozeta/case-pequeno-2023 (2t) | P5765 ozeta/case-antiolor-small (5t),"of34873->P10699(pierdeTienda=no,SIN-STOCK) | of13247->P5765(pierdeTienda=no,SIN-STOCK)",no,of34873:Ozeta Estuche pequeño 2023 - Anti-olor - Negro || of13247:Ozeta Estuche pequeño 2023 - Anti-olor,"of34873:25990;of13247:25990",1,si
sku,PUFF-NPPROON,fumetas,P10560 puffco/new-peak-pro-onyx-3dxl (3t) | P10653 puffco/new-peak-pro (3t),of2086->P10560(pierdeTienda=SI) | of34355->P10653(pierdeTienda=SI),no,of2086:Puffco Vaporizador New Peak Pro + Chamber 3D XL || of34355:Puffco Vaporizador New Peak Pro + Chamber 3D XL - Onyx,"of2086:539990;of34355:539990",1,no
sku,TXOZESGPU,astrogrowshop,P5761 ozeta/case-antiolor-large (5t) | P10698 ozeta/case-grande-2023 (2t),"of17964->P5761(pierdeTienda=no) | of77542->P10698(pierdeTienda=no,SIN-STOCK)",of31636,of17964:Estuche Grande -Ozeta || of77542:Estuche Grande -Ozeta - PURPLE,"of17964:30990;of77542:30990",1,si
sku,TXOZESPPU,astrogrowshop,P10699 ozeta/case-pequeno-2023 (2t) | P5765 ozeta/case-antiolor-small (5t),"of77550->P10699(pierdeTienda=no,SIN-STOCK) | of17966->P5765(pierdeTienda=SI,SIN-STOCK)",of31644,of77550:Estuche Pequeño -Ozeta - PURPLE || of17966:Estuche Pequeño -Ozeta,"of77550:28990;of17966:25990",1.1154290111581378,si
sku,TXOZIWCA,astrogrowshop,P10198 ozeta/case-ywiwis-carboncin (4t) | P7885 ozeta/case-ywiwis (4t),"of32841->P10198(pierdeTienda=SI,SIN-STOCK) | of740->P7885(pierdeTienda=no)",no,of32841:Bolso Ywiwis Antiolor-Ozeta - CARBONCIN || of740:Bolso Ywiwis Antiolor-Ozeta,"of32841:28990;of740:28990",1,si
sku,VPPFNPBSS,astrogrowshop,P10735 puffco/new-peak-bliss (2t) | P10648 puffco/new-peak-onyx (3t),"of17216->P10735(pierdeTienda=SI) | of31842->P10648(pierdeTienda=no,SIN-STOCK)",no,of17216:New Peak Bliss - Puffco || of31842:New Peak (Color a elección) -Puffco - Bliss,"of17216:314990;of31842:314990",1,no
sku,VPPFNPCLO,astrogrowshop,P10677 puffco/new-peak-cloud (2t) | P10648 puffco/new-peak-onyx (3t),"of17217->P10677(pierdeTienda=SI,SIN-STOCK) | of31843->P10648(pierdeTienda=no,SIN-STOCK)",no,of17217:New Peak Cloud -Puffco || of31843:New Peak (Color a elección) -Puffco - Cloud,"of17217:258990;of31843:314990",1.216224564655006,no
sku,VPPFNPSKY,astrogrowshop,P10678 puffco/new-peak-sky (2t) | P10648 puffco/new-peak-onyx (3t),"of17219->P10678(pierdeTienda=SI,SIN-STOCK) | of31841->P10648(pierdeTienda=no,SIN-STOCK)",no,of17219:New Peak Sky - Puffco || of31841:New Peak (Color a elección) -Puffco - Sky,"of17219:258990;of31841:314990",1.216224564655006,no
ean,7798121253445,fumetas,P10733 lion-rolling-circus/terpenes-gelato (2t) | P10544 lion-rolling-circus/hemp-wrap-tangie (3t),of37567->P10733(pierdeTienda=SI) | of37568->P10544(pierdeTienda=SI),no,of37567:LRC Blunt Hemp Wraps Terpenes x2 - Sabores - Gelato || of37568:LRC Blunt Hemp Wraps Terpenes x2 - Sabores - Tangie,"of37567:1490;of37568:1490",1,no
ean,810028445109,fumetas,P10560 puffco/new-peak-pro-onyx-3dxl (3t) | P10653 puffco/new-peak-pro (3t),of2086->P10560(pierdeTienda=SI) | of34355->P10653(pierdeTienda=SI),no,of2086:Puffco Vaporizador New Peak Pro + Chamber 3D XL || of34355:Puffco Vaporizador New Peak Pro + Chamber 3D XL - Onyx,"of2086:539990;of34355:539990",1,no
imagen,https://cdnx.jumpseller.com/astrogrowshop/image/70329986/imagen_1_14213.webp?1771876247,astrogrowshop,P10722 stundenglass/gravity-hookah (2t) | P10659 cookies/stundenglass-gravity-hookah (3t),"of23150->P10722(pierdeTienda=no) | of31801->P10659(pierdeTienda=SI,SIN-STOCK)",no,of23150:Gravity Hookah -Stundenglass || of31801:Gravity Hookah -Stundenglass - COOKIES,"of23150:424990;of31801:499990",1.1764747405821314,no
imagen,https://cdnx.jumpseller.com/astrogrowshop/image/70330412/imagen_1_26240.webp?1764695306,astrogrowshop,P5525 bonglab/dream-rig (4t) | P10288 bonglab/dream-rig-x4 (2t),"of2606->P5525(pierdeTienda=no) | of31630->P10288(pierdeTienda=no,SIN-STOCK)",no,of2606:Dream Rig-Bonglab || of31630:Dream Rig-Bonglab - AMBAR,"of2606:24990;of31630:24990",1,si
imagen,https://cdnx.jumpseller.com/astrogrowshop/image/70898459/imagen_1_29082.webp?1782325381,astrogrowshop,P10198 ozeta/case-ywiwis-carboncin (4t) | P7885 ozeta/case-ywiwis (4t),"of32841->P10198(pierdeTienda=SI,SIN-STOCK) | of740->P7885(pierdeTienda=no)",no,of32841:Bolso Ywiwis Antiolor-Ozeta - CARBONCIN || of740:Bolso Ywiwis Antiolor-Ozeta,"of32841:28990;of740:28990",1,si
imagen,https://cdnx.jumpseller.com/astrogrowshop/image/73805537/AYPRAWMQERA11U4BLK.webp?1772034060,astrogrowshop,P5799 raw/rolling-machine-ecoplastic-1-1-4 (4t) | P10144 raw/rolling-machine-ecoplastic-ajustable-1-1-4 (3t),"of2613->P5799(pierdeTienda=SI,SIN-STOCK) | of31688->P10144(pierdeTienda=SI,SIN-STOCK)",no,of2613:MAQUINA ENROLADORA -RAW || of31688:MAQUINA ENROLADORA -RAW - ENROLADORA NEGRO,"of2613:3290;of31688:3290",1,si
imagen,https://cdnx.jumpseller.com/astrogrowshop/image/78564613/5ab48edd-b636-45db-b437-f7d60ded0d1b.webp?1783438793,astrogrowshop,P5503 galaxy/quartz (3t) | P10694 galaxy/quartz-63mm (2t),of4711->P5503(pierdeTienda=SI) | of30965->P10694(pierdeTienda=no),no,of4711:Moledor Quartz Grinder- Galaxy || of30965:Moledor Quartz Grinder- Galaxy - Morado,"of4711:35990;of30965:35990",1,no
imagen,https://cdnx.jumpseller.com/fumetas-store/image/50254208/ozeta-black-grande-2.jpg?1719854267,fumetas,P10698 ozeta/case-grande-2023 (2t) | P5761 ozeta/case-antiolor-large (5t),"of34849->P10698(pierdeTienda=no,SIN-STOCK) | of13243->P5761(pierdeTienda=no,SIN-STOCK)",no,of34849:Ozeta Estuche grande 2023 - Anti-olor - Negro || of13243:Ozeta Estuche grande 2023 - Anti-olor,"of34849:33990;of13243:33990",1,si
imagen,https://cdnx.jumpseller.com/fumetas-store/image/50277502/Pequen_o-Ozeta.webp?1719933606,fumetas,P10699 ozeta/case-pequeno-2023 (2t) | P5765 ozeta/case-antiolor-small (5t),"of34873->P10699(pierdeTienda=no,SIN-STOCK) | of13247->P5765(pierdeTienda=no,SIN-STOCK)",no,of34873:Ozeta Estuche pequeño 2023 - Anti-olor - Negro || of13247:Ozeta Estuche pequeño 2023 - Anti-olor,"of34873:25990;of13247:25990",1,si
imagen,https://cdnx.jumpseller.com/fumetas-store/image/65050802/Difusor-Logo-Negro-18mm-14mm-14cm.jpg?1751396801,fumetas,P10260 bonglab/diffuser-14mm-14cm (4t) | P10359 bonglab/difusor-logo-14mm-morado (3t),"of12854->P10260(pierdeTienda=SI) | of34005->P10359(pierdeTienda=no,SIN-STOCK)",no,of12854:Difusor Bonglab 18mm-14mm - 14cm || of34005:Difusor Bonglab 18mm-14mm - 14cm - Negro,"of12854:3790;of34005:3790",1,si
