offerId,tienda,titulo,precio,productId,modelSlug,tiendasDestino,ratioPrecio,senal,queVendeEstaTiendaEnElDestino,identidadOferta
513,piranha,Válvula Solid Valve Set,110492,P10519,storz-bickel/easy-valve-starter-set,2t,0.76,OTRA-FICHA-MISMA-TIENDA,of497 sku=4260248820174 https://piranha.cl/inicio/304/volcano-easy-valve-starter-set.html,sku=4260248820167 ean=4260248820167 variante=- base=https://piranha.cl/inicio/305/volcano-solid-valve-set.html
3530,piranha,Papelillo RAW Black Organic Hemp King Size | PIRANHA,1290,P10272,raw/black-king-size-slim,3t,1.00,OTRA-FICHA-MISMA-TIENDA,of15766 sku=71426529242205 https://piranha.cl/inicio/7266/papelillos-raw-classic-black-king-size.html,sku=71427229178663 ean=- variante=- base=https://piranha.cl/inicio/7273/papelillos-raw-black-organic-hemp-king-size.html
11070,piranha,Cajita Metálica RAW Rectangular | PIRANHA,2490,P10513,raw/cajita-cigarrera-tapa-deslizante,2t,0.62,OTRA-FICHA-MISMA-TIENDA,of15814 sku=71451262256510 https://piranha.cl/inicio/7300/cajita-metalica-raw-tipo-cigarrera-tapa-deslizante.html,sku=71451247093654 ean=- variante=- base=https://piranha.cl/inicio/7298/cajita-metalica-raw-rectangular.html
11107,piranha,Volcano Hybrid Cámara de Hierbas| PIRANHA,94991,P10263,storz-bickel/dosing-capsules-volcano-camara,3t,0.79,OTRA-FICHA-MISMA-TIENDA,of11072 sku=73075113626851 https://piranha.cl/inicio/7827/volcano-hybrid-camara-con-reductor-para-capsulas.html,sku=73073940134494 ean=- variante=- base=https://piranha.cl/inicio/7825/volcano-hybrid-camara-de-hierbas.html
11209,piranha,Jockey RAW con Spot Secreto,12341,P10589,raw/jockey-flat-snapback-black,2t,0.95,OTRA-FICHA-MISMA-TIENDA,of15767 sku=71451463943079 https://piranha.cl/inicio/7310/jockey-raw-con-spot-secreto-flat-snap-back.html,sku=68858710661937 ean=- variante=- base=https://piranha.cl/inicio/6478/jockey-raw-con-spot-secreto.html
11221,piranha,Conos PreEnrolados OCB Ultra Fino 109mm (3u)| PIRANHA,1790,P5714,ocb/pre-roll-virgin-king-size-slim-3u,3t,0.90,OTRA-FICHA-MISMA-TIENDA,of1052 sku=75115212653206 https://piranha.cl/inicio/8384/conos-preenrolados-ocb-virgin-ultra-fino-unbleached-109mm.html,sku=75115183774039 ean=- variante=- base=https://piranha.cl/inicio/8383/conos-preenrolados-ocb-ultra-fino-109mm.html
11380,growbarato,Papelillo King Size Slim Blazy Susan Deluxe Kit Unbleached – Kit de enrolar natural,1700,P5421,blazy-susan/unbleached-king-size-slim,2t,1.32,TIENDA-AUSENTE,(el destino no tiene esta tienda),sku=- ean=- variante=- base=https://www.growbaratochile.cl/blazy-susan/blazy-susan-deluxe-kit-king-size-unbleached.html
11480,growbarato,Blazy Susan Papelillo en Rollo Purple + 50 Boquillas – Papeles Personalizables,1800,P10353,blazy-susan/roll-8m-pink,3t,0.72,TIENDA-AUSENTE,(el destino no tiene esta tienda),sku=- ean=- variante=- base=https://www.growbaratochile.cl/blazy-susan/blazy-susan-rollo-8-metros-purple.html
14380,piranha,Cargador Inalámbrico Focus V Aeris | PIRANHA,75991,P10467,focus-v/cargador-inalambrico-carta-2,2t,1.09,TIENDA-AUSENTE,(el destino no tiene esta tienda),sku=77050964202544 ean=- variante=- base=https://piranha.cl/inicio/8721/cargador-inalambrico-focus-v-aeris.html
15815,piranha,Mochila Anti Olor Blazy Susan Clásica Pink | PIRANHA,69591,P10448,blazy-susan/banano-smellproof-pink,3t,1.74,OTRA-FICHA-MISMA-TIENDA,of15967 sku=71736761733334 https://piranha.cl/inicio/7442/banano-anti-olor-fanny-pack-blazy-susan-pink.html,sku=71736767777402 ean=- variante=- base=https://piranha.cl/inicio/7443/mochila-anti-olor-blazy-susan-clasica-pink.html
15843,piranha,Mochila Anti Olor Blazy Susan Logos | PIRANHA,74791,P10570,blazy-susan/bolso-cruzado-smellproof,2t,1.26,OTRA-FICHA-MISMA-TIENDA,of1291 sku=71736785062769 https://piranha.cl/inicio/7445/bolso-anti-olor-cruzado-blazy-susan-black-pink.html,sku=71736769310111 ean=- variante=- base=https://piranha.cl/inicio/7444/mochila-anti-olor-blazy-susan-logos.html
15848,piranha,Bolso Anti Olor Dime Bags The Don con Candado | PIRANHA,34993,P10490,dime-bags/the-boss-25cm,2t,0.97,OTRA-FICHA-MISMA-TIENDA,of11261 sku=74993203874906 https://piranha.cl/inicio/8358/bolso-anti-olor-dime-bags-the-boss-con-candado-25cm.html,sku=74992127291745 ean=- variante=- base=https://piranha.cl/inicio/8354/bolso-anti-olor-dime-bags-the-don-con-candado-color-a-eleccion.html
15863,piranha,Encendedor Zippo Leaf Design Engraved,34990,P10308,zippo/cannabis-design-3,2t,0.78,TIENDA-AUSENTE,(el destino no tiene esta tienda),sku=68753489436716 ean=- variante=- base=https://piranha.cl/inicio/6266/encendedor-zippo-leaf-design-engraved.html
16026,piranha,Mighty Juego de Boquillas,13900,P10264,storz-bickel/mouthpiece-crafty-4u,3t,0.99,OTRA-FICHA-MISMA-TIENDA,of16028 sku=4260248821133 https://piranha.cl/inicio/323/crafty-juego-de-boquillas.html,sku=4260248821096 ean=4260248821096 variante=- base=https://piranha.cl/inicio/317/mightymighty-juego-de-boquillas.html
16040,piranha,Vaporizador Proxy Kit Black - Puffco,258993,P10443,puffco/proxy,2t,0.74,TIENDA-AUSENTE,(el destino no tiene esta tienda),sku=68694053101537 ean=- variante=- base=https://piranha.cl/inicio/6197/vaporizador-puffco-proxy-kit-color-a-eleccion.html
16103,piranha,Crafty/Crafty+ Estuche Rígido| PIRANHA,17991,P10287,storz-bickel/mighty,3t,0.60,OTRA-FICHA-MISMA-TIENDA,of16092 sku=68546864397067 https://piranha.cl/inicio/6092/mightymighty-estuche-rigido.html || of16030 sku=4260248821218 https://piranha.cl/inicio/330/mighty-adaptador-de-corriente.html || of16186 sku=73073810686227 https://piranha.cl/inicio/7816/mightycrafty-kit-de-accesorios.html,sku=73073820290983 ean=- variante=- base=https://piranha.cl/inicio/7817/craftycrafty-estuche-rigido.html
16131,piranha,Bong Kit Extractos Doble Circuit Bonglab | PIRANHA,49491,P10461,bonglab/cobra-rig-kit-extractos,2t,1.10,OTRA-FICHA-MISMA-TIENDA,of16132 sku=71321259511375 https://piranha.cl/inicio/7158/bong-kit-extractos-cobra-rig-bonglab.html,sku=71321254092129 ean=- variante=- base=https://piranha.cl/inicio/7157/bong-kit-extractos-doble-circuit-bonglab.html
16137,piranha,Blunt Wrap Lion Rolling Circus,1990,P10733,lion-rolling-circus/terpenes-gelato,2t,1.00,OTRA-FICHA-MISMA-TIENDA,of15985 sku=1654029152738 https://piranha.cl/inicio/3879/blunt-wrap-lion-rolling-circus-terpenes-gelato.html,sku=1564784066737 ean=- variante=- base=https://piranha.cl/inicio/1487/friendly-url-autogeneration-failed.html
16175,piranha,Crafty Kit de Repuestos,29742,P10275,storz-bickel/piezas-desgaste-mighty,3t,0.67,OTRA-FICHA-MISMA-TIENDA,of16174 sku=4260248821140 https://piranha.cl/inicio/320/mightymighty-kit-de-repuestos.html,sku=4260248820990 ean=4260248820990 variante=- base=https://piranha.cl/inicio/326/crafty-kit-de-repuestos.html
16211,piranha,Vaporizador Modular Puffco Proxy Core Kit Onyx | PIRANHA,427491,P10443,puffco/proxy,2t,1.22,TIENDA-AUSENTE,(el destino no tiene esta tienda),sku=77465862121909 ean=- variante=- base=https://piranha.cl/inicio/8806/vaporizador-modular-puffco-proxy-core-kit-onyx.html
71166,growbarato,Bonglab Pocket Twister 23cm – Bong Compacto Negro y Verde | GrowBaratoChile,28800,P10466,bonglab/tough-beaker-23cm,2t,1.03,TIENDA-AUSENTE,(el destino no tiene esta tienda),sku=- ean=- variante=- base=https://www.growbaratochile.cl/parafernalia/bong-pocket-twister-bonglab.html
80305,piranha,Puffco New Peak Pro 3DXL LTD Plasma Edition Chamber | PIRANHA,179991,P10639,puffco/chamber-3dxl-onyx,2t,1.11,OTRA-FICHA-MISMA-TIENDA,of16018 sku=77466273258117 https://piranha.cl/inicio/8810/puffco-new-peak-pro-3dxl-ltd-black-edition-chamber.html,sku=78460139552085 ean=- variante=- base=https://piranha.cl/inicio/8853/puffco-new-peak-pro-3dxl-ltd-plasma-edition-chamber.html
87651,friendlygrow,Vaporizador Para Hierbas Yocan Hit - Plateado,30990,P10214,yocan/vaporizer-hit-2,4t,0.47,OTRA-FICHA-MISMA-TIENDA,of87529 sku=- https://www.friendlygrow.cl/vaporizador-de-hierbas-yocan-hit-2-pantalla-led-smart || of87530 sku=- https://www.friendlygrow.cl/vaporizador-de-hierbas-yocan-hit-2-pantalla-led-smart || of87531 sku=- https://www.friendlygrow.cl/vaporizador-de-hierbas-yocan-hit-2-pantalla-led-smart || of87532 sku=- https://www.friendlygrow.cl/vaporizador-de-hierbas-yocan-hit-2-pantalla-led-smart || of87533 sku=- https://www.friendlygrow.cl/vaporizador-de-hierbas-yocan-hit-2-pantalla-led-smart || of87534 sku=- https://www.friendlygrow.cl/vaporizador-de-hierbas-yocan-hit-2-pantalla-led-smart,sku=184687373829 ean=- variante=Plateado base=https://www.friendlygrow.cl/vaporizador-para-hierbas-yocan-hit-kit-100-original
87652,friendlygrow,Vaporizador Para Hierbas Yocan Hit - Dorado,30990,P10214,yocan/vaporizer-hit-2,4t,0.47,OTRA-FICHA-MISMA-TIENDA,of87529 sku=- https://www.friendlygrow.cl/vaporizador-de-hierbas-yocan-hit-2-pantalla-led-smart || of87530 sku=- https://www.friendlygrow.cl/vaporizador-de-hierbas-yocan-hit-2-pantalla-led-smart || of87531 sku=- https://www.friendlygrow.cl/vaporizador-de-hierbas-yocan-hit-2-pantalla-led-smart || of87532 sku=- https://www.friendlygrow.cl/vaporizador-de-hierbas-yocan-hit-2-pantalla-led-smart || of87533 sku=- https://www.friendlygrow.cl/vaporizador-de-hierbas-yocan-hit-2-pantalla-led-smart || of87534 sku=- https://www.friendlygrow.cl/vaporizador-de-hierbas-yocan-hit-2-pantalla-led-smart,sku=184687373829 ean=- variante=Dorado base=https://www.friendlygrow.cl/vaporizador-para-hierbas-yocan-hit-kit-100-original
87653,friendlygrow,Vaporizador Para Hierbas Yocan Hit - Azul,30990,P10214,yocan/vaporizer-hit-2,4t,0.47,OTRA-FICHA-MISMA-TIENDA,of87529 sku=- https://www.friendlygrow.cl/vaporizador-de-hierbas-yocan-hit-2-pantalla-led-smart || of87530 sku=- https://www.friendlygrow.cl/vaporizador-de-hierbas-yocan-hit-2-pantalla-led-smart || of87531 sku=- https://www.friendlygrow.cl/vaporizador-de-hierbas-yocan-hit-2-pantalla-led-smart || of87532 sku=- https://www.friendlygrow.cl/vaporizador-de-hierbas-yocan-hit-2-pantalla-led-smart || of87533 sku=- https://www.friendlygrow.cl/vaporizador-de-hierbas-yocan-hit-2-pantalla-led-smart || of87534 sku=- https://www.friendlygrow.cl/vaporizador-de-hierbas-yocan-hit-2-pantalla-led-smart,sku=184687373829 ean=- variante=Azul base=https://www.friendlygrow.cl/vaporizador-para-hierbas-yocan-hit-kit-100-original
87657,friendlygrow,Hot Knife Dabber Eléctrico Para Extracciones | Yocan Blade. - Celeste,29990,P10312,puffco/hot-knife,4t,0.42,TIENDA-AUSENTE,(el destino no tiene esta tienda),sku=184755689125 ean=- variante=Celeste base=https://www.friendlygrow.cl/hot-knife-dabber-electrico-para-extracciones-yocan-blade
87658,friendlygrow,Hot Knife Dabber Eléctrico Para Extracciones | Yocan Blade. - Morado,29990,P10312,puffco/hot-knife,4t,0.42,TIENDA-AUSENTE,(el destino no tiene esta tienda),sku=184755689125 ean=- variante=Morado base=https://www.friendlygrow.cl/hot-knife-dabber-electrico-para-extracciones-yocan-blade
87659,friendlygrow,Hot Knife Dabber Eléctrico Para Extracciones | Yocan Blade. - Rojo,29990,P10312,puffco/hot-knife,4t,0.42,TIENDA-AUSENTE,(el destino no tiene esta tienda),sku=184755689125 ean=- variante=Rojo base=https://www.friendlygrow.cl/hot-knife-dabber-electrico-para-extracciones-yocan-blade
87660,friendlygrow,Hot Knife Dabber Eléctrico Para Extracciones | Yocan Blade. - Silver,29990,P10312,puffco/hot-knife,4t,0.42,TIENDA-AUSENTE,(el destino no tiene esta tienda),sku=184755689125 ean=- variante=Silver base=https://www.friendlygrow.cl/hot-knife-dabber-electrico-para-extracciones-yocan-blade
87948,friendlygrow,Boquilla de Enfriamiento Vaporizador Herbal Yocan Hit,5990,P10214,yocan/vaporizer-hit-2,4t,0.09,OTRA-FICHA-MISMA-TIENDA,of87529 sku=- https://www.friendlygrow.cl/vaporizador-de-hierbas-yocan-hit-2-pantalla-led-smart || of87530 sku=- https://www.friendlygrow.cl/vaporizador-de-hierbas-yocan-hit-2-pantalla-led-smart || of87531 sku=- https://www.friendlygrow.cl/vaporizador-de-hierbas-yocan-hit-2-pantalla-led-smart || of87532 sku=- https://www.friendlygrow.cl/vaporizador-de-hierbas-yocan-hit-2-pantalla-led-smart || of87533 sku=- https://www.friendlygrow.cl/vaporizador-de-hierbas-yocan-hit-2-pantalla-led-smart || of87534 sku=- https://www.friendlygrow.cl/vaporizador-de-hierbas-yocan-hit-2-pantalla-led-smart,sku=5 ean=- variante=- base=https://www.friendlygrow.cl/boquilla-de-enfriamiento-herbal-yocan-hit
88413,friendlygrow,Repuesto Hot Knife Yocan Dirk,10990,P10493,yocan/dirk-hot-knife,3t,0.33,OTRA-FICHA-MISMA-TIENDA,of87513 sku=- https://www.friendlygrow.cl/yocan-dirk-hot-knife || of87514 sku=- https://www.friendlygrow.cl/yocan-dirk-hot-knife || of87516 sku=- https://www.friendlygrow.cl/yocan-dirk-hot-knife || of87517 sku=- https://www.friendlygrow.cl/yocan-dirk-hot-knife || of87518 sku=- https://www.friendlygrow.cl/yocan-dirk-hot-knife || of87519 sku=- https://www.friendlygrow.cl/yocan-dirk-hot-knife || of87515 sku=- https://www.friendlygrow.cl/yocan-dirk-hot-knife,sku=- ean=- variante=- base=https://www.friendlygrow.cl/yocan-dirk-tip
88911,friendlygrow,Vaporizador Extracciones Yocan Iris - Morado,25990,P10548,yocan/flat,2t,2.60,TIENDA-AUSENTE,(el destino no tiene esta tienda),sku=- ean=- variante=Morado base=https://www.friendlygrow.cl/yocan-iris
93658,piranha,Jockey RAW Trucker Camuflado con Beige y Spot Secreto | PIRANHA,14241,P10589,raw/jockey-flat-snapback-black,2t,1.10,OTRA-FICHA-MISMA-TIENDA,of15767 sku=71451463943079 https://piranha.cl/inicio/7310/jockey-raw-con-spot-secreto-flat-snap-back.html,sku=78490550528964 ean=- variante=- base=https://piranha.cl/inicio/8929/jockey-raw-trucker-camuflado-con-beige-y-spot-secreto.html
93698,piranha,Jockey RAW Camuflado con Spot Secreto | PIRANHA,14241,P10589,raw/jockey-flat-snapback-black,2t,1.10,OTRA-FICHA-MISMA-TIENDA,of15767 sku=71451463943079 https://piranha.cl/inicio/7310/jockey-raw-con-spot-secreto-flat-snap-back.html,sku=78490546717000 ean=- variante=- base=https://piranha.cl/inicio/8928/jockey-raw-camuflado-con-spot-secreto.html
93936,piranha,Cajita Metálica Porta Papelillos RAW Black 1 1/4 | PIRANHA,1990,P10186,raw/black-connoisseur-1-1-4-tips,1t,1.47,TIENDA-AUSENTE,(el destino no tiene esta tienda),sku=78491491525572 ean=- variante=- base=https://piranha.cl/inicio/8933/cajita-metalica-porta-papelillos-raw-black-1-14.html
