nivel,sim,dist,priceRatio,productId,productName,category,offerId,offerTitle,offerPrice,offerUrl,offerImage
3,0.963,237,1.17,10487,"Bonglab Bong Saucer Rig 13cm",Bongs,87609,"Bong Pyrex Mystic Spiral 48cm 1,6kg",34990,https://www.friendlygrow.cl/bong-pyrex-mystic-spiral-48cm-16kg,https://cdnx.jumpseller.com/friendly-grow/image/71807926/transparent-Photoroom_20_282_29.jpg?1768281697
4,0.9594,200,1.49,5522,"Bong Mad Professor de Bonglab - GB The Green Brand",Bongs,87609,"Bong Pyrex Mystic Spiral 48cm 1,6kg",34990,https://www.friendlygrow.cl/bong-pyrex-mystic-spiral-48cm-16kg,https://cdnx.jumpseller.com/friendly-grow/image/71807926/transparent-Photoroom_20_282_29.jpg?1768281697
3,0.9562,210,1.07,10487,"Bonglab Bong Saucer Rig 13cm",Bongs,88052,"Bong de Pyrex Phoenix Triple Cámara 38cms",29990,https://www.friendlygrow.cl/bong-de-vidrio-phoenix-triple-camara,https://cdnx.jumpseller.com/friendly-grow/image/74770944/1.jpg?1773694890
4,0.9542,204,1.49,5520,"Bongbastic K276 Bonglab Doble Percolador | Bong Grande Boros",Bongs,87609,"Bong Pyrex Mystic Spiral 48cm 1,6kg",34990,https://www.friendlygrow.cl/bong-pyrex-mystic-spiral-48cm-16kg,https://cdnx.jumpseller.com/friendly-grow/image/71807926/transparent-Photoroom_20_282_29.jpg?1768281697
4,0.9502,209,1.6,5530,"The Sheikh 42Cm -Bonglab",Bongs,87609,"Bong Pyrex Mystic Spiral 48cm 1,6kg",34990,https://www.friendlygrow.cl/bong-pyrex-mystic-spiral-48cm-16kg,https://cdnx.jumpseller.com/friendly-grow/image/71807926/transparent-Photoroom_20_282_29.jpg?1768281697
3,0.906,139,1.42,10680,"Airistech Vaporizador Herbva Nokiva",Vaporizadores herbales,87589,"Vaporizador Para Hierbas Airis Nokiva 5g - Airistech. - Rojo",49320,https://www.friendlygrow.cl/vaporizador-para-hierbas-airis-nokiva-5g-airistech?variant=Rojo,https://cdnx.jumpseller.com/friendly-grow/image/69159800/Nokiva_20_20_285_29.jpg?1761747756
3,0.8817,93,1.42,10680,"Airistech Vaporizador Herbva Nokiva",Vaporizadores herbales,87587,"Vaporizador Para Hierbas Airis Nokiva 5g - Airistech. - Blan",49320,https://www.friendlygrow.cl/vaporizador-para-hierbas-airis-nokiva-5g-airistech?variant=Blanco,https://cdnx.jumpseller.com/friendly-grow/image/69159794/Nokiva_20_20_286_29.jpg?1761747756
4,0.8622,128,1.16,10321,"Vaporizador Focus V Carta Sport | PIRANHA",Vaporizadores herbales,88837,"Vaporizador Extracciones E-rig Yocan Phaser Max - Azul",249990,https://www.friendlygrow.cl/yocan-phaser-max?variant=Azul,https://cdnx.jumpseller.com/friendly-grow/image/73165137/YXK-191C_E8_93_9D.png?1774537189
4,0.8482,126,1.16,10321,"Vaporizador Focus V Carta Sport | PIRANHA",Vaporizadores herbales,88838,"Vaporizador Extracciones E-rig Yocan Phaser Max - Plateado",249990,https://www.friendlygrow.cl/yocan-phaser-max?variant=Plateado,https://cdnx.jumpseller.com/friendly-grow/image/73165131/YXK-191C_E9_93_B6.png?1774537189
3,0.8405,116,1.4,10648,"Puffco New Peak Onyx (2024)",Accesorios de extraccion,88835,"Vaporizador Extracciones E-rig Yocan Phaser Max - Rojo",249990,https://www.friendlygrow.cl/yocan-phaser-max?variant=Rojo,https://cdnx.jumpseller.com/friendly-grow/image/73165135/YXK-191C1_E7_BA_A2.png?1774537189
3,0.8292,124,1.4,10648,"Puffco New Peak Onyx (2024)",Accesorios de extraccion,88837,"Vaporizador Extracciones E-rig Yocan Phaser Max - Azul",249990,https://www.friendlygrow.cl/yocan-phaser-max?variant=Azul,https://cdnx.jumpseller.com/friendly-grow/image/73165137/YXK-191C_E8_93_9D.png?1774537189
3,0.8181,137,1.25,10435,"Focus V Vaporizador Aeris",Vaporizadores herbales,88837,"Vaporizador Extracciones E-rig Yocan Phaser Max - Azul",249990,https://www.friendlygrow.cl/yocan-phaser-max?variant=Azul,https://cdnx.jumpseller.com/friendly-grow/image/73165137/YXK-191C_E8_93_9D.png?1774537189
3,0.8169,114,1.4,10648,"Puffco New Peak Onyx (2024)",Accesorios de extraccion,88833,"Vaporizador Extracciones E-rig Yocan Phaser Max - Negro",249990,https://www.friendlygrow.cl/yocan-phaser-max?variant=Negro,https://cdnx.jumpseller.com/friendly-grow/image/73165136/YXK-191C1_E9_BB_91.png?1774537189
3,0.7799,86,1.08,10377,"Storz & Bickel Plenty",Vaporizadores herbales,88835,"Vaporizador Extracciones E-rig Yocan Phaser Max - Rojo",249990,https://www.friendlygrow.cl/yocan-phaser-max?variant=Rojo,https://cdnx.jumpseller.com/friendly-grow/image/73165135/YXK-191C1_E7_BA_A2.png?1774537189
4,0.7783,80,1.56,10406,"DynaVap The UniDyn",Vaporizadores herbales,88838,"Vaporizador Extracciones E-rig Yocan Phaser Max - Plateado",249990,https://www.friendlygrow.cl/yocan-phaser-max?variant=Plateado,https://cdnx.jumpseller.com/friendly-grow/image/73165131/YXK-191C_E9_93_B6.png?1774537189
3,0.7761,99,1.25,10435,"Focus V Vaporizador Aeris",Vaporizadores herbales,88835,"Vaporizador Extracciones E-rig Yocan Phaser Max - Rojo",249990,https://www.friendlygrow.cl/yocan-phaser-max?variant=Rojo,https://cdnx.jumpseller.com/friendly-grow/image/73165135/YXK-191C1_E7_BA_A2.png?1774537189
3,0.7749,99,1.25,10435,"Focus V Vaporizador Aeris",Vaporizadores herbales,88833,"Vaporizador Extracciones E-rig Yocan Phaser Max - Negro",249990,https://www.friendlygrow.cl/yocan-phaser-max?variant=Negro,https://cdnx.jumpseller.com/friendly-grow/image/73165136/YXK-191C1_E9_BB_91.png?1774537189
4,0.7741,78,1.56,10406,"DynaVap The UniDyn",Vaporizadores herbales,88837,"Vaporizador Extracciones E-rig Yocan Phaser Max - Azul",249990,https://www.friendlygrow.cl/yocan-phaser-max?variant=Azul,https://cdnx.jumpseller.com/friendly-grow/image/73165137/YXK-191C_E8_93_9D.png?1774537189
2,0.7702,137,1.15,5801,"Kit limpiador de bongs Fórmula Secreta 420 250mL",Limpieza,87637,"Pipa de Pyrex Cookies Spoon - Premium Borosilicate Glass - D",6290,https://www.friendlygrow.cl/pipa-de-vidrio-cookies-spoon-premium-borosilicate-glass?variant=Dise%C3%B1o%206,https://cdnx.jumpseller.com/friendly-grow/image/75851219/YD312-C_20_2818_29.jpg?1776370701
2,0.7676,138,1.59,10559,"Puffco Proxy Wizard",Accesorios de extraccion,88838,"Vaporizador Extracciones E-rig Yocan Phaser Max - Plateado",249990,https://www.friendlygrow.cl/yocan-phaser-max?variant=Plateado,https://cdnx.jumpseller.com/friendly-grow/image/73165131/YXK-191C_E9_93_B6.png?1774537189
2,0.7518,136,1.59,10559,"Puffco Proxy Wizard",Accesorios de extraccion,88837,"Vaporizador Extracciones E-rig Yocan Phaser Max - Azul",249990,https://www.friendlygrow.cl/yocan-phaser-max?variant=Azul,https://cdnx.jumpseller.com/friendly-grow/image/73165137/YXK-191C_E8_93_9D.png?1774537189
2,0.7493,135,1.13,10614,"Dual Dabbers Classic Bongalab - GB The Green Brand",Accesorios de extraccion,88592,"Dabber Spoon de Precisión Black Cobra - Diseño Corona - Blan",3990,https://www.friendlygrow.cl/mini-cuchara-de-precision-black-cobra-diseno-corona?variant=Blanca,https://cdnx.jumpseller.com/friendly-grow/image/75772398/AC885-BC_20_288_29.jpg?1776127645
3,0.7359,96,1.08,10377,"Storz & Bickel Plenty",Vaporizadores herbales,88837,"Vaporizador Extracciones E-rig Yocan Phaser Max - Azul",249990,https://www.friendlygrow.cl/yocan-phaser-max?variant=Azul,https://cdnx.jumpseller.com/friendly-grow/image/73165137/YXK-191C_E8_93_9D.png?1774537189
2,0.7357,107,1.4,10237,"Zengaz Encendedor Soplete ZL-3 Love",Encendedores y sopletes,87632,"Pipa de Pyrex Cookies Spoon - Premium Borosilicate Glass - D",6290,https://www.friendlygrow.cl/pipa-de-vidrio-cookies-spoon-premium-borosilicate-glass?variant=Dise%C3%B1o%201,https://cdnx.jumpseller.com/friendly-grow/image/75851213/YD312-C_20_2815_29.jpg?1776370701
3,0.7345,84,1.08,10377,"Storz & Bickel Plenty",Vaporizadores herbales,88833,"Vaporizador Extracciones E-rig Yocan Phaser Max - Negro",249990,https://www.friendlygrow.cl/yocan-phaser-max?variant=Negro,https://cdnx.jumpseller.com/friendly-grow/image/73165136/YXK-191C1_E9_BB_91.png?1774537189
2,0.7303,101,1.4,10237,"Zengaz Encendedor Soplete ZL-3 Love",Encendedores y sopletes,87637,"Pipa de Pyrex Cookies Spoon - Premium Borosilicate Glass - D",6290,https://www.friendlygrow.cl/pipa-de-vidrio-cookies-spoon-premium-borosilicate-glass?variant=Dise%C3%B1o%206,https://cdnx.jumpseller.com/friendly-grow/image/75851219/YD312-C_20_2818_29.jpg?1776370701
4,0.7276,134,1.33,5760,"CONTENEDOR EXTRACTOS AL VACIO REDONDO NEGRO 4ML-BONGLAB",Contenedores y estuches,88592,"Dabber Spoon de Precisión Black Cobra - Diseño Corona - Blan",3990,https://www.friendlygrow.cl/mini-cuchara-de-precision-black-cobra-diseno-corona?variant=Blanca,https://cdnx.jumpseller.com/friendly-grow/image/75772398/AC885-BC_20_288_29.jpg?1776127645
2,0.7011,109,1.4,10237,"Zengaz Encendedor Soplete ZL-3 Love",Encendedores y sopletes,87631,"Pipa de Pyrex Cookies Spoon - Premium Borosilicate Glass - B",6290,https://www.friendlygrow.cl/pipa-de-vidrio-cookies-spoon-premium-borosilicate-glass?variant=Brown,https://cdnx.jumpseller.com/friendly-grow/image/75851212/YD312-C_20_287_29.jpg?1776370701
2,0.692,133,1.15,5801,"Kit limpiador de bongs Fórmula Secreta 420 250mL",Limpieza,87633,"Pipa de Pyrex Cookies Spoon - Premium Borosilicate Glass - D",6290,https://www.friendlygrow.cl/pipa-de-vidrio-cookies-spoon-premium-borosilicate-glass?variant=Dise%C3%B1o%202,https://cdnx.jumpseller.com/friendly-grow/image/75851215/YD312-C_20_2816_29.jpg?1776370701
2,0.6646,131,1.15,5801,"Kit limpiador de bongs Fórmula Secreta 420 250mL",Limpieza,87636,"Pipa de Pyrex Cookies Spoon - Premium Borosilicate Glass - D",6290,https://www.friendlygrow.cl/pipa-de-vidrio-cookies-spoon-premium-borosilicate-glass?variant=Dise%C3%B1o%205,https://cdnx.jumpseller.com/friendly-grow/image/75851218/YD312-C_20_2819_29.jpg?1776370701
2,0.6536,138,1.17,10753,"Encendedor Clipper Metálico Turquoise",Encendedores y sopletes,87978,"10 X Vaporizador Airis Vertex 2.0 Para Cartridges. - Rojo",5990,https://www.friendlygrow.cl/promo-10-x-vaporizador-airis-vertex-20-para-cartridges?variant=Rojo,https://cdnx.jumpseller.com/friendly-grow/image/70293127/airis_20350mAh_20V2.0_20Battery_20_284_29.jpg?1781578046
2,0.653,124,1.17,10752,"Encendedor Clipper Metálico Safari",Encendedores y sopletes,87504,"Nectar Collector Chili – Dab Straw de Silicona - Rojo",5990,https://www.friendlygrow.cl/nectar-collector-chili-dab-straw-de-silicona?variant=Rojo,https://cdnx.jumpseller.com/friendly-grow/image/74450522/1.jpg?1773156011
2,0.653,124,1.17,10752,"Encendedor Clipper Metálico Safari",Encendedores y sopletes,87505,"Nectar Collector Chili – Dab Straw de Silicona - Morado",5990,https://www.friendlygrow.cl/nectar-collector-chili-dab-straw-de-silicona?variant=Morado,https://cdnx.jumpseller.com/friendly-grow/image/74450522/1.jpg?1773156011
2,0.653,124,1.17,10752,"Encendedor Clipper Metálico Safari",Encendedores y sopletes,87503,"Nectar Collector Chili – Dab Straw de Silicona - Rosa",5990,https://www.friendlygrow.cl/nectar-collector-chili-dab-straw-de-silicona?variant=Rosa,https://cdnx.jumpseller.com/friendly-grow/image/74450522/1.jpg?1773156011
2,0.6477,140,1.07,10658,"Puffco Proxy Travel Pack",Accesorios de extraccion,87977,"10 X Vaporizador Airis Vertex 2.0 Para Cartridges. - Azul",59990,https://www.friendlygrow.cl/promo-10-x-vaporizador-airis-vertex-20-para-cartridges?variant=Azul,https://cdnx.jumpseller.com/friendly-grow/image/70293126/airis_20350mAh_20V2.0_20Battery_20_285_29.jpg?1781578046
2,0.6348,112,1.23,6777,"Bonglab American Hitter 18mm",Pipas,87985,"Vaporizador Airis Vertex 2.0 Para Cartridges Cargador Tipo C",7990,https://www.friendlygrow.cl/vaporizador-airis-vertex-20-para-cartridges-cargador-tipo-c?variant=Blanco,https://cdnx.jumpseller.com/friendly-grow/image/70293147/airis_20350mAh_20V2.0_20Battery_20_283_29.jpg?1764595731
2,0.6144,140,1.07,10658,"Puffco Proxy Travel Pack",Accesorios de extraccion,87975,"10 X Vaporizador Airis Vertex 2.0 Para Cartridges. - Tornaso",59990,https://www.friendlygrow.cl/promo-10-x-vaporizador-airis-vertex-20-para-cartridges?variant=Tornasol,https://cdnx.jumpseller.com/friendly-grow/image/70293131/airis_20350mAh_20V2.0_20Battery_20_2811_29.jpg?1781578046
2,0.6131,126,1.15,5801,"Kit limpiador de bongs Fórmula Secreta 420 250mL",Limpieza,87635,"Pipa de Pyrex Cookies Spoon - Premium Borosilicate Glass - D",6290,https://www.friendlygrow.cl/pipa-de-vidrio-cookies-spoon-premium-borosilicate-glass?variant=Dise%C3%B1o%204,https://cdnx.jumpseller.com/friendly-grow/image/75851217/YD312-C_20_2817_29.jpg?1776370701
2,0.6117,125,1.23,10333,"Encendedor Zengaz Torch ZT-70 | PIRANHA",Encendedores y sopletes,87986,"Vaporizador Airis Vertex 2.0 Para Cartridges Cargador Tipo C",7990,https://www.friendlygrow.cl/vaporizador-airis-vertex-20-para-cartridges-cargador-tipo-c?variant=Tornasol,https://cdnx.jumpseller.com/friendly-grow/image/70293158/airis_20350mAh_20V2.0_20Battery_20_2811_29.jpg?1764595731
3,0.6092,130,1.38,5494,"PMG Pipa Kazili 12cm",Pipas,87989,"Vaporizador Airis Vertex 2.0 Para Cartridges Cargador Tipo C",7990,https://www.friendlygrow.cl/vaporizador-airis-vertex-20-para-cartridges-cargador-tipo-c?variant=Azul,https://cdnx.jumpseller.com/friendly-grow/image/70293151/airis_20350mAh_20V2.0_20Battery_20_285_29.jpg?1764595731
2,0.5833,104,1.13,6771,"Pipa silicona llavero de Piece Maker",Pipas,87985,"Vaporizador Airis Vertex 2.0 Para Cartridges Cargador Tipo C",7990,https://www.friendlygrow.cl/vaporizador-airis-vertex-20-para-cartridges-cargador-tipo-c?variant=Blanco,https://cdnx.jumpseller.com/friendly-grow/image/70293147/airis_20350mAh_20V2.0_20Battery_20_283_29.jpg?1764595731