reason,url,title,category
url-no-producto,https://fumetas.cl,"",
url-no-producto,https://fumetas.cl/contact,"",
sin-senal,https://fumetas.cl/smokeshop,"",
sin-senal,https://fumetas.cl/bolsos,"",
sin-senal,https://fumetas.cl/marcas,"",
url-no-producto,https://fumetas.cl/marcas/piece-maker-gear,"",
url-no-producto,https://fumetas.cl/marcas/bulldog,"",
url-no-producto,https://fumetas.cl/marcas/bonglab,"",
url-no-producto,https://fumetas.cl/marcas/superhigh,"",
url-no-producto,https://fumetas.cl/marcas/food-kush,"",
sin-senal,https://fumetas.cl/foodkush-chocolates-purple-kush,"",
sin-senal,https://fumetas.cl/food-kush-chocolates-lemon-kush,"",
sin-senal,https://fumetas.cl/food-kush-chocolates-somango-kush,"",
sin-senal,https://fumetas.cl/food-kush-chocolates-banana-kush,"",
sin-senal,https://fumetas.cl/food-kush-chocolates-natural-nuts-kush,"",
url-no-producto,https://fumetas.cl/marcas/slx,"",
url-no-producto,https://fumetas.cl/marcas/xvape,"",
url-no-producto,https://fumetas.cl/marcas/mr-pipe-cleaner,"",
url-no-producto,https://fumetas.cl/marcas/calvo-glass,"",
url-no-producto,https://fumetas.cl/marcas/genericos,"",
sin-senal,https://fumetas.cl/smokeshop/packs,"",
sin-senal,https://fumetas.cl/como-comprar,"",
sin-senal,https://fumetas.cl/envios,"",
sin-senal,https://fumetas.cl/informacion-importante,"",
sin-senal,https://fumetas.cl/preguntas-frecuentes,"",
url-no-producto,https://fumetas.cl/marcas/fumetas,"",
sin-senal,https://fumetas.cl/mason-re,"",
sin-senal,https://fumetas.cl/smokeshop/papeleria,"",
url-no-producto,https://fumetas.cl/marcas/shine-papers,"",
url-no-producto,https://fumetas.cl/marcas/mellow-fellow,"",
sin-senal,https://fumetas.cl/kushbox,"",
sin-senal,https://fumetas.cl/guarda-pitos,"",
url-no-producto,https://fumetas.cl/marcas/ocb,"",
sin-senal,https://fumetas.cl/cap-ovni,"",
sin-senal,https://fumetas.cl/caps,"",
sin-senal,https://fumetas.cl/cab-cap-cactus,"",
sin-senal,https://fumetas.cl/cap-cab-panda,"",
sin-senal,https://fumetas.cl/cab-cap-frutilla,"",
sin-senal,https://fumetas.cl/smokeshop/extraccion,"",
sin-senal,https://fumetas.cl/cab-cap-mini-cactus,"",
sin-senal,https://fumetas.cl/cab-cap-clear-gray,"",
sin-senal,https://fumetas.cl/cab-cap-minion,"",
sin-senal,https://fumetas.cl/extraccion/insumos,"",
url-no-producto,https://fumetas.cl/marcas/dark-horse,"",
url-no-producto,https://fumetas.cl/marcas/raw,"",
sin-senal,https://fumetas.cl/yacabag,"",
sin-senal,https://fumetas.cl/rejillas-de-aluminio-5-unidades,"",
sin-senal,https://fumetas.cl/rejillas-de-pyrex,"",
url-no-producto,https://fumetas.cl/marcas/eyce,"",
url-no-producto,https://fumetas.cl/marcas/elements,"",
sin-senal,https://fumetas.cl/mercadolibre,"",
url-no-producto,https://fumetas.cl/marcas/ozeta,"",
url-no-producto,https://fumetas.cl/marcas/kenex,"",
sin-senal,https://fumetas.cl/vaporizacion,"",
url-no-producto,https://fumetas.cl/marcas/airistech,"",
url-no-producto,https://fumetas.cl/marcas/smokus-focus,"",
sin-senal,https://fumetas.cl/descuentos-420,"",
sin-senal,https://fumetas.cl/especialesfs,"",
url-no-producto,https://fumetas.cl/marcas/wbucketchileans,"",
sin-senal,https://fumetas.cl/vaporizacion/accesorios,"",
sin-senal,https://fumetas.cl/neutralizador-de-olores-para-vehiculo,"",
url-no-producto,https://fumetas.cl/marcas/smokers-choice,"",
sin-senal,https://fumetas.cl/smokerspack-super-king-size-natural,"",
url-no-producto,https://fumetas.cl/marcas/actitube,"",
url-no-producto,https://fumetas.cl/marcas/secret-smoke,"",
url-no-producto,https://fumetas.cl/marcas/super-smoker,"",
sin-senal,https://fumetas.cl/superherb-safer-negro,"",
url-no-producto,https://fumetas.cl/marcas/pure-leaf-wraps,"",
sin-senal,https://fumetas.cl/fumetas-days,"",
sin-senal,https://fumetas.cl/tarjeta-dia-del-padre,"",
url-no-producto,https://fumetas.cl/marcas/beecap,"",
sin-senal,https://fumetas.cl/beecap-adaptador-vape-pens,"",
url-no-producto,https://fumetas.cl/marcas/sploofy,"",
url-no-producto,https://fumetas.cl/marcas/newport-zero,"",
url-no-producto,https://fumetas.cl/marcas/gizeh,"",
sin-senal,https://fumetas.cl/fumetas-smoke-ring,"",
sin-senal,https://fumetas.cl/cap-glass-simple,"",
sin-senal,https://fumetas.cl/food-kush-chocolates-mix-de-sabores,"",
url-no-producto,https://fumetas.cl/marcas/grow-genetics,"",
url-no-producto,https://fumetas.cl/marcas/atmos,"",
url-no-producto,https://fumetas.cl/marcas/cabo,"",
sin-senal,https://fumetas.cl/terms-and-conditions,"",
sin-senal,https://fumetas.cl/refund-policy,"",
sin-senal,https://fumetas.cl/privacy-policy,"",
url-no-producto,https://fumetas.cl/cartridge-ceramica-clear-aceitesextracciones,"",
url-no-producto,https://fumetas.cl/marcas/boveda,"",
url-no-producto,https://fumetas.cl/marcas/lion-rolling-circus,"",
url-no-producto,https://fumetas.cl/marcas/volados,"",
url-no-producto,https://fumetas.cl/blog,"",
sin-senal,https://fumetas.cl/pure-leaf-chocolate-vainilla,"",
sin-senal,https://fumetas.cl/pure-leaf-golden-honey,"",
url-no-producto,https://fumetas.cl/marcas/ignite,"",
url-no-producto,https://fumetas.cl/marcas/zippo,"",
sin-senal,https://fumetas.cl/tarjeta-san-volantin,"",
url-no-producto,https://fumetas.cl/marcas/g-pen,"",
url-no-producto,https://fumetas.cl/marcas/blazer,"",
sin-senal,https://fumetas.cl/lrc-sexy-sadie-bobblehead-figura-de-coleccion,"",
sin-senal,https://fumetas.cl/lrc-ruby-bobblehead-figura-de-coleccion,"",
sin-senal,https://fumetas.cl/lrc-silverfuck-jellybelly-bobblehead-figura-de-coleccion,"",
sin-senal,https://fumetas.cl/lrc-edgar-allan-bobblehead-figura-de-coleccion,"",
sin-senal,https://fumetas.cl/lrc-enroladora-big-smoke-uso-para-sabanas,"",
sin-senal,https://fumetas.cl/ropa,"",
sin-senal,https://fumetas.cl/poleras,"",
sin-senal,https://fumetas.cl/jockeys,"",
url-no-producto,https://fumetas.cl/marcas/american-helix,"",
sin-senal,https://fumetas.cl/microscopio-clip-para-celular-60x,"",
url-no-producto,https://fumetas.cl/marcas/moose-labs,"",
sin-senal,https://fumetas.cl/mantel-de-silicona-pequeno,"",
sin-senal,https://fumetas.cl/mantel-de-silicona-mediano-grande,"",
url-no-producto,https://fumetas.cl/marcas/ryot,"",
url-no-producto,https://fumetas.cl/marcas/puffco,"",
sin-senal,https://fumetas.cl/agenda-cogollin-2021,"",
sin-senal,https://fumetas.cl/mascara-skull-catrina,"",
sin-senal,https://fumetas.cl/polerones,"",
sin-senal,https://fumetas.cl/cap-sphere-colores,"",
url-no-producto,https://fumetas.cl/marcas/yocan,"",
sin-senal,https://fumetas.cl/hit-mouthpiece,"",
sin-senal,https://fumetas.cl/falcone-pancake-coil,"",
url-no-producto,https://fumetas.cl/marcas/cannabolish,"",
sin-senal,https://fumetas.cl/juegos-de-mesa,"",
sin-senal,https://fumetas.cl/figuras-de-coleccion,"",
sin-senal,https://fumetas.cl/naipe-ingles-tw-royal-100-plasticas-lavables,"",
sin-senal,https://fumetas.cl/lrc-tora-tora-figura-de-coleccion,"",
sin-senal,https://fumetas.cl/control-de-olores,"",
sin-senal,https://fumetas.cl/vaporizacion/cigarrillos-electronicos/recargables,"",
url-no-producto,https://fumetas.cl/marcas/vaporesso,"",
sin-senal,https://fumetas.cl/vaporesso-xros-12-pod,"",
sin-senal,https://fumetas.cl/vaporesso-sky-solo-starter-kit,"",
sin-senal,https://fumetas.cl/vaporesso-gt-8-cores-015ohm-3pcs,"",
sin-senal,https://fumetas.cl/vaporizacion/cigarrillos-electronicos/e-liquids,"",
url-no-producto,https://fumetas.cl/marcas/nasty,"",
url-no-producto,https://fumetas.cl/marcas/stundenglass,"",
sin-senal,https://fumetas.cl/manual-de-uso-vaporesso-xros,"",
sin-senal,https://fumetas.cl/vaporesso-euc-eco-universal-coil-06-mesh,"",
sin-senal,https://fumetas.cl/vaporesso-luxe-pm40-pod-4ml,"",
sin-senal,https://fumetas.cl/vaporesso-renova-zero-mesh-pod-kit,"",
url-no-producto,https://fumetas.cl/marcas/poppular,"",
sin-senal,https://fumetas.cl/greenco-mouthpiece-dash-classic,"",
url-no-producto,https://fumetas.cl/marcas/cookies,"",
url-no-producto,https://fumetas.cl/marcas/pilloweed,"",
sin-senal,https://fumetas.cl/pilloweed-amnesia-almohada-xl,"",
sin-senal,https://fumetas.cl/pilloweed-lemon-haze-almohada-xl,"",
sin-senal,https://fumetas.cl/pilloweed-purple-kush-almohada-xl,"",
sin-senal,https://fumetas.cl/pilloweed-cano-mediano-almohada,"",
sin-senal,https://fumetas.cl/pilloweed-cano-xl-almohada,"",
url-no-producto,https://fumetas.cl/marcas/arizer,"",
sin-senal,https://fumetas.cl/airtight,"",
sin-senal,https://fumetas.cl/lrc-enroladora-1-14,"",
url-no-producto,https://fumetas.cl/marcas/quick-grinder,"",
sin-senal,https://fumetas.cl/como-comprar-1,"",
url-no-producto,https://fumetas.cl/marcas/vibes,"",
sin-senal,https://fumetas.cl/food-kush-chocolates-sweet-orange-kush,"",
sin-senal,https://fumetas.cl/volados-juego-de-cartas,"",
sin-senal,https://fumetas.cl/food-kush-chocolates-kandy-kush,"",
sin-senal,https://fumetas.cl/cannabolish-spray-removedor-de-olores-8oz,"",
sin-senal,https://fumetas.cl/cannabolish-spray-removedor-de-olores-2-oz,"",
sin-senal,https://fumetas.cl/cannabolish-gel-removedor-de-olores-7oz,"",
sin-senal,https://fumetas.cl/cannabolish-gel-removedor-de-olores-15oz,"",
sin-senal,https://fumetas.cl/cannabolish-vela-removedora-de-olores-7oz,"",
sin-senal,https://fumetas.cl/arizar-solo-ii-1,"",
sin-senal,https://fumetas.cl/cuadro-favre-inc-cerro-la-campana-30-x-26-cm,"",
sin-senal,https://fumetas.cl/cuadro-favre-inc-la-fiesta-30-x-26-cm,"",
url-no-producto,https://fumetas.cl/marcas/paqcase,"",
sin-senal,https://fumetas.cl/papel-de-regalo-fumetas,"",
sin-senal,https://fumetas.cl/con-eso-no-se-jode-juego-de-cartas,"",
sin-senal,https://fumetas.cl/con-eso-no-se-jode-2-juego-de-cartas,"",
sin-senal,https://fumetas.cl/con-eso-no-se-jode-3-juego-de-cartas,"",
sin-senal,https://fumetas.cl/con-eso-no-se-jode-1-2-y-3-edicion-ataud-juego-cartas,"",
url-no-producto,https://fumetas.cl/marcas/empire-rolling,"",
sin-senal,https://fumetas.cl/ropa/calcetines,"",
sin-senal,https://fumetas.cl/mochilas,"",
sin-senal,https://fumetas.cl/tabaqueria,"",
sin-senal,https://fumetas.cl/tabaqueria/tabaqueras,"",
sin-senal,https://fumetas.cl/tabaquera-tabag-eco-cuero,"",
sin-senal,https://fumetas.cl/super-scrubber-duckys-40,"",
url-no-producto,https://fumetas.cl/marcas/scrubber-duckys,"",
url-no-producto,https://fumetas.cl/marcas/storz-bickel,"",
sin-senal,https://fumetas.cl/ficc-santiago-2022,"",
url-no-producto,https://fumetas.cl/marcas/nnabica,"",
url-no-producto,https://fumetas.cl/marcas/pax,"",
url-no-producto,https://fumetas.cl/marcas/en-vola,"",
sin-senal,https://fumetas.cl/cortina-de-bano-en-vola-envollage,"",
sin-senal,https://fumetas.cl/cortinas-de-bano,"",
sin-senal,https://fumetas.cl/cortina-de-bano-en-vola-vitral,"",
sin-senal,https://fumetas.cl/especialesfs/pins,"",
url-no-producto,https://fumetas.cl/marcas/hightrip,"",
sin-senal,https://fumetas.cl/pin-highskull-1,"",
sin-senal,https://fumetas.cl/pin-highskull-2,"",
sin-senal,https://fumetas.cl/pin-galleta-magica,"",
sin-senal,https://fumetas.cl/pin-crossjoint,"",
sin-senal,https://fumetas.cl/pin-cogollito,"",
sin-senal,https://fumetas.cl/pin-clones,"",
sin-senal,https://fumetas.cl/pin-cannaleaf,"",
sin-senal,https://fumetas.cl/pin-cannabis-libre,"",
sin-senal,https://fumetas.cl/pin-batazo,"",
sin-senal,https://fumetas.cl/pin-bannanabis,"",
sin-senal,https://fumetas.cl/pin-amor-high,"",
sin-senal,https://fumetas.cl/smokeshop/all-in-pink,"",
sin-senal,https://fumetas.cl/tabaqueria/tabacos,"",
sin-senal,https://fumetas.cl/hogar,"",
sin-senal,https://fumetas.cl/almohadas,"",
url-no-producto,https://fumetas.cl/marcas/zengaz,"",
sin-senal,https://fumetas.cl/hogar/relojes,"",
sin-senal,https://fumetas.cl/hogar/cuadros,"",
url-no-producto,https://fumetas.cl/vaporizacion/accesorios/cartridge,"",
sin-senal,https://fumetas.cl/vaporizacion/accesorios/resistencias,"",
sin-senal,https://fumetas.cl/manual-de-uso-ruva,"",
sin-senal,https://fumetas.cl/manual-de-uso-micro-pal-kit,"",
sin-senal,https://fumetas.cl/pin-joint,"",
sin-senal,https://fumetas.cl/colorea-high-vol-1-libro-para-colorear,"",
sin-senal,https://fumetas.cl/vaporesso-pod-zero-mesh-10-2uds,"",
url-no-producto,https://fumetas.cl/marcas/dab-rite,"",
sin-senal,https://fumetas.cl/dab-rite-termometro-digital-infrarrojo,"",
url-no-producto,https://fumetas.cl/blog/smokeshop,"",
url-no-producto,https://fumetas.cl/blog-vaporizacion,"",
url-no-producto,https://fumetas.cl/blog-cultivo,"",
url-no-producto,https://fumetas.cl/blog-lifestyle,"",
url-no-producto,https://fumetas.cl/blog-comunidad,"",
sin-senal,https://fumetas.cl/the-peak-glass,"",
url-no-producto,https://fumetas.cl/marcas/juicy-jays,"",
sin-senal,https://fumetas.cl/growshop,"",
url-no-producto,https://fumetas.cl/marcas/fast-buds,"",
sin-senal,https://fumetas.cl/cultivo/semillas,"",
sin-senal,https://fumetas.cl/cultivo/semillas/automaticas,"",
sin-senal,https://fumetas.cl/fast-buds-californian-snow-auto,"",
sin-senal,https://fumetas.cl/fast-buds-lsd-25-auto,"",
sin-senal,https://fumetas.cl/fast-buds-mexican-airlines-auto,"",
sin-senal,https://fumetas.cl/fast-buds-ak-auto,"",
sin-senal,https://fumetas.cl/fast-buds-amnesia-haze-auto,"",
sin-senal,https://fumetas.cl/fast-buds-cbd-crack-auto,"",
sin-senal,https://fumetas.cl/fast-buds-g14-auto,"",
sin-senal,https://fumetas.cl/fast-buds-grapefruit-auto,"",
sin-senal,https://fumetas.cl/fast-buds-jack-herer-auto,"",
sin-senal,https://fumetas.cl/fast-buds-northern-lights-auto,"",
sin-senal,https://fumetas.cl/fast-buds-big-bud-auto,"",
sin-senal,https://fumetas.cl/fast-buds-west-coast-og-auto,"",
sin-senal,https://fumetas.cl/fast-buds-bubblegum-auto,"",
sin-senal,https://fumetas.cl/fast-buds-six-shooter-auto,"",
url-no-producto,https://fumetas.cl/marcas/biobizz,"",
sin-senal,https://fumetas.cl/growshop/fertilizantes,"",
sin-senal,https://fumetas.cl/biobizz-starters-pack,"",
sin-senal,https://fumetas.cl/biobizz-try-pack-indoor,"",
sin-senal,https://fumetas.cl/biobizz-try-pack-outdoor,"",
sin-senal,https://fumetas.cl/biobizz-ph-250ml,"",
sin-senal,https://fumetas.cl/biobizz-top-max-250ml,"",
sin-senal,https://fumetas.cl/biobizz-fish-mix-250ml,"",
sin-senal,https://fumetas.cl/biobizz-alga-mic-250ml,"",
sin-senal,https://fumetas.cl/biobizz-regulador-ph-500ml,"",
sin-senal,https://fumetas.cl/biobizz-root-juice-250ml,"",
sin-senal,https://fumetas.cl/biobizz-fish-mix-bio-heaven-250ml,"",
sin-senal,https://fumetas.cl/biobizz-bio-grow-250ml,"",
sin-senal,https://fumetas.cl/biobizz-calmag-250ml,"",
url-no-producto,https://fumetas.cl/marcas/advanced-nutrients,"",
sin-senal,https://fumetas.cl/biobizz-bio-bloom,"",
sin-senal,https://fumetas.cl/advanced-nutrients-try-pack-microgrowbloom-500ml,"",
sin-senal,https://fumetas.cl/advanced-nutrients-try-pack-microgrowbloom-1lt,"",
sin-senal,https://fumetas.cl/advanced-nutrients-voodoo-juice-250ml,"",
sin-senal,https://fumetas.cl/advanced-nutrients-connoisseur-grow-a-b-500ml,"",
sin-senal,https://fumetas.cl/advanced-nutrients-connoisseur-bloom-a-b-500ml,"",
sin-senal,https://fumetas.cl/advanced-nutrients-bud-candy-250ml,"",
sin-senal,https://fumetas.cl/advanced-nutrients-bud-candy-500ml,"",
sin-senal,https://fumetas.cl/advanced-nutrients-b-52-500ml,"",
sin-senal,https://fumetas.cl/advanced-nutrients-b-52-250ml,"",
sin-senal,https://fumetas.cl/advanced-nutrients-rhino-skin-250ml,"",
sin-senal,https://fumetas.cl/advanced-nutrients-rhino-skin-500ml,"",
sin-senal,https://fumetas.cl/advanced-nutrients-bud-ignitor-250ml,"",
sin-senal,https://fumetas.cl/advanced-nutrients-big-bud-500ml,"",
sin-senal,https://fumetas.cl/advanced-nutrients-overdrive-500ml,"",
sin-senal,https://fumetas.cl/advanced-nutrients-overdrive-250ml,"",
sin-senal,https://fumetas.cl/advanced-nutrients-nirvana-250ml,"",
sin-senal,https://fumetas.cl/advanced-nutrients-nirvana-500ml,"",
sin-senal,https://fumetas.cl/advanced-nutrients-carboload-500ml,"",
sin-senal,https://fumetas.cl/advanced-nutrients-flawless-finish-250ml,"",
sin-senal,https://fumetas.cl/advanced-nutrients-flawless-finish-500ml,"",
sin-senal,https://fumetas.cl/advanced-nutrients-sensi-cal-mag-xtra-500ml,"",
url-no-producto,https://fumetas.cl/marcas/canna,"",
sin-senal,https://fumetas.cl/semillas-feminizadas,"",
sin-senal,https://fumetas.cl/canna-terra-vega-500ml,"",
sin-senal,https://fumetas.cl/canna-terra-flores-500ml,"",
sin-senal,https://fumetas.cl/canna-rhizotonic-250ml,"",
sin-senal,https://fumetas.cl/canna-cannazym-250ml,"",
sin-senal,https://fumetas.cl/canna-boost-accelerator-250ml,"",
sin-senal,https://fumetas.cl/canna-pk-1314-250ml,"",
sin-senal,https://fumetas.cl/fast-buds-pineapple-express-auto,"",
sin-senal,https://fumetas.cl/fast-buds-white-widow-auto,"",
sin-senal,https://fumetas.cl/eva-seeds-gipsy-haze-fem,"",
url-no-producto,https://fumetas.cl/marcas/eva-seeds,"",
sin-senal,https://fumetas.cl/eva-seeds-jamaican-dream-fem,"",
sin-senal,https://fumetas.cl/eva-seeds-jamaican-dream-cbd-fem,"",
sin-senal,https://fumetas.cl/eva-seeds-high-level-fem,"",
sin-senal,https://fumetas.cl/eva-seeds-lemon-king-fem,"",
sin-senal,https://fumetas.cl/eva-seeds-monster-fem,"",
url-no-producto,https://fumetas.cl/marcas/sweet-seeds,"",
sin-senal,https://fumetas.cl/sweet-seeds-black-jack-fem,"",
sin-senal,https://fumetas.cl/sweet-seeds-green-poison-fem,"",
sin-senal,https://fumetas.cl/sweet-seeds-jack-47-fem,"",
sin-senal,https://fumetas.cl/sweet-seeds-purple-punch-og-fem,"",
sin-senal,https://fumetas.cl/sweet-seeds-mix-10-seeds-fem,"",
url-no-producto,https://fumetas.cl/marcas/medical-seeds,"",
sin-senal,https://fumetas.cl/medical-seeds-soul-diesel-fem,"",
url-no-producto,https://fumetas.cl/marcas/mico-true,"",
sin-senal,https://fumetas.cl/micorrizas-premium-5g,"",
sin-senal,https://fumetas.cl/micotrue-happy-clover-5g,"",
sin-senal,https://fumetas.cl/micotrue-via-riego,"",
sin-senal,https://fumetas.cl/growshop/sustratos,"",
sin-senal,https://fumetas.cl/canna-sustrato-terra-professional-25lt,"",
sin-senal,https://fumetas.cl/biobizz-sustrato-light-mix-20-lt,"",
sin-senal,https://fumetas.cl/biobizz-sustrato-light-mix-50-lt,"",
sin-senal,https://fumetas.cl/pin-high-lovers,"",
url-no-producto,https://fumetas.cl/marcas/fumanchu,"",
sin-senal,https://fumetas.cl/enroladoras,"",
sin-senal,https://fumetas.cl/tarjeta-navidena-fumetas,"",
sin-senal,https://fumetas.cl/hogar/alfombras,"",
sin-senal,https://fumetas.cl/canna-sustrato-terra-professional-50-lt,"",
sin-senal,https://fumetas.cl/cone-maker,"",
sin-senal,https://fumetas.cl/guarda-pitos-fumetas-20,"",
url-no-producto,https://fumetas.cl/marcas/device,"",
url-no-producto,https://fumetas.cl/marcas/soulblime,"",
url-no-producto,https://fumetas.cl/marcas/smoking,"",
url-no-producto,https://fumetas.cl/marcas/davinci,"",
url-no-producto,https://fumetas.cl/marcas/phoenix,"",
sin-senal,https://fumetas.cl/garden-highpro-tijeras,"",
url-no-producto,https://fumetas.cl/marcas/kasvi,"",
url-no-producto,https://fumetas.cl/marcas/garden-highpro,"",
sin-senal,https://fumetas.cl/tabaquera-tabag-eco-cuero-grande,"",
sin-senal,https://fumetas.cl/garden-highpro-tijeras-curved-blades,"",
sin-senal,https://fumetas.cl/growshop/iluminacion,"",
sin-senal,https://fumetas.cl/garden-highpro-tijeras-straight-blades,"",
sin-senal,https://fumetas.cl/milwaukee-medidor-de-conductividad-ec,"",
sin-senal,https://fumetas.cl/milwaukee-medidor-de-ph,"",
sin-senal,https://fumetas.cl/growshop/ventilacion-y-control,"",
sin-senal,https://fumetas.cl/garden-highpro-poleas-prohanger,"",
sin-senal,https://fumetas.cl/cornwall-electronics-humidificador-9-lt,"",
sin-senal,https://fumetas.cl/cornwall-electronics-humidificador-6-lt,"",
sin-senal,https://fumetas.cl/buddha-seeds-magnum-auto-3-semillas,"",
sin-senal,https://fumetas.cl/buddha-seeds-assorted-auto,"",
url-no-producto,https://fumetas.cl/marcas/dutch-passion,"",
url-no-producto,https://fumetas.cl/marcas/buddha-seeds,"",
sin-senal,https://fumetas.cl/dutch-passion-euforia-auto,"",
sin-senal,https://fumetas.cl/dutch-passion-xtreme-auto,"",
sin-senal,https://fumetas.cl/dutch-passion-think-different-auto,"",
sin-senal,https://fumetas.cl/dutch-passion-mazar-auto,"",
sin-senal,https://fumetas.cl/dutch-passion-critical-orange-punch-feminizada,"",
url-no-producto,https://fumetas.cl/marcas/qnubu,"",
sin-senal,https://fumetas.cl/dutch-passion-critical-orange-punch-auto,"",
sin-senal,https://fumetas.cl/eva-seeds-tnt-kush-fem,"",
sin-senal,https://fumetas.cl/medical-seeds-1024-fem,"",
sin-senal,https://fumetas.cl/medical-seeds-2046-fem,"",
sin-senal,https://fumetas.cl/medical-seeds-channel-fem,"",
sin-senal,https://fumetas.cl/medical-seeds-jack-la-mota-fem,"",
sin-senal,https://fumetas.cl/medical-seeds-y-griega-fem,"",
url-no-producto,https://fumetas.cl/marcas/seed-stockers,"",
sin-senal,https://fumetas.cl/seed-stockers-amnesia-auto,"",
sin-senal,https://fumetas.cl/seed-stockers-bcn-critical-xxl-auto,"",
sin-senal,https://fumetas.cl/seed-stockers-resin-auto-mix,"",
sin-senal,https://fumetas.cl/seed-stockers-sativa-auto-mix,"",
sin-senal,https://fumetas.cl/seed-stockers-usa-auto-mix,"",
url-no-producto,https://fumetas.cl/marcas/strain-machine,"",
sin-senal,https://fumetas.cl/strain-machine-cop-killer-auto,"",
sin-senal,https://fumetas.cl/strain-machine-halloween-candy-fem,"",
sin-senal,https://fumetas.cl/sweet-seeds-tropicanna-poison-f1-auto,"",
url-no-producto,https://fumetas.cl/marcas/g-rollz,"",
sin-senal,https://fumetas.cl/garden-highpro-maceta-geotextil-propot-11-lt,"",
url-no-producto,https://fumetas.cl/marcas/topcrop,"",
sin-senal,https://fumetas.cl/topcrop-tripack,"",
sin-senal,https://fumetas.cl/maceta-cuadrada-5-litros,"",
sin-senal,https://fumetas.cl/maceta-cuadrada-7-litros,"",
sin-senal,https://fumetas.cl/maceta-cuadrada-11-litros,"",
sin-senal,https://fumetas.cl/maceta-cuadrada-18-litros,"",
sin-senal,https://fumetas.cl/garden-highpro-ventilador-profesional-oscilante-profan-20w,"",
sin-senal,https://fumetas.cl/garden-highpro-extractor-profan-tt-100mm,"",
sin-senal,https://fumetas.cl/garden-highpro-extractor-profan-tt-150mm,"",
sin-senal,https://fumetas.cl/ducto-de-aluminio-10mts-152mm,"",
sin-senal,https://fumetas.cl/ducto-de-aluminio-10mts-127mm,"",
sin-senal,https://fumetas.cl/ducto-de-aluminio-10mts-102mm,"",
sin-senal,https://fumetas.cl/topcrop-tripack-auto,"",
url-no-producto,https://fumetas.cl/marcas/hemper,"",
url-no-producto,https://fumetas.cl/marcas/grav,"",
url-no-producto,https://fumetas.cl/marcas/cali-terpenes,"",
sin-senal,https://fumetas.cl/vaporizacion/cigarrillos-electronicos/desechables,"",
url-no-producto,https://fumetas.cl/marcas/dinner-lady,"",
sin-senal,https://fumetas.cl/cyber-fumetas,"",
sin-senal,https://fumetas.cl/black-friday-fumetas,"",
url-no-producto,https://fumetas.cl/marcas/ronson,"",
url-no-producto,https://fumetas.cl/marcas/grove-bags,"",
sin-senal,https://fumetas.cl/bolsa-con-ventana-para-almacenaje-y-curado-7g14g28g,"",
sin-senal,https://fumetas.cl/bolsa-con-ventana-para-almacenaje-y-curado-7g14g28g-1,"",
sin-senal,https://fumetas.cl/liquidacion,"",
url-no-producto,https://fumetas.cl/marcas/blazy-susan,"",
sin-senal,https://fumetas.cl/topcrop-sustrato-complete-mix-50lt,"",
url-no-producto,https://fumetas.cl/marcas/euro-blend,"",
sin-senal,https://fumetas.cl/zydot-euro-blend,"",
sin-senal,https://fumetas.cl/productos-nuevos,"",
url-no-producto,https://fumetas.cl/marcas/integra-boost,"",
sin-senal,https://fumetas.cl/integra-boost-67gr-5562,"",
sin-senal,https://fumetas.cl/integra-boost-67gr-55626972,"",
sin-senal,https://fumetas.cl/integra-boost-4gr-5562,"",
sin-senal,https://fumetas.cl/lrc-mini-tin-box,"",
url-no-producto,https://fumetas.cl/marcas/higher-standards,"",
url-no-producto,https://fumetas.cl/marcas/groove,"",
url-no-producto,https://fumetas.cl/marcas/marley-natural,"",
sin-senal,https://fumetas.cl/biobizz-acti-vera-250ml,"",
sin-senal,https://fumetas.cl/higher-standard-bubler-k-haring,"",
sin-senal,https://fumetas.cl/tarjeta-san-volantin-2024,"",
url-no-producto,https://fumetas.cl/marcas/elevate,"",
url-no-producto,https://fumetas.cl/marcas/squadafum,"",
url-no-producto,https://fumetas.cl/marcas/hype,"",
sin-senal,https://fumetas.cl/tri-hype-pack-todo-el-ciclo,"",
url-no-producto,https://fumetas.cl/marcas/great-white,"",
sin-senal,https://fumetas.cl/micorrizas-great-white-granular-1-113gr,"",
url-no-producto,https://fumetas.cl/marcas/plant-success,"",
sin-senal,https://fumetas.cl/micorrizas-great-white-premium-28gr,"",
sin-senal,https://fumetas.cl/termo-higrometro-htc-2-sonda,"",
url-no-producto,https://fumetas.cl/marcas/cannabiogen,"",
url-no-producto,https://fumetas.cl/marcas/auxo,"",
sin-senal,https://fumetas.cl/cannabiogen-delta-nueve-150ml,"",
sin-senal,https://fumetas.cl/auxo-calent,"",
url-no-producto,https://fumetas.cl/marcas/zerum,"",
sin-senal,https://fumetas.cl/zerumpro-gel-neutralizador-de-olores-900g,"",
sin-senal,https://fumetas.cl/zerum-car-neutralizador-spray-12ml,"",
sin-senal,https://fumetas.cl/zerum-spray-neutralizador-750-ml,"",
sin-senal,https://fumetas.cl/zerum-spray-neutralizador-750ml-citronela,"",
url-no-producto,https://fumetas.cl/marcas/futurola,"",
url-no-producto,https://fumetas.cl/marcas/bsf-seeds,"",
sin-senal,https://fumetas.cl/dealer-dealxxl-auto-x12-bsf-seeds,"",
sin-senal,https://fumetas.cl/fast-buds-orginal-moby-dick-auto-3-2,"",
sin-senal,https://fumetas.cl/sweet-seeds-sweet-afgani-delicious-s1-fem,"",
sin-senal,https://fumetas.cl/seed-stockers-gorilla-glue-auto,"",
sin-senal,https://fumetas.cl/zerum-spray-neutralizador-limpio-100-ml,"",
url-no-producto,https://fumetas.cl/marcas/palax,"",
url-no-producto,https://fumetas.cl/marcas/diamond,"",
url-no-producto,https://fumetas.cl/marcas/omura,"",
sin-senal,https://fumetas.cl/pack-flowersticks-12-unidades-omura,"",
url-no-producto,https://fumetas.cl/marcas/kleaner,"",
sin-senal,https://fumetas.cl/brazy-susan-enroladora-bamboo-1-14,"",
sin-senal,https://fumetas.cl/bolsa-opaca-para-almacenaje-y-curado-226gr,"",
url-no-producto,https://fumetas.cl/marcas/lqdize,"",
url-no-producto,https://fumetas.cl/marcas/tabag,"",
sin-senal,https://fumetas.cl/lqdize-kit-liquidizer-wax,"",
url-no-producto,https://fumetas.cl/marcas/toqi,"",
url-no-producto,https://fumetas.cl/marcas/sustrato-tecnico,"",
sin-senal,https://fumetas.cl/sustrato-tecnico-myco-pro-hongos-micorrizogenos-6-gr,"",
sin-senal,https://fumetas.cl/sustrato-tecnico-bacto-plus-bacterias-rizosfericas-6-gr,"",
sin-senal,https://fumetas.cl/sustrato-tecnico-tricho-max-tricodermas-pgpf-6-gr,"",
url-no-producto,https://fumetas.cl/marcas/weecke,"",
url-no-producto,https://fumetas.cl/marcas/naar,"",
url-no-producto,https://fumetas.cl/marcas/vapman,"",
url-no-producto,https://fumetas.cl/marcas/fume,"",
url-no-producto,https://fumetas.cl/marcas/brass-knuckles,"",
sin-senal,https://fumetas.cl/microscopio-clip-para-celular-55x,"",
url-no-producto,https://fumetas.cl/marcas/doble-reina,"",
sin-senal,https://fumetas.cl/growshop/macetas,"",
sin-senal,https://fumetas.cl/growshop/cosecha,"",
url-no-producto,https://fumetas.cl/marcas/vitae-glass,"",
url-no-producto,https://fumetas.cl/marcas/secretfile-seeds,"",
sin-senal,https://fumetas.cl/secretfile-seeds-spritz-x-fruity-pebbles-og-fem-3-1,"",
sin-senal,https://fumetas.cl/secretfile-seeds-papaya-x-fruity-pebbles-og-fem-3-1,"",
sin-senal,https://fumetas.cl/secretfile-seeds-fuji-juice-x-fruity-pebbles-og-fem-3-1,"",
sin-senal,https://fumetas.cl/secretfile-seeds-guava-x-fruity-pebbles-og-fem-3-1,"",
url-no-producto,https://fumetas.cl/marcas/dynavap,"",
sin-senal,https://fumetas.cl/secretfile-seeds-coco-nutty-x-fruity-pebbles-og-fem-3-1,"",
url-no-producto,https://fumetas.cl/marcas/wotofo,"",
sin-senal,https://fumetas.cl/wotofo-nexpod-cartucho-de-recarga-5000-puff,"",
url-no-producto,https://fumetas.cl/marcas/galaxy,"",
url-no-producto,https://fumetas.cl/marcas/organic-biolab,"",
sin-senal,https://fumetas.cl/organic-biolab-cleanme-detox,"",
url-no-producto,https://fumetas.cl/marcas/special-blue,"",
sin-senal,https://fumetas.cl/biobizz-try-pack-stimulant,"",
sin-senal,https://fumetas.cl/canna-sustrato-coco-brick-40lt,"",
url-no-producto,https://fumetas.cl/marcas/pulsar,"",
sin-senal,https://fumetas.cl/black-friday-fumetas-1,"",
sin-senal,https://fumetas.cl/polera-nnabica-indica-sativa,"",
sin-senal,https://fumetas.cl/fumanyi-juego-de-cartas,"",
sin-senal,https://fumetas.cl/polera-nnabica-cultiva,"",
sin-senal,https://fumetas.cl/polera-nnabica-420-time,"",
sin-senal,https://fumetas.cl/polera-nnabica-pothead,"",
sin-senal,https://fumetas.cl/polera-nnabica-trilogia-fem,"",
sin-senal,https://fumetas.cl/polera-nnabica-legalize,"",
sin-senal,https://fumetas.cl/poleron-nnabica-cogollines,"",
sin-senal,https://fumetas.cl/polera-nnabica-trilogia-perruna,"",
sin-senal,https://fumetas.cl/poleron-nnabica-emergencia-420,"",
sin-senal,https://fumetas.cl/poleron-nnabica-trilogia-gatuna,"",
sin-senal,https://fumetas.cl/poleron-nnabica-lucky,"",
sin-senal,https://fumetas.cl/poleron-nnabica-trilogia-perruna,"",
sin-senal,https://fumetas.cl/poleron-nnabica-trilogia-fem,"",
sin-senal,https://fumetas.cl/lrc-mr-trampoline-figura-de-coleccion,"",
sin-senal,https://fumetas.cl/pilloweed-en-vola-almohada-mediana,"",
sin-senal,https://fumetas.cl/pilloweed-amnesia-almohada-mediana,"",
sin-senal,https://fumetas.cl/pilloweed-lemon-haze-almohada-mediana,"",
sin-senal,https://fumetas.cl/pilloweed-purple-kush-almohada-mediana,"",
sin-senal,https://fumetas.cl/polera-nnabica-cogollines,"",
sin-senal,https://fumetas.cl/refumanyi-juego-de-cartas,"",
url-no-producto,https://fumetas.cl/marcas/oxbar,"",
sin-senal,https://fumetas.cl/zerumpro-gel-neutralizador-de-olores-400gr,"",
sin-senal,https://fumetas.cl/zerum-gel-citronela-repelente,"",
url-no-producto,https://fumetas.cl/marcas/innobar,"",
sin-senal,https://fumetas.cl/plato-cuadrado-negro-para-macetas-de-5-a-7-litros,"",
sin-senal,https://fumetas.cl/fast-buds-kamala-og-auto-3-2,"",
sin-senal,https://fumetas.cl/fast-buds-orange-president-auto-3-2,"",
sin-senal,https://fumetas.cl/pilloweed-cream-mandarin-almohada-s,"",
sin-senal,https://fumetas.cl/pilloweed-super-skunk-almohada-s,"",
sin-senal,https://fumetas.cl/pilloweed-pineapple-express-almohada-s,"",
sin-senal,https://fumetas.cl/pilloweed-cream-mandarin-almohada-m,"",
sin-senal,https://fumetas.cl/pilloweed-super-skunk-almohada-m,"",
sin-senal,https://fumetas.cl/pilloweed-pineapple-express-almohada-m,"",
sin-senal,https://fumetas.cl/pilloweed-joint-cojin-s,"",
sin-senal,https://fumetas.cl/pilloweed-joint-cojin-m,"",
sin-senal,https://fumetas.cl/tarjeta-san-volantin-sunset-love,"",
sin-senal,https://fumetas.cl/zerum-recarga-neutralizador-1l-citronela-repelente,"",
sin-senal,https://fumetas.cl/biobizz-sustrato-all-mix-20-lt,"",
sin-senal,https://fumetas.cl/plagron-sustrato-lightmix-50-lt,"",
url-no-producto,https://fumetas.cl/marcas/plagron,"",
url-no-producto,https://fumetas.cl/marcas/mj-arsenal,"",
url-no-producto,https://fumetas.cl/marcas/focus,"",
url-no-producto,https://fumetas.cl/marcas/dabtized,"",
sin-senal,https://fumetas.cl/ecogranja-biopest-concentrado-carga-4n1-500cc,"",
sin-senal,https://fumetas.cl/ecogranja-biopest-concentrado-carga-4n1-250cc,"",
url-no-producto,https://fumetas.cl/marcas/ecogranja,"",
sin-senal,https://fumetas.cl/biobizz-leaf-coat-spray-500ml,"",
url-no-producto,https://fumetas.cl/marcas/dime-bags,"",
url-no-producto,https://fumetas.cl/marcas/syfy,"",
url-no-producto,https://fumetas.cl/marcas/blaze,"",
sin-senal,https://fumetas.cl/tabaquera-tabag-de-tela,"",
url-no-producto,https://fumetas.cl/marcas/dream-high,"",
url-no-producto,https://fumetas.cl/marcas/anomaly,"",
url-no-producto,https://fumetas.cl/marcas/biopulcher,"",
sin-senal,https://fumetas.cl/sustrato-tecnico-bacto-plus-bacterias-rizosfericas-50gr,"",
sin-senal,https://fumetas.cl/sustrato-tecnico-tricho-max-tricodermas-pgpf-50-gr,"",
sin-senal,https://fumetas.cl/sustrato-tecnico-myco-pro-hongos-micorrizogenos-50gr,"",
sin-senal,https://fumetas.cl/sustrato-tecnico-myco-pro-microgranular-200gr,"",
sin-senal,https://fumetas.cl/sustrato-tecnico-vital-juice-bio-estimulante-60ml,"",
sin-senal,https://fumetas.cl/sustrato-tecnico-vital-juice-bio-estimulante-250ml,"",
sin-senal,https://fumetas.cl/vaporizacion/cigarrillos-electronicos,"",
sin-senal,https://fumetas.cl/pack-420-essentials-box,"",
sin-senal,https://fumetas.cl/antojos-y-snacks,"",
sin-senal,https://fumetas.cl/canna-calmag-agent-1-litro,"",
sin-senal,https://fumetas.cl/canna-bio-boost-250-ml,"",
sin-senal,https://fumetas.cl/antojos-y-snacks/mentitas,"",
url-no-producto,https://fumetas.cl/marcas/compass,"",
sin-senal,https://fumetas.cl/mentitas-compass-limon-sin-azucar,"",
sin-senal,https://fumetas.cl/mentitas-compass-wild-berry-sin-azucar,"",
sin-senal,https://fumetas.cl/mentitas-compass-canela-sin-azucar,"",
sin-senal,https://fumetas.cl/canna-bio-flores-500-ml,"",
sin-senal,https://fumetas.cl/canna-pk-1314-1-litro,"",
sin-senal,https://fumetas.cl/mentitas-compass-durazno-sin-azucar,"",
sin-senal,https://fumetas.cl/mentitas-compass-pepper-mint-sin-azucar,"",
sin-senal,https://fumetas.cl/mentitas-compass-menthol-extra-strong-sin-azucar,"",
sin-senal,https://fumetas.cl/biobizz-algamic-500-ml,"",
sin-senal,https://fumetas.cl/biobizz-biobloom-500-ml,"",
sin-senal,https://fumetas.cl/biobizz-bio-bloom-1-litro,"",
sin-senal,https://fumetas.cl/biobizz-bio-grow-500-ml,"",
sin-senal,https://fumetas.cl/biobizz-bio-down-ph-500-ml,"",
sin-senal,https://fumetas.cl/biobizz-bio-up-250-ml,"",
sin-senal,https://fumetas.cl/biobizz-fish-mix-500-ml,"",
sin-senal,https://fumetas.cl/biobizz-fish-mix-1-litro,"",
sin-senal,https://fumetas.cl/biobizz-top-max-1-litro,"",
sin-senal,https://fumetas.cl/biobizz-top-max-500-ml,"",
sin-senal,https://fumetas.cl/biobizz-try-pack-hydro,"",
sin-senal,https://fumetas.cl/top-crop-pk-1314-1-litro,"",
sin-senal,https://fumetas.cl/top-crop-top-bloom-1-litro,"",
sin-senal,https://fumetas.cl/top-crop-top-candy-1-litro,"",
url-no-producto,https://fumetas.cl/marcas/kryzpo,"",
sin-senal,https://fumetas.cl/antojos-y-snacks/snacks-salados,"",
sin-senal,https://fumetas.cl/papas-fritas-kryzpo-sabor-crema-cebolla-37g,"",
sin-senal,https://fumetas.cl/papas-fritas-kryzpo-sabor-queso-37g,"",
sin-senal,https://fumetas.cl/top-crop-top-veg-1-litro,"",
sin-senal,https://fumetas.cl/canna-bio-vega-500-ml,"",
sin-senal,https://fumetas.cl/top-crop-bud-pack,"",
sin-senal,https://fumetas.cl/top-crop-deeper-underground-250-ml,"",
sin-senal,https://fumetas.cl/top-crop-top-bud-100-ml,"",
sin-senal,https://fumetas.cl/top-crop-top-bud-250-ml,"",
sin-senal,https://fumetas.cl/top-crop-big-one-250-ml,"",
sin-senal,https://fumetas.cl/top-crop-cyclone-gel-50-ml,"",
sin-senal,https://fumetas.cl/top-crop-top-auto-1-litro,"",
url-no-producto,https://fumetas.cl/marcas/pyramid-seeds,"",
sin-senal,https://fumetas.cl/pyramid-seeds-tuthankamon-fem,"",
sin-senal,https://fumetas.cl/pyramid-seeds-tutankhamon-auto,"",
sin-senal,https://fumetas.cl/dutch-passion-auto-melonade-runtz,"",
sin-senal,https://fumetas.cl/sweet-seeds-mix-10-semillas-auto,"",
sin-senal,https://fumetas.cl/buddha-seeds-amnesia-classics-auto,"",
sin-senal,https://fumetas.cl/sweet-seeds-cream-caramel-auto,"",
sin-senal,https://fumetas.cl/bolsa-opaca-para-almacenaje-y-curado-452-gr,"",
url-no-producto,https://fumetas.cl/marcas/endless,"",
sin-senal,https://fumetas.cl/poleron-hoodie-negro-cogollito-chill-fumetas-x-endless,"",
sin-senal,https://fumetas.cl/poleron-hoodie-gris-cogollito-chill-fumetas-x-endless,"",
sin-senal,https://fumetas.cl/poleron-hoodie-rosado-cogollito-chill-fumetas-x-endless,"",
sin-senal,https://fumetas.cl/sweet-seeds-cream-caramel-f1-fast-version-fem,"",
sin-senal,https://fumetas.cl/sweet-seeds-cream-mandarine-xl-auto,"",
sin-senal,https://fumetas.cl/pyramid-seeds-white-widow-auto,"",
sin-senal,https://fumetas.cl/pyramid-seeds-kryptonite-auto,"",
sin-senal,https://fumetas.cl/pyramid-seeds-kryptonite-fem,"",
sin-senal,https://fumetas.cl/pyramid-seeds-northern-lights-auto,"",
sin-senal,https://fumetas.cl/bsf-seeds-moby-d-xxl-auto,"",
sin-senal,https://fumetas.cl/bsf-seeds-psycho-xxl-auto-mix-x12,"",
sin-senal,https://fumetas.cl/bsf-seeds-gorilla-glue-auto,"",
sin-senal,https://fumetas.cl/poleron-hoodie-negro-alien-en-el-viaje-fumetas-x-endless,"",
sin-senal,https://fumetas.cl/poleron-hoodie-rosado-alien-en-el-viaje-fumetas-x-endless,"",
sin-senal,https://fumetas.cl/poleron-hoodie-gris-alien-en-el-viaje-fumetas-x-endless,"",
sin-senal,https://fumetas.cl/bsf-lebron-haze-fem,"",
sin-senal,https://fumetas.cl/garden-highpro-ventilador-professional-clip-fan-5w,"",
sin-senal,https://fumetas.cl/garden-highpro-ventilador-professional-clip-fan-12w,"",
sin-senal,https://fumetas.cl/top-crop-top-barrier-250-ml,"",
url-no-producto,https://fumetas.cl/marcas/cleanu,"",
url-no-producto,https://fumetas.cl/marcas/flame,"",
url-no-producto,https://fumetas.cl/marcas/delight,"",
sin-senal,https://fumetas.cl/growshop/iluminacion/paneles-led,"",
sin-senal,https://fumetas.cl/delight-quantum-lite-360w,"",
sin-senal,https://fumetas.cl/c,"",
sin-senal,https://fumetas.cl/papas-fritas-kryzpo-wavy-sal-de-mar-33g-1,"",
sin-senal,https://fumetas.cl/muha-meds-cartridge-510-clear-08-ml-sabores,"",
sin-senal,https://fumetas.cl/mad-labs-cartridge-510-clear-08-ml-sabores,"",
sin-senal,https://fumetas.cl/antojos-y-snacks/snacks-dulces,"",
sin-senal,https://fumetas.cl/chocolate-trencito-pequeno-24-g,"",
sin-senal,https://fumetas.cl/chocolate-sahne-nuss-30-g-con-almendras-enteras,"",
sin-senal,https://fumetas.cl/chocolate-kit-kat-415-g,"",
sin-senal,https://fumetas.cl/caramelo-push-pop-1-und-sabores,"",
sin-senal,https://fumetas.cl/delight-quantum-lite-600w,"",
sin-senal,https://fumetas.cl/led-delight-quantum-lite-ql240w,"",
sin-senal,https://fumetas.cl/led-delight-quantum-lite-160w,"",
sin-senal,https://fumetas.cl/cropbox-light-carpa-indoor-60x60x160,"",
url-no-producto,https://fumetas.cl/marcas/cropbox,"",
sin-senal,https://fumetas.cl/cropbox-light-carpa-indoor-80x80x160,"",
sin-senal,https://fumetas.cl/cropbox-light-carpa-indoor-100x100x200,"",
sin-senal,https://fumetas.cl/galleta-doblon-16-g,"",
sin-senal,https://fumetas.cl/mms-chocolate-479-g,"",
sin-senal,https://fumetas.cl/mms-peanut-493-g,"",
sin-senal,https://fumetas.cl/gomitas-fini-tubo-sabores-80-g,"",
sin-senal,https://fumetas.cl/super-8-oblea-banada-29-g,"",
sin-senal,https://fumetas.cl/dinner-lady-fuyl-vapeador-8000-puffs-45-nic,"",
sin-senal,https://fumetas.cl/medidos-de-tds-y-ec,"",
sin-senal,https://fumetas.cl/plato-cuadrado-negro-para-macetas-de-11-a-18-litros,"",
sin-senal,https://fumetas.cl/biobizz-sustrato-all-mix-50-lt,"",
sin-senal,https://fumetas.cl/kit-medidor-calibrados-de-ph-ph401-ph686-ph-918-25c,"",
sin-senal,https://fumetas.cl/canna-cannazym-1l,"",
url-no-producto,https://fumetas.cl/marcas/beamer-candle,"",
sin-senal,https://fumetas.cl/beamer-candle-vela-aromatica-large-neutralizadora-de-olores,"",
sin-senal,https://fumetas.cl/beamer-candle-vela-aromatica-small-neutralizadora-de-olores,"",
sin-senal,https://fumetas.cl/kastro-box-piece-maker-edicion-limitada,"",
sin-senal,https://fumetas.cl/toqi-510-quartz-tank-3-pack,"",
sin-senal,https://fumetas.cl/toqi-510-dab-cartridge,"",
sin-senal,https://fumetas.cl/toqi-510-portacartuchos,"",
sin-senal,https://fumetas.cl/wotofo-nexbar-25k-puffs,"",
sin-senal,https://fumetas.cl/wotofo-nexpod-cartridge-recargable,"",
sin-senal,https://fumetas.cl/polera-tron-unisex,"",
url-no-producto,https://fumetas.cl/marcas/los-cogollitos,"",
sin-senal,https://fumetas.cl/los-cogollitos-polera-superskunk-unisex,"",
sin-senal,https://fumetas.cl/los-cogollitos-polera-hempboy,"",
sin-senal,https://fumetas.cl/los-cogollitos-polera-lo-que-el-viento-se-llevo,"",
sin-senal,https://fumetas.cl/los-cogollitos-polera-canuto,"",
sin-senal,https://fumetas.cl/los-cogollitos-polera-fumadora,"",
sin-senal,https://fumetas.cl/ecogranja-biopest-concentrado-carga-4n1-1l,"",
sin-senal,https://fumetas.cl/smokeshop/accesorios,"",
sin-senal,https://fumetas.cl/growshop/ventilacion-y-control/extractores,"",
sin-senal,https://fumetas.cl/growshop/ventilacion-y-control/ventiladores,"",
sin-senal,https://fumetas.cl/growshop/ventilacion-y-control/medidores,"",
sin-senal,https://fumetas.cl/growshop/ventilacion-y-control/timers,"",
sin-senal,https://fumetas.cl/growshop/iluminacion/ampolletas-mh-haluro,"",
sin-senal,https://fumetas.cl/growshop/iluminacion/ampolletas-hps-sodio,"",
sin-senal,https://fumetas.cl/growshop/iluminacion/accesorios,"",
sin-senal,https://fumetas.cl/growshop/iluminacion/accesorios/balastros,"",
sin-senal,https://fumetas.cl/growshop/iluminacion/accesorios/reflectores,"",
sin-senal,https://fumetas.cl/growshop/iluminacion/accesorios/poleas,"",
sin-senal,https://fumetas.cl/growshop/carpas-de-cultivo,"",
sin-senal,https://fumetas.cl/mas-vendidos,"",
sin-senal,https://fumetas.cl/growshop/fertilizantes/crecimiento,"",
sin-senal,https://fumetas.cl/growshop/fertilizantes/floracion,"",
sin-senal,https://fumetas.cl/growshop/fertilizantes/aditivos,"",
sin-senal,https://fumetas.cl/growshop/fertilizantes/kits,"",
sin-senal,https://fumetas.cl/growshop/control-de-plagas,"",
sin-senal,https://fumetas.cl/pack-regalo-love-roll-essentials,"",
sin-senal,https://fumetas.cl/carb-cap-clear-spin,"",
sin-senal,https://fumetas.cl/jiffy-pastilla-de-germinacion,"",
url-no-producto,https://fumetas.cl/marcas/stream,"",
url-no-producto,https://fumetas.cl/marcas/buddies,"",
url-no-producto,https://fumetas.cl/marcas/top-smoke,"",
url-no-producto,https://fumetas.cl/marcas/the-pure-factory,"",
sin-senal,https://fumetas.cl/the-pure-factory-polea-light-hanger-5k,"",
sin-senal,https://fumetas.cl/kit-esencial-fumetas,"",
url-no-producto,https://fumetas.cl/marcas/grotek,"",
sin-senal,https://fumetas.cl/grotek-monster-bloom-liquido-250ml,"",
sin-senal,https://fumetas.cl/grotek-monster-bloom-fertilizante-130g,"",
url-no-producto,https://fumetas.cl/marcas/knactive,"",
sin-senal,https://fumetas.cl/knactive-potenciador-genetico-250ml,"",
sin-senal,https://fumetas.cl/poleron-hoodie-nube-rosa-fumetas-x-endless,"",
sin-senal,https://fumetas.cl/poleron-hoodie-geometico-fumetas-x-endless,"",
sin-senal,https://fumetas.cl/poleron-hoodie-nube-gris-fumetas-x-endless,"",
sin-senal,https://fumetas.cl/poleron-hoodie-nube-negra-fumetas-x-endless,"",
url-no-producto,https://fumetas.cl/marcas/david-ross,"",
url-no-producto,https://fumetas.cl/marcas/kush,"",
url-no-producto,https://fumetas.cl/marcas/blunt-wrap,"",
url-no-producto,https://fumetas.cl/marcas/pandora,"",
sin-senal,https://fumetas.cl/advanced-nutrients-carboload-1l,"",
sin-senal,https://fumetas.cl/pyramid-seeds-white-widow-fem,"",
sin-senal,https://fumetas.cl/control-de-olores/velas,"",
url-no-producto,https://fumetas.cl/marcas/thievery,"",
sin-senal,https://fumetas.cl/thievery-farmer-care-guantes-de-nitrilo-3-uds,"",
sin-senal,https://fumetas.cl/thievery-iso-premiun-99-500-ml,"",
sin-senal,https://fumetas.cl/thievery-iso-premiun-99-50-ml,"",
sin-senal,https://fumetas.cl/sustrato-tecnico-black-megalodon-6-gr,"",
sin-senal,https://fumetas.cl/sustrato-tecnico-black-megalodon-50-gr,"",
sin-senal,https://fumetas.cl/sustrato-tecnico-enraizante-mega-clon-60-ml,"",
sin-senal,https://fumetas.cl/advanced-nutrients-flawless-finish-1l,"",
url-no-producto,https://fumetas.cl/marcas/oxva,"",
sin-senal,https://fumetas.cl/seleccion-del-dt,"",
sin-senal,https://fumetas.cl/sustrato-tecnico-vital-juice-bio-estimulante-1l,"",
sin-senal,https://fumetas.cl/galleta-chokita-30g,"",
no-es-ficha,https://fumetas.cl/bongs,"Bongs",Bongs
no-es-ficha,https://fumetas.cl/pipas,"Pipas",Pipas
no-es-ficha,https://fumetas.cl/smokeshop/bongs-y-pipas/bukkets,"Bukkets",Otros parafernalia
no-es-ficha,https://fumetas.cl/smokeshop/bongs-y-pipas/quemadores,"Quemadores",Repuestos para bongs y vaporizadores
no-es-ficha,https://fumetas.cl/moledores,"Moledores",Moledores
no-es-ficha,https://fumetas.cl/limpia-bong/pipa,"Limpia Bongs y Pipas",Limpieza
no-es-ficha,https://fumetas.cl/contenedores,"Contenedores",Contenedores y estuches
no-es-ficha,https://fumetas.cl/smokeshop/papeleria/papelillos,"Papelillos",Papelillos
no-es-ficha,https://fumetas.cl/blunts,"Blunts",Conos y blunts
no-es-ficha,https://fumetas.cl/smokeshop/papeleria/boquillas,"Boquillas",Filtros y boquillas
no-es-ficha,https://fumetas.cl/extraccion/bangers,"Bangers",Accesorios de extraccion
no-es-ficha,https://fumetas.cl/extraccion/contenedores,"Contenedores de Extracción",Contenedores y estuches
no-es-ficha,https://fumetas.cl/atrapacenizas,"Atrapacenizas",Repuestos para bongs y vaporizadores
no-es-ficha,https://fumetas.cl/clipper,"Clipper",Encendedores y sopletes
deberia-estar,https://fumetas.cl/palita-para-kief,"Palita para kief",Otros parafernalia
no-es-ficha,https://fumetas.cl/vaporizadores,"Vaporizadores",Vaporizadores herbales
no-es-ficha,https://fumetas.cl/madtips,"MadTips",Filtros y boquillas
no-es-ficha,https://fumetas.cl/dabbers,"Dabbers",Accesorios de extraccion
no-es-ficha,https://fumetas.cl/limpia-bong/pipa/escobillas,"Escobillas",Limpieza
deberia-estar,https://fumetas.cl/balanza-greengram,"GrowGenetics Balanza GreenGram 500",Otros parafernalia
deberia-estar,https://fumetas.cl/balanza-goldgram,"GrowGenetics Balanza GoldGram 100",Otros parafernalia
deberia-estar,https://fumetas.cl/balanza-rosin,"Kenex Balanza Rosin 200 / 200g - 0,01g",Accesorios de extraccion
no-es-ficha,https://fumetas.cl/vaporizadores/herbales,"Vaporizadores Herbales",Vaporizadores herbales
no-es-ficha,https://fumetas.cl/vaporizacion/vaporizadores/extractos,"Vaporizadores de Extractos",Otros parafernalia
no-es-ficha,https://fumetas.cl/vaporizadores/multiproposito,"Vaporizadores Multipropósito",Vaporizadores herbales
deberia-estar,https://fumetas.cl/atmos-micro-pal-cartridge-adapter,"Atmos Micro Pal Cartridge Adaptador Magnético",Repuestos para bongs y vaporizadores
no-es-ficha,https://fumetas.cl/sopletes,"Sopletes",Encendedores y sopletes
deberia-estar,https://fumetas.cl/atmos-10ml-e-liquid-xtreme-peach,"Atmos 10ml E-Liquid  - Xtreme Peach",Otros parafernalia
excluida,https://fumetas.cl/nasty-juice-silver-blend-60ml-tabaco-vainilla,"Nasty Juice Silver Blend 60ml - Tabaco Vainilla",
excluida,https://fumetas.cl/nasty-juice-gold-blend-60ml-tabaco,"Nasty Juice Gold Blend 60ml - Tabaco",
deberia-estar,https://fumetas.cl/shine-gift-box,"Shine® Gift Box",Otros parafernalia
no-es-ficha,https://fumetas.cl/tabaqueria/filtros,"Filtros",Filtros y boquillas
excluida,https://fumetas.cl/food-kush-chocolates-cookies-kush,"Food Kush Chocolates Cookies Kush",
no-es-ficha,https://fumetas.cl/control-de-olores/estuches,"Estuches",Contenedores y estuches
no-es-ficha,https://fumetas.cl/vaporizacion/accesorios/boquillas-vaporizadores,"Boquillas para Vaporizadores",Repuestos para bongs y vaporizadores
no-es-ficha,https://fumetas.cl/vaporizacion/accesorios/cargadores-vaporizadores,"Cargadores para Vaporizadores",Repuestos para bongs y vaporizadores
no-es-ficha,https://fumetas.cl/manual-de-uso-atmos-vicod-5g,"Manual de uso Atmos Vicod 5G",Otros parafernalia
no-es-ficha,https://fumetas.cl/manual-de-uso-airis-8,"Manual de Uso Airis 8",Otros parafernalia
no-es-ficha,https://fumetas.cl/bongs/difusores,"Difusores",Repuestos para bongs y vaporizadores
excluida,https://fumetas.cl/fast-buds-original-afghan-kush-auto,"Fast Buds Original Afghan Kush Auto",
excluida,https://fumetas.cl/sweet-seeds-red-hot-cookies-fem,"Sweet Seeds Red Hot Cookies Fem",
no-es-ficha,https://fumetas.cl/bandejas,"Bandejas de Enrolado",Bandejas y ceniceros
no-es-ficha,https://fumetas.cl/balanzas-digitales,"Grameras",Otros parafernalia
no-es-ficha,https://fumetas.cl/encendedores,"Encendedores",Encendedores y sopletes
no-es-ficha,https://fumetas.cl/ceniceros,"Ceniceros",Bandejas y ceniceros
deberia-estar,https://fumetas.cl/gramera-mh-series,"Gramera MH-Series 200g/0,01g",Otros parafernalia
excluida,https://fumetas.cl/kasvi-ampolleta-super-hps-150w,"Kasvi Ampolleta Super HPS 150W",
excluida,https://fumetas.cl/kasvi-ampolleta-super-hps-250w,"Kasvi Ampolleta Super HPS 250W",
excluida,https://fumetas.cl/kasvi-ampolleta-hps-400w,"Kasvi Ampolleta HPS 400W",
excluida,https://fumetas.cl/kasvi-ampolleta-hps-600w,"Kasvi Ampolleta HPS 600W",
excluida,https://fumetas.cl/kasvi-maceta-air-10-litros,"Kasvi Maceta Air 10 Litros",
no-es-ficha,https://fumetas.cl/como-enrolar-tutorial-para-liar-un-pito-blunt-y-tabaco,"Cómo Enrolar: Tutorial para Liar un Pito, Blunt y Tabaco",
deberia-estar,https://fumetas.cl/tabag-estuche-para-pipa-eco-cuero,"TABAG Estuche para Pipa Eco Cuero",Pipas
deberia-estar,https://fumetas.cl/ocb-bandejas-pequenas-diseno-con-tapa,"OCB Bandejas Pequeñas Diseño con Tapa",Bandejas y ceniceros
deberia-estar,https://fumetas.cl/quemador-generico-14mm-macho,"Quemador Solid Bowl Macho 14mm",Repuestos para bongs y vaporizadores
deberia-estar,https://fumetas.cl/american-helix-pistol-bubbler,"American Helix Pistol Bubbler",Bongs
deberia-estar,https://fumetas.cl/brass-knuckles-bateria-para-cartridges,"Brass Knuckles Batería para cartridges",Otros parafernalia
deberia-estar,https://fumetas.cl/fumetas-x-madtips-boquilla-7mm-flare,"Fumetas x Madtips Boquilla 7mm FLARE",Filtros y boquillas
deberia-estar,https://fumetas.cl/fumetas-x-madtips-boquilla-7mm-flat,"Fumetas x Madtips Boquilla 7mm FLAT",Filtros y boquillas
deberia-estar,https://fumetas.cl/fumetas-x-madtips-boquilla-sand-blast-blanco-8mm,"Fumetas x Madtips Boquilla Sand Blast Blanco 8mm",Filtros y boquillas
deberia-estar,https://fumetas.cl/fumetas-x-madtips-boquilla-sand-blast-negro-6mm,"Fumetas x Madtips Boquilla Sand Blast Negro 6mm",Filtros y boquillas
excluida,https://fumetas.cl/secretfile-seeds-strawpicanna-x-fruity-pebbles-og-fem-3-1,"Secretfile Seeds Strawpicanna x Fruity Pebbles OG FEM 3 + 1",
excluida,https://fumetas.cl/kasvi-maceta-textil-4-lt,"Kasvi Maceta Textil 4 Lt.",
excluida,https://fumetas.cl/kasvi-maceta-textil-8-lt,"Kasvi Maceta Textil 8 Lt.",
excluida,https://fumetas.cl/kasvi-maceta-textil-11-lt,"Kasvi Maceta Textil 11 Lt.",
deberia-estar,https://fumetas.cl/atmos-10ml-e-liquid-i-0-diferentes-sabores,"Atmos 10ml E-Liquid - Double Dare Coffe",Otros parafernalia
no-es-ficha,https://fumetas.cl/control-de-olores/filtros-antiolor,"Filtros Antiolor",Filtros y boquillas
no-es-ficha,https://fumetas.cl/vaporizadores/vaporizadores-para-cartuchos-510,"Vaporizadores para Cartridge 510",Accesorios de extraccion
excluida,https://fumetas.cl/kasvi-reflector-watermark-stuco-conbox,"Kasvi Reflector Watermark Stuco Conbox",
excluida,https://fumetas.cl/fast-buds-original-og-kush-auto,"Fast Buds Original Og Kush Auto 3+2",
excluida,https://fumetas.cl/kasvi-ampolleta-mh-400w,"Kasvi Ampolleta MH 400W",
excluida,https://fumetas.cl/kasvi-balastr-digital-600w-hps-y-mh-plugplay,"Kasvi Balastro Digital 600w HPS y MH",
deberia-estar,https://fumetas.cl/case-galaxy-ceramic-contenedor-pre-roll,"Case Galaxy Ceramic Contenedor Pre-roll",Contenedores y estuches
deberia-estar,https://fumetas.cl/wotofo-bateria-nexpod,"Wotofo Bateria NexPOD",Otros parafernalia
no-es-ficha,https://fumetas.cl/smokeshop/extraccion/nectar-collectors,"Nectar Collectors",Accesorios de extraccion
no-es-ficha,https://fumetas.cl/control-de-olores/sobres-de-humedad,"Sobres de Humedad",Otros parafernalia
excluida,https://fumetas.cl/kasvi-ampolleta-mh-600w,"Kasvi Ampolleta MH 600W",
no-es-ficha,https://fumetas.cl/smokeshop/accesorios-para-bongs,"Accesorios para Bongs",Bongs
excluida,https://fumetas.cl/kasvi-carpa-cropbox-60-x-60-x-160,"Kasvi Carpa CropBox 60 X 60 X 160",