rank,id,name,category,brand,brandKey,modelKey,modelSlug,url,offers,stores,storeNames,minPrice,maxPrice,spreadPct,cheapestStore,priciestStore,inStock,hasImage,lastSeenAt,titles
1,5780,Bolso Chestbag 4X4 Con Clave-Ozeta,Contenedores y estuches,OZETA,ozeta,bag-chestbag-4x4-4x4,bag-chestbag-4x4-4x4,/productos/ozeta/bag-chestbag-4x4-4x4,4,4,Astro Growshop | Fumetas | GrowBarato Chile | Piranha,0,39700,0,Piranha,GrowBarato Chile,true,true,2026-05-22T18:12:29.167Z,Bolso Chestbag 4X4 Con Clave-Ozeta | Bolso Chestbag 4X4 Con Clave-Ozeta | Ozeta Chestbag 4x4 con clave - Anti-olor | Shoulderbag con Clave Anti-olor OZeta
2,5760,Contenedor Extractos Clear Tapa Blanca 4Ml-Bonglab,Contenedores y estuches,BONGLAB,bonglab,extract-container-extracts-4ml,extract-container-extracts-4ml,/productos/bonglab/extract-container-extracts-4ml,5,4,Astro Growshop | Fumetas | GrowBarato Chile | Piranha,2990,3990,33,Astro Growshop,Astro Growshop,true,true,2026-05-22T23:08:05.924Z,Contenedor Extractos Clear Tapa Blanca 4Ml-Bonglab | Contenedor Extracciónes 4mL (Tapa Blanca/Tapa Negra) - BongLab | PIRANHA | Contenedor Extractos BongLab | Bonglab Contenedor De Extractos 4ml | CONTENEDOR EXTRACTOS AL VACIO REDONDO NEGRO 4ML-BONGLAB
3,5763,Ozeta Chestbag Circular 4x4 Con Clave - Anti Olor,Contenedores y estuches,Ozeta,ozeta,bag-chestbag-circular,bag-chestbag-circular,/productos/ozeta/bag-chestbag-circular,4,4,Astro Growshop | Fumetas | GrowBarato Chile | Piranha,29913,44900,50,Fumetas,GrowBarato Chile,true,true,2026-05-22T15:16:40.019Z,Ozeta Chestbag Circular 4x4 Con Clave - Anti Olor | Bolso Chestbag Circular 4X4 Con Clave-Ozeta | Chestbag Circular 4x4 c/clave | Lonchera con Clave Anti-Olor Ozeta - GB The Green Brand
4,5761,Ozeta Estuche grande 2022 - Anti-olor,Contenedores y estuches,OZeta,ozeta,case-antiolor-large,case-antiolor-large,/productos/ozeta/case-antiolor-large,5,4,Astro Growshop | Fumetas | GrowBarato Chile | Piranha,31990,36990,16,Fumetas,Piranha,true,true,2026-05-22T15:19:03.503Z,"Ozeta Estuche grande 2022 - Anti-olor | Estuche Rígido Grande OZeta – Control de Olores, Alta Capacidad y Discreción | Ozeta Estuche grande 2023 - Anti-olor | Estuche Anti Olor OZeta Grande (Color a elección) | Lonchera Con Clave-Ozeta"
5,5730,Encendedor ZIPPO – Classic High Polish Teal | Grow Barato Chile,Encendedores y sopletes,ZIPPO,zippo,lighter-high-polish-teal,lighter-high-polish-teal,/productos/zippo/lighter-high-polish-teal,4,4,Astro Growshop | Fumetas | GrowBarato Chile | Piranha,0,44990,0,Astro Growshop,Fumetas,true,true,2026-05-22T18:12:29.158Z,Encendedor ZIPPO – Classic High Polish Teal | Grow Barato Chile | Encendedor ZIPPO – Classic High Polish Teal | Grow Barato Chile | Encendedor ZIPPO – Classic High Polish Teal | Grow Barato Chile | Encendedor Zippo High Polish Teal Logo
6,5800,Mecha Zippo Original – Repuesto mecha para encendedor | Grow Barato Chile,Encendedores y sopletes,ZIPPO,zippo,wick-zippo-wick,wick,/productos/zippo/wick,4,4,Astro Growshop | Fumetas | GrowBarato Chile | Piranha,1800,2190,22,GrowBarato Chile,Astro Growshop,true,true,2026-05-22T15:20:09.088Z,Mecha Zippo Original – Repuesto mecha para encendedor | Grow Barato Chile | Mecha Zippo | Mecha 1 Unidad-Zippo | Zippo Mecha (1u)
7,5502,Moledor New Pro Model Grinder-Galaxy,Moledores,GALAXY,galaxy,new-pro-model,new-pro-model,/productos/galaxy/new-pro-model,5,4,Astro Growshop | Fumetas | GrowBarato Chile | Piranha,0,34990,0,GrowBarato Chile,Fumetas,true,true,2026-05-22T18:12:29.143Z,Moledor New Pro Model Grinder-Galaxy | Moledor Moledor New Pro Model Grinder V2.0-Galaxy | Moledor New Pro Model Grinder-Galaxy | Moledor Galaxy New Pro Model 6cm 4 Partes | PIRANHA | Moledor Galaxy Pro Model 63mm
8,5356,Moledor 73MM -Galaxy,Moledores,GALAXY,galaxy,metal-73mm,metal-73mm,/productos/galaxy/metal-73mm,4,4,Astro Growshop | Fumetas | GrowBarato Chile | Piranha,0,31990,0,Piranha,Fumetas,true,true,2026-05-22T18:12:29.132Z,Moledor 73MM -Galaxy | Moledor 73MM -Galaxy | Moledor Galaxy 73 mm - Grinder de Aluminio con Tamiz y Compartidor | Moledor Galaxy Aluminio 73 mm
9,5507,Moledor 55MM-Galaxy,Moledores,GALAXY,galaxy,metal-55mm,metal-55mm,/productos/galaxy/metal-55mm,4,4,Astro Growshop | Fumetas | GrowBarato Chile | Piranha,6990,15291,119,Fumetas,Piranha,true,true,2026-05-22T15:21:15.223Z,Moledor Darth Vader 40 MM | Moledor 55mm Metálico Rosa | Grinder aluminio | Moledor 55MM-Galaxy | Grinder Galaxy Aluminio 55mm
10,5768,BongLab Banger Cuarzo Macho 14 mm – Nail Quartz para Extracciones | GrowBaratoChile,Accesorios de extraccion,BONGLAB,bonglab,banger-simple-macho-45-14mm,banger-simple-macho-45-14mm,/productos/bonglab/banger-simple-macho-45-14mm,4,4,Astro Growshop | Fumetas | GrowBarato Chile | Piranha,0,8990,0,Astro Growshop,Fumetas,true,true,2026-05-22T18:12:29.120Z,BongLab Banger Cuarzo Macho 14 mm – Nail Quartz para Extracciones | GrowBaratoChile | BongLab Banger Cuarzo Macho 14 mm – Nail Quartz para Extracciones | GrowBaratoChile | BongLab Banger Cuarzo Macho 14 mm – Nail Quartz para Extracciones | GrowBaratoChile | BongLab Banger Cuarzo 45° - Macho 14mm
11,6327,Papelillo Virgin 1 1/4 1U-Ocb,Papelillos,OCB,ocb,paper-1-1-4-1-1-4,virgin,/productos/ocb/virgin,4,4,Astro Growshop | Fumetas | GrowBarato Chile | Piranha,650,990,52,Fumetas,Piranha,true,true,2026-05-22T15:20:45.296Z,Papelillos OCB Virgin 1 1/4 | Papelillo Virgin 1 1/4 1U-Ocb | OCB Virgin Extra Fino 1.1/4 sin colorantes | Papelillo OCB Virgin 1 1/4 | PIRANHA
12,5462,Papel de Liar OCB Bamboo 1.1/4 Vegano Natural Sin Blanqueamiento,Papelillos,OCB,ocb,bamboo-1-1-4,bamboo,/productos/ocb/bamboo,4,4,Astro Growshop | Fumetas | GrowBarato Chile | Piranha,650,990,52,Fumetas,Piranha,true,true,2026-05-22T15:16:29.271Z,Papelillos OCB Bamboo 1 1/4 | Papelillo 1 1/4 Bamboo-Ocb | Papel de Liar OCB Bamboo 1.1/4 Vegano Natural Sin Blanqueamiento | Papelillo OCB Bamboo 1 1/4
13,5420,Papelillo Pink King Size Slim- Blazy Susan,Papelillos,BLAZY SUSAN,blazy-susan,paper-king-size-king-size-slim,pink-king-size-slim,/productos/blazy-susan/pink-king-size-slim,4,4,Astro Growshop | Fumetas | GrowBarato Chile | Piranha,711,1600,125,Fumetas,GrowBarato Chile,true,true,2026-05-22T15:17:11.493Z,Blazy Susan Papelillos Pink 1 1/4 | Papelillo King Size Slim Blazy Susan Pink | PIRANHA | Papelillo Pink King Size Slim- Blazy Susan | Papelillo King Size Slim Blazy Susan Deluxe Kit Rosado – Papeles de Enrolar Premium
14,5470,Papelillo Premium Negro 1 1/4 1U-Ocb,Papelillos,OCB,ocb,premium-negro-1-1-4,premium-negro,/productos/ocb/premium-negro,4,4,Astro Growshop | Fumetas | GrowBarato Chile | Piranha,790,990,25,Fumetas,Piranha,true,true,2026-05-22T15:16:30.290Z,Papelillos OCB Premium 1 1/4 | OCB Premium 1 1/4 Papel de fumar extrafino | Papelillo Premium Negro 1 1/4 1U-Ocb | Papelillo OCB Negro Premium 1 ¼
15,5458,RAW Classic 1.1/4 producto de la marca RAW,Papelillos,RAW,raw,classic-1-1-4,classic,/productos/raw/classic,5,4,Astro Growshop | Fumetas | GrowBarato Chile | Piranha,800,990,24,GrowBarato Chile,Piranha,true,true,2026-05-22T15:16:31.348Z,RAW Classic 1.1/4 producto de la marca RAW | Papelillos Raw Classic 1 1/4 | Papelillos RAW Classic 1 1/4 | PIRANHA | Papelillos Classic 1 1/4 1 Ud-Raw | Papelillos Classic 1 1/4 1Ud-Raw
16,6667,Papelillo Vibes Cáñamo 1 1/4,Papelillos,VIBES,vibes,paper-1-1-4-1-1-4,organic,/productos/vibes/organic,4,4,Astro Growshop | Fumetas | GrowBarato Chile | Piranha,893,1990,123,Piranha,Astro Growshop,true,true,2026-05-22T15:17:44.030Z,Papelillo Vibes Cáñamo 1 1/4 | Papelillos Vibes Cañamo 1 1/4 | Papelillos Vibes 1.¼ Organic Hemp | Papelillos Organic Hemp 114 Unidad-Vibes
17,5424,Papelillo Slim Ultimate King Size- Ocb,Papelillos,OCB,ocb,paper-king-size-king-size-slim,ultimate-king-size-slim,/productos/ocb/ultimate-king-size-slim,4,4,Astro Growshop | Fumetas | GrowBarato Chile | Piranha,1090,1990,83,Astro Growshop,Piranha,true,true,2026-05-22T20:28:50.396Z,Papelillo Slim Ultimate King Size- Ocb | OCB Slim Ultimate de origen orgánico | OCB Papelillos Ultimate Slim King Size | Papelillo OCB Ultimate King Size Slim
18,5474,OCB Premium 1.1/4 + Tips,Papelillos,OCB,ocb,paper-ocb-premium-1-1-4,premium-con-tips,/productos/ocb/premium-con-tips,4,4,Astro Growshop | Fumetas | GrowBarato Chile | Piranha,1800,1990,11,GrowBarato Chile,Piranha,true,true,2026-05-22T15:16:19.620Z,OCB Premium 1.1/4 + Tips | OCB Papelillos Premium 1 1/4 + Tips | Papelillo OCB Negro Premium 1 ¼ + Boquilla | Papelillo + Tips Premium 1U-Ocb
19,5480,Papelillos RAW Supernatural Super King Size 30cm | PIRANHA,Papelillos,RAW,raw,paper-king-size-30cm-king-size,super-king-30cm,/productos/raw/super-king-30cm,4,4,Astro Growshop | Fumetas | GrowBarato Chile | Piranha,4490,34990,679,Piranha,Astro Growshop,true,true,2026-05-22T15:17:23.835Z,Papelillos RAW Supernatural Super King Size 30cm | PIRANHA | Papelillos Largos RAW Super King Size 30cm | Papelillos RAW Super King 30cm | PAPELILLOS BLACK CONNOISSEUR CON TIPS 1 1/4 24U-RAW
20,5734,Bandeja Metálica RAW Brazilian Girl | PIRANHA,Bandejas y ceniceros,RAW,raw,tray-brazilian-girl-metal-medium,brazilian-girl-metal-medium,/productos/raw/brazilian-girl-metal-medium,4,4,Astro Growshop | Fumetas | GrowBarato Chile | Piranha,5691,15300,169,Piranha,GrowBarato Chile,true,true,2026-05-22T15:21:14.979Z,Bandeja Metálica RAW Brazilian Girl | PIRANHA | Tapa Magnética RAW para Bandeja Grande - Diseño Fish | Bandeja Metálica Brazilian Girl Mediana-Raw | Bandeja Cookies Metálica Para Enrolar
21,5747,Quemador Honeycomb Macho 18Mm-Bonglab,Repuestos para bongs y vaporizadores,BONGLAB,bonglab,bowl-honeycomb-18mm,bowl-honeycomb-18mm,/productos/bonglab/bowl-honeycomb-18mm,4,4,Astro Growshop | Fumetas | GrowBarato Chile | Piranha,4990,7490,50,Astro Growshop,Piranha,true,true,2026-05-22T15:21:15.179Z,Quemador Honeycomb Macho 18Mm-Bonglab | Quemador Honeycomb 18mm | Bowl bong grande colores | BongLab Quemador Honeycomb Macho 18mm | Quemador Honeycomb Macho 18mm
22,5746,Quemador Honeycomb Macho 14Mm -Bonglab,Repuestos para bongs y vaporizadores,BONGLAB,bonglab,bowl-honeycomb-14mm,bowl-honeycomb-14mm,/productos/bonglab/bowl-honeycomb-14mm,4,4,Astro Growshop | Fumetas | GrowBarato Chile | Piranha,4990,6990,40,Astro Growshop,Piranha,true,true,2026-05-22T15:21:15.016Z,Quemador Honeycomb Macho 14Mm -Bonglab | Quemador Honeycomb 14mm | Bowl Bong Colores Chile | BongLab Quemador HoneyComb Macho 14mm | Quemador Honeycomb Macho 14mm
23,5748,Quemador Perlas Macho 18Mm-Calvo Glass,Repuestos para bongs y vaporizadores,CALVO GLASS,calvo,bowl-perlas-18mm,bowl-perlas-18mm,/productos/calvo/bowl-perlas-18mm,4,4,Astro Growshop | Fumetas | GrowBarato Chile | Piranha,5490,6990,27,Astro Growshop,Piranha,true,true,2026-05-22T15:17:35.649Z,Quemador Perlas Macho 18Mm-Calvo Glass | Quemador Perla 18mm Calvo Glass - GB The Green Brand | Calvo Glass Quemador Perlas - Macho 18mm | Quemador Perlas Calvo 18mm
24,5776,Bong Jelly Fish,Bongs,BONGLAB,bonglab,jelly-fish,jelly-fish,/productos/bonglab/jelly-fish,4,4,Astro Growshop | Fumetas | GrowBarato Chile | Piranha,14000,67990,386,GrowBarato Chile,Astro Growshop,true,true,2026-05-22T15:21:15.536Z,Bong Vitrola De Silicona con humo más denso y fresco | Bonglab Bong X2 Color Cube 23cm | Bong Jelly Fish | Jelly Fish-Bonglab
25,5778,Tiny Bell -Bonglab,Bongs,BONGLAB,bonglab,tiny-bell,tiny-bell,/productos/bonglab/tiny-bell,4,4,Astro Growshop | Fumetas | GrowBarato Chile | Piranha,14390,16990,18,Astro Growshop,Piranha,true,true,2026-05-22T15:21:15.914Z,Tiny Bell -Bonglab | BongLab Bong KM4 Tiny Bell 10cm | Bong Pyrex Cobra Tornasol | Diseño Compacto y Elegante | Bong Tiny Bell
26,5777,Little Buchner-Bonglab,Bongs,BONGLAB,bonglab,little-buchner,little-buchner,/productos/bonglab/little-buchner,4,4,Astro Growshop | Fumetas | GrowBarato Chile | Piranha,14600,64990,345,GrowBarato Chile,Fumetas,true,true,2026-05-22T15:21:15.547Z,Bong Helado de Silicona con forma de barquillo helado | Little Buchner-Bonglab | Bong Little Buchner | BongLab Bong Elty8 Monster 48cm
27,5525,Bong Dream Rig,Bongs,BONGLAB,bonglab,dream-rig,dream-rig,/productos/bonglab/dream-rig,4,4,Astro Growshop | Fumetas | GrowBarato Chile | Piranha,15200,25990,71,GrowBarato Chile,Astro Growshop,true,true,2026-05-22T15:21:15.281Z,Bong Vaso De Helado De Silicona | Bonglab Bong X4 Dream Rig 22cm | Bong Dream Rig | Dream Rig-Bonglab
28,5529,R3 Mini-Bonglab,Bongs,BONGLAB,bonglab,r3-mini,r3-mini,/productos/bonglab/r3-mini,4,4,Astro Growshop | Fumetas | GrowBarato Chile | Piranha,19590,21741,11,Astro Growshop,Fumetas,true,true,2026-05-22T15:16:27.113Z,R3 Mini-Bonglab | Bong R3 Mini | Bonglab R3 Mini - GB The Green Brand | BongLab Bong R3 Mini 10.5cm
29,5773,Bong Classic Ice,Bongs,BONGLAB,bonglab,classic-ice,classic-ice,/productos/bonglab/classic-ice,4,4,Astro Growshop | Fumetas | GrowBarato Chile | Piranha,19771,119990,507,Piranha,Fumetas,true,true,2026-05-22T15:21:15.432Z,Bong Classic Ice | Bong de Silicona Baby Yoda | Classic Ice 26Cm-Bonglab | Bonglab Bong Glycerine Black Ice 48cm
30,5772,Classic Ice Pro-Bonglab,Bongs,BONGLAB,bonglab,classic-ice-pro,classic-ice-pro,/productos/bonglab/classic-ice-pro,4,4,Astro Growshop | Fumetas | GrowBarato Chile | Piranha,20691,34791,68,Fumetas,Piranha,true,true,2026-05-22T15:21:15.346Z,Bonglab Bong KS11 Classic Ice 26cm | Bong Fluorescente De Silicona XL con atrapahielo y bubbler | Classic Ice Pro-Bonglab | Bong Classic Ice Pro
31,5340,Fat Candy -Bonglab,Bongs,BONGLAB,bonglab,fat-candy,fat-candy,/productos/bonglab/fat-candy,4,4,Astro Growshop | Fumetas | GrowBarato Chile | Piranha,22990,28491,24,Astro Growshop,Piranha,true,true,2026-05-22T15:17:00.185Z,Fat Candy -Bonglab | Fat Candy Bong de Bonglab | BongLab Bong W06 Fat Candy 25cm | Bong Fat Candy
32,5341,Bong Jelly Drop Bonglab | Bong de Vidrio Compacto y Resistente,Bongs,BONGLAB,bonglab,jelly-drop,jelly-drop,/productos/bonglab/jelly-drop,4,4,Astro Growshop | Fumetas | GrowBarato Chile | Piranha,24500,29990,22,GrowBarato Chile,Astro Growshop,true,true,2026-05-22T15:16:59.082Z,Bong Jelly Drop Bonglab | Bong de Vidrio Compacto y Resistente | Bong Jelly Drop | PIRANHA | Bonglab Bong Jelly Drop 20cm | Jelly Drop-Bonglab
33,5774,Heavy Trash -Bonglab,Bongs,BONGLAB,bonglab,heavy-trash,heavy-trash,/productos/bonglab/heavy-trash,4,4,Astro Growshop | Fumetas | GrowBarato Chile | Piranha,28900,72990,153,GrowBarato Chile,Fumetas,true,true,2026-05-22T15:21:15.511Z,Bong Acordeón De Silicona antiadherente fácil de desmontar | Heavy Trash -Bonglab | Bong Heavy Trash | BongLab Bong K42 Heavy Trash 53cm
34,5520,Bongbastic -Bonglab,Bongs,BONGLAB,bonglab,bongbastic,bongbastic,/productos/bonglab/bongbastic,4,4,Astro Growshop | Fumetas | GrowBarato Chile | Piranha,48990,69990,43,Astro Growshop,Piranha,true,true,2026-05-22T15:18:13.152Z,Bongbastic -Bonglab | Bongbastic K276 Bonglab Doble Percolador | Bong Grande Borosilicato | Bonglab Bong K276 Bongbastic 45cm | Bong Bongbastic
35,5522,Mad Professor - Bonglab,Bongs,BONGLAB,bonglab,mad-professor,mad-professor,/productos/bonglab/mad-professor,4,4,Astro Growshop | Fumetas | GrowBarato Chile | Piranha,48990,64990,33,Astro Growshop,Fumetas,true,true,2026-05-22T15:18:12.081Z,Mad Professor - Bonglab | Bong Mad Professor de Bonglab - GB The Green Brand | Bong Mad Professor | Bonglab Bong Mad Professor 42cm
36,5519,Bong de vidrio Big Blow de Bonglab- GB The Green Brand,Bongs,BONGLAB,bonglab,big-blow,big-blow,/productos/bonglab/big-blow,4,4,Astro Growshop | Fumetas | GrowBarato Chile | Piranha,53200,66990,26,GrowBarato Chile,Astro Growshop,true,true,2026-05-22T15:17:18.718Z,Bong de vidrio Big Blow de Bonglab- GB The Green Brand | Bong Big Blow | Bonglab Bong Pyrex K41 Big Blow 46cm | Big Blow-Bonglab
37,5339,Bong Bubbler Kush,Bongs,BONGLAB,bonglab,bubbler-kush,bubbler-kush,/productos/bonglab/bubbler-kush,4,4,Astro Growshop | Fumetas | GrowBarato Chile | Piranha,60291,87990,46,Piranha,Fumetas,true,true,2026-05-22T15:17:08.370Z,Bong Bubbler Kush | Bong de vidrio Bubbler Kush de Bonglab- GB The Green Brand | Bubbler Kush-Bonglab | Bonglab K275 Bubbler Kush 50cm
38,5769,Bonglab Banger Terp Sluter Cuarzo Macho 14MM,Accesorios de extraccion,BongLab,bonglab,banger-terp-slurper-macho-14mm,banger-terp-slurper-macho-14mm,/productos/bonglab/banger-terp-slurper-macho-14mm,3,3,Astro Growshop | Fumetas | GrowBarato Chile,9990,18000,80,Fumetas,GrowBarato Chile,true,true,2026-05-22T15:20:40.052Z,Bonglab Banger Terp Sluter Cuarzo Macho 14MM | Banger Terp Slurper Cuarzo Macho 14Mm-Bonglab | Kit Banger Bonglab ┃Accesorio para dabbear
39,5765,Ozeta Estuche pequeño 2022 - Anti-olor,Contenedores y estuches,Ozeta,ozeta,case-antiolor-small,case-antiolor-small,/productos/ozeta/case-antiolor-small,3,3,Fumetas | GrowBarato Chile | Piranha,20600,28990,41,GrowBarato Chile,Piranha,true,true,2026-05-22T15:20:31.614Z,Kit Fumador OZeta Clip┃Estuche blando de ocultación | Ozeta Estuche pequeño 2022 - Anti-olor | Estuche Anti Olor OZeta Pequeño (Color a elección)
40,6547,Zengaz Encendedor Soplete ZL-3 Smoke,Encendedores y sopletes,Zengaz,zengaz,torch-lighter-zl-3,torch-lighter-zl-3,/productos/zengaz/torch-lighter-zl-3,3,3,Fumetas | GrowBarato Chile | Piranha,3600,4990,39,GrowBarato Chile,Piranha,true,true,2026-05-22T15:21:15.775Z,Encendedor Soplete Special Blue Bernie Wild & Free | Growshop Chile | Zengaz Encendedor Soplete ZL-3 Smoke | Encendedor Zengaz Jet Flame ZL-3
41,5793,Moledor SLX 60mm,Moledores,SLX,slx,60mm,60mm,/productos/slx/60mm,3,3,Astro Growshop | Fumetas | GrowBarato Chile,1800,55990,3011,GrowBarato Chile,Astro Growshop,true,true,2026-05-22T15:21:15.618Z,Moledor de plástico para triturar marihuana | Moledor SLX 60mm | Moledor 6CM -Slx
42,5716,Tips Original De Carton 1 Ud-Raw,Filtros y boquillas,RAW,raw,paper-tip-classic,paper-tip-classic,/productos/raw/paper-tip-classic,3,3,Astro Growshop | Fumetas | Piranha,340,400,18,Astro Growshop,Fumetas,true,true,2026-05-22T15:13:40.996Z,Tips Original De Carton 1 Ud-Raw | Filtro Tips RAW Original | PIRANHA | Boquillas RAW Classic
43,5703,Platinium X2 Zero 1U- Blunt Wrap,Conos y blunts,BLUNT WRAP,blunt-wrap,wrap-platinum-2u,wrap-platinum-2u,/productos/blunt-wrap/wrap-platinum-2u,8,2,Astro Growshop | GrowBarato Chile,590,1000,69,Astro Growshop,GrowBarato Chile,true,true,2026-05-22T15:21:14.945Z,BLUNT PLATINUM X2 SABOR WHITE GRAPE | Platinium X2 Zero 1U- Blunt Wrap | Platinium X2 Bubble Gum 1U- Blunt Wrap | Platinium X2 Piña Colada 1U- Blunt Wrap | Platinium X2 Blueberry 1U- Blunt Wrap | Platinium X2 Grape 1U- Blunt Wrap | Platinium X2 Mojito 1U- Blunt Wrap | Blunt Show Cone x2 Sabores | Conos Blunt Listos para Rellenar Chile
44,5413,Blazy Susan papelillos king size purple – Papeles de enrolar ultra finos,Papelillos,BLAZY SUSAN,blazy-susan,paper-king-size-king-size-slim,purple-king-size-slim,/productos/blazy-susan/purple-king-size-slim,3,3,Astro Growshop | GrowBarato Chile | Piranha,400,990,148,GrowBarato Chile,Astro Growshop,true,true,2026-05-22T15:16:28.202Z,Blazy Susan papelillos king size purple – Papeles de enrolar ultra finos | Papelillo Purple King Size Slim -Blazy Susan | Papelillo King Size Slim Blazy Susan Purple | PIRANHA
45,5801,Limpiador de bong Fórmula Secreta 420 250mL,Limpieza,FORMULA SECRETA,formula-secreta,cleaner-bong-pipe-420-250ml,cleaner-bong-pipe-420-250ml,/productos/formula-secreta/cleaner-bong-pipe-420-250ml,3,2,Astro Growshop | Piranha,2994,5990,100,Piranha,Astro Growshop,true,true,2026-05-22T14:47:26.268Z,Limpiador de bong Fórmula Secreta 420 250mL | Limpiador Bong Cherry 250Ml Formula Secreta 420 | Limpiador Bong Manzana 100Ml Formula Secreta 420
46,5798,Máquina Enroladora RAW Automática 1 1/4,Otros parafernalia,RAW,raw,rolling-machine-automatica-1-1-4,rolling-machine-automatica-1-1-4,/productos/raw/rolling-machine-automatica-1-1-4,3,3,Astro Growshop | Fumetas | Piranha,3290,10990,234,Astro Growshop,Fumetas,true,true,2026-05-22T15:10:05.959Z,MAQUINA ENROLADORA -RAW | Máquina Enroladora RAW Automática 1 1/4 | Maquina Enroladora RAW Automática 1 1/4
47,6834,Bonglab Sujetador difusor 14mm- Diferentes Colores,Repuestos para bongs y vaporizadores,BONGLAB,bonglab,diffuser-14mm,diffuser-14mm,/productos/bonglab/diffuser-14mm,2,2,Astro Growshop | Fumetas,990,2490,152,Fumetas,Astro Growshop,false,true,2026-05-22T15:00:00.335Z,Bonglab Sujetador difusor 14mm- Diferentes Colores | Difusor Perc 135 Mm 14Mm-Bonglab
48,5733,CENICERO ASH HOLDER GLOW IN THE DARK - GALAXY,Bandejas y ceniceros,GALAXY,galaxy,ashtray-ash-holder,ashtray-ash-holder,/productos/galaxy/ashtray-ash-holder,2,2,Astro Growshop | Fumetas,1990,2990,50,Astro Growshop,Fumetas,true,true,2026-05-22T14:56:21.187Z,CENICERO ASH HOLDER GLOW IN THE DARK - GALAXY | Cenicero Galaxy Ash Holder
49,5491,Pipa de silicona Karma de Piece Maker,Pipas,,piecemaker,karma,karma,/productos/piecemaker/karma,3,3,Fumetas | GrowBarato Chile | Piranha,7700,9483,23,GrowBarato Chile,Piranha,true,true,2026-05-22T15:21:15.692Z,Pipa de silicona Karma de Piece Maker | PMG Pipa Karma 9 cm | Pipa Karma PieceMaker
50,5532,Tiny Bell Extended -Bonglab,Bongs,BONGLAB,bonglab,tiny-bell-extended,tiny-bell-extended,/productos/bonglab/tiny-bell-extended,3,3,Astro Growshop | Fumetas | Piranha,15790,16990,8,Astro Growshop,Piranha,true,true,2026-05-22T15:13:52.095Z,Tiny Bell Extended -Bonglab | BongLab Bong KM2 Tiny Bell Xtended 8 cm | Bong Tiny Bell
51,5740,Vaporizador DynaVap The B2 | PIRANHA,Vaporizadores herbales,DYNAVAP,dynavap,b2,b2,/productos/dynavap/b2,3,3,Fumetas | GrowBarato Chile | Piranha,73792,150600,104,Piranha,GrowBarato Chile,true,true,2026-05-22T15:18:07.925Z,Vaporizador DynaVap The B2 | PIRANHA | Dynavap Vaporizador Starter Kit B2 | Vaporizador Dynavap The UniDyn | Modular y personalizable
52,6808,BongLab Nectar Collector Mini 17cm,Accesorios de extraccion,BongLab,bonglab,nectar-collector,nectar-collector,/productos/bonglab/nectar-collector,5,3,Astro Growshop | Fumetas | GrowBarato Chile,19990,25990,30,Astro Growshop,Fumetas,true,true,2026-05-22T15:21:15.419Z,Nectar Collector Mini 17Cm -Bonglab | BongLab Nectar Collector Mini 17cm | BongLab Nectar Collector Torp 18cm | Nectar Collector Bong de Silicona con quemador de vidrio | BongLab Nectar Collector Tank 14cm
53,5764,Ozeta Estuche mediano 2022 - Anti-olor,Contenedores y estuches,Ozeta,ozeta,case-antiolor-medium,case-antiolor-medium,/productos/ozeta/case-antiolor-medium,3,3,Fumetas | GrowBarato Chile | Piranha,27990,39500,41,Fumetas,GrowBarato Chile,true,true,2026-05-22T15:20:14.309Z,Ozeta Estuche mediano 2022 - Anti-olor | Estuche Anti Olor OZeta Mediano (Color a elección) | Kit Fumeta OZeta Case XL antiolor
54,5725,Repuesto Pedernal Clipper | Consíguelo en GB The GreenBrand Chile,Encendedores y sopletes,CLIPPER,clipper,lighter-classic,lighter-classic,/productos/clipper/lighter-classic,19,2,Fumetas | GrowBarato Chile,900,1000,11,GrowBarato Chile,GrowBarato Chile,true,true,2026-05-22T15:20:19.339Z,Repuesto Pedernal Clipper | Consíguelo en GB The GreenBrand Chile | Encendedor Clipper Crystal 12 | Encendedor Clipper Winter Plans 2 | Encendedor Clipper Racoons | Encendedor Clipper Space Area 4 | Encendedor Clipper Zombie Force | Encendedor Clipper Space Area 3 | Encendedor Clipper Space Area 1 | Encendedor Clipper Space Area 2 | Encendedor Clipper Dino Sports | Encendedor Clipper Winter Plans 1 | Encendedor Clipper Horror Days 1 | Encendedor Clipper Taroting 2 | Encendedor Clipper Monsters 1 | Encendedor Clipper Cocodrilos - Finger Up Animals 3 | Encendedor Clipper Sun is Shinning 2 | Encendedor Clipper Wall Of Fame 2 | Encendedor Clipper GB The Green Brand - GB The Green Brand | Encendedor Clipper varios modelos disponibles
55,6317,Moledor Tarjeta Soulblime portátil,Moledores,SOULBLIME,soulblime,tarjeta,tarjeta,/productos/soulblime/tarjeta,3,3,Fumetas | GrowBarato Chile | Piranha,2500,2990,20,GrowBarato Chile,Fumetas,true,true,2026-05-22T15:16:13.271Z,Moledor Tarjeta Soulblime portátil | Soulblime Tarjeta Moledor | Grindercard Tarjeta Moledor Soulblime | PIRANHA
56,5717,Tips Perforated Wide-Raw,Filtros y boquillas,RAW,raw,paper-tip-wide-wide,paper-tip-wide-wide,/productos/raw/paper-tip-wide-wide,3,3,Astro Growshop | Fumetas | GrowBarato Chile,390,590,51,Astro Growshop,Fumetas,true,true,2026-05-22T15:16:50.301Z,Tips Perforated Wide-Raw | RAW Perforated Wide Tips de origen orgánico | Boquillas RAW Wide Pre-picadas
57,5704,Blunt Kush Hemp Wrap x2,Conos y blunts,Kush Hemp,kush-hemp,wrap-2u,wrap-2u,/productos/kush-hemp/wrap-2u,3,2,Fumetas | Piranha,990,1590,61,Fumetas,Piranha,true,true,2026-05-22T15:14:15.702Z,Blunt Kush Hemp Wrap x2 | Conos Blunt Kush Hemp x2 - Sabores | Kush Blunt Hemp Wrap Terpene Infused (2u) | PIRANHA
58,5460,Blazy Susan Papelillos Purple 1 1/4,Papelillos,Blazy Susan,blazy-susan,paper-1-1-4-1-1-4,purple,/productos/blazy-susan/purple,3,3,Astro Growshop | Fumetas | Piranha,711,790,11,Fumetas,Astro Growshop,true,true,2026-05-22T15:10:00.474Z,Blazy Susan Papelillos Purple 1 1/4 | Papelillo Purple 1 1/4 1Und-Blazy Susan | Papelillo 1 1/4 Blazy Susan Purple | PIRANHA
59,5797,Enroladora Acrílica 1 1/4 1U-Ocb,Otros parafernalia,OCB,ocb,rolling-machine-acrilica-1-1-4,rolling-machine-acrilica-1-1-4,/productos/ocb/rolling-machine-acrilica-1-1-4,3,3,Astro Growshop | Fumetas | Piranha,3490,5190,49,Astro Growshop,Fumetas,true,true,2026-05-22T14:54:18.515Z,Enroladora Acrílica 1 1/4 1U-Ocb | Máquina Enroladora Acrílica OCB 1 1/4 | Enroladora Acrilica OCB 1 1/4
60,6833,Quemador macho 18mm,Repuestos para bongs y vaporizadores,Bonglab,bonglab,bowl-18mm,bowl-18mm,/productos/bonglab/bowl-18mm,3,2,Astro Growshop | Fumetas,2990,9990,234,Fumetas,Astro Growshop,true,true,2026-05-22T14:55:12.547Z,Quemador macho 18mm | Bonglab Quemador Macho 18mm | Quemador Cerámica Wax Hembra 14-18Mm-Bonglab
61,5735,Bandeja RAW metálica Girl - Mediana,Bandejas y ceniceros,RAW,raw,tray-girl-metal-medium,girl-metal-medium,/productos/raw/girl-metal-medium,2,2,Astro Growshop | Fumetas,7690,7990,4,Fumetas,Astro Growshop,true,true,2026-05-22T14:55:59.737Z,Bandeja RAW metálica Girl - Mediana | Bandeja Metálica Girl Mediana-Raw
62,5492,Cabo Heavy Hitter 9mm,Pipas,Cabo,cabo,heavy-hitter-9mm,heavy-hitter-9mm,/productos/cabo/heavy-hitter-9mm,2,2,Fumetas | GrowBarato Chile,4990,5000,0,Fumetas,GrowBarato Chile,true,true,2026-05-22T15:15:46.853Z,Cabo Heavy Hitter 9mm | Cabo Heavy Hitter Pyrex
63,5528,Pocket Bell -Bonglab,Bongs,BONGLAB,bonglab,pocket-bell,pocket-bell,/productos/bonglab/pocket-bell,3,3,Astro Growshop | Fumetas | Piranha,18990,22611,19,Astro Growshop,Fumetas,true,true,2026-05-22T15:14:01.555Z,Pocket Bell -Bonglab | Bong Pocket Bell | BongLab Bong X5 Pocket Bell 17cm
64,5737,Vaporizador Mecánico Dynavap M7,Vaporizadores herbales,Dynavap,dynavap,m7,m7,/productos/dynavap/m7,3,3,Astro Growshop | Fumetas | Piranha,89990,94491,5,Fumetas,Piranha,true,true,2026-05-22T14:55:23.243Z,Vaporizador Mecánico Dynavap M7 | Vaporizador The New M7-Dynavap | Vaporizador DynaVap New The M 7 | PIRANHA
65,5771,Hemper Isoplex Estación de Dab y Limpieza | PIRANHA,Accesorios de extraccion,HEMPER,hemper,station-iso-plex,station-iso-plex,/productos/hemper/station-iso-plex,3,3,Astro Growshop | Fumetas | Piranha,29742,39990,34,Piranha,Fumetas,true,true,2026-05-22T15:13:53.404Z,Hemper Isoplex Estación de Dab y Limpieza | PIRANHA | ISOPLEX ESTACION DE DAB Y LIMPIEZA NEGRO- HEMPER | Hemper Iso-Plex Estacion de Limpieza y Dabs
66,5762,Banano Anti Olor Con Clave,Contenedores y estuches,OZETA,ozeta,bag-banano,bag-banano,/productos/ozeta/bag-banano,3,3,Fumetas | GrowBarato Chile | Piranha,28792,49990,74,Piranha,Fumetas,true,true,2026-05-22T15:19:04.561Z,Banano Anti Olor Con Clave | Bolso bandolera Banano Anti-Olor de Ozeta | Ozeta Lonchera con clave - Anti-olor
67,5729,Encendedor Clipper The Bulldog Amsterdam,Encendedores y sopletes,Clipper,the-bulldog,lighter-classic,lighter-classic,/productos/the-bulldog/lighter-classic,2,2,Fumetas | GrowBarato Chile,990,1000,1,Fumetas,GrowBarato Chile,true,true,2026-05-22T15:16:55.773Z,Encendedor Clipper The Bulldog Amsterdam | Encendedor Clipper Bulldog Ámsterdam - GB The Green Brand
68,5500,Moledor SLX 50mm,Moledores,SLX,slx,50mm,50mm,/productos/slx/50mm,3,3,Astro Growshop | Fumetas | GrowBarato Chile,4500,49990,1011,GrowBarato Chile,Astro Growshop,true,true,2026-05-22T15:21:15.088Z,Moledor Aluminio 2 Partes 50 mm | Compacto y resistente | Moledor SLX 50mm | Moledor 5Cm -Slx
69,5715,Filtros Tips Gummed-Raw,Filtros y boquillas,RAW,raw,gummed-tip-gummed,gummed-tip-gummed,/productos/raw/gummed-tip-gummed,3,3,Astro Growshop | Fumetas | GrowBarato Chile,490,690,41,Astro Growshop,Fumetas,true,true,2026-05-22T15:16:48.810Z,Filtros Tips Gummed-Raw | RAW Perforate Gummed Tips de la marca RAW | Boquillas RAW Gummed Tips - Con pegamento
70,5713,Conos Bulldog Reefer 1 1/4 (6u),Conos y blunts,BULLDOG,the-bulldog,pre-roll-1-1-4-6u,pre-roll-1-1-4-6u,/productos/the-bulldog/pre-roll-1-1-4-6u,2,2,Fumetas | Piranha,1467,1990,36,Piranha,Fumetas,true,true,2026-05-22T14:56:53.361Z,Conos Bulldog Reefer 1 1/4 (6u) | Bulldog 6 Conos Pre-enrolados 1 1/4
71,6326,Papelillo OCB Ultimate 1,Papelillos,OCB,ocb,paper-ocb-ultimate,ultimate,/productos/ocb/ultimate,5,3,Astro Growshop | Fumetas | Piranha,750,2590,245,Fumetas,Piranha,true,true,2026-05-22T15:10:23.358Z,Papelillos OCB Ultimate 1 1/4 | Papelillo OCB Ultimate 1 | Papelillo Blanco Ultrafino N°1 1U-Ocb | Papelillo OCB Ultimate 1 ¼ | Papelillo OCB Ultimate Rolls Slim | PIRANHA
72,5799,Máquina enroladora RAW 1 1/4 ecoplastic,Otros parafernalia,RAW,raw,rolling-machine-ecoplastic-1-1-4,rolling-machine-ecoplastic-1-1-4,/productos/raw/rolling-machine-ecoplastic-1-1-4,2,2,Fumetas | Piranha,2990,3490,17,Fumetas,Piranha,true,true,2026-05-22T15:09:53.080Z,Máquina enroladora RAW 1 1/4 ecoplastic | Máquina Enroladora RAW 1 1/4 Ecoplastic 79mm
73,5751,Calvo Glass Quemador Pyrex - Macho 14mm,Repuestos para bongs y vaporizadores,Calvo Glass,calvo,bowl-14mm,bowl-14mm,/productos/calvo/bowl-14mm,2,2,Fumetas | Piranha,3490,5990,72,Fumetas,Piranha,true,true,2026-05-22T14:57:46.511Z,Calvo Glass Quemador Pyrex - Macho 14mm | Quemador Macho 14mm
74,5731,Blazy Susan Cenicero Deluxe,Bandejas y ceniceros,Blazy Susan,blazy-susan,ashtray-deluxe,ashtray-deluxe,/productos/blazy-susan/ashtray-deluxe,2,2,Fumetas | Piranha,13491,13941,3,Fumetas,Piranha,true,true,2026-05-22T15:14:06.740Z,Blazy Susan Cenicero Deluxe | Cenicero Blazy Susan Deluxe (Color a elección) | PIRANHA
75,5489,Pipa Top Smoke Pocket Travel | PIRANHA,Pipas,TOP SMOKE,top-smoke,pocket-travel,pocket-travel,/productos/top-smoke/pocket-travel,2,2,Fumetas | Piranha,7911,8991,14,Piranha,Fumetas,true,true,2026-05-22T15:12:59.946Z,Pipa Top Smoke Pocket Travel | PIRANHA | Top Smoke Pipa Pocket Travel 10cm
76,5523,NEVIS RIG WHITE WHITE- Bonglab,Bongs,BONGLAB,bonglab,nevis-rig,nevis-rig,/productos/bonglab/nevis-rig,3,3,Astro Growshop | Fumetas | GrowBarato Chile,21990,29990,36,Astro Growshop,Fumetas,true,true,2026-05-22T15:16:54.758Z,NEVIS RIG WHITE WHITE- Bonglab | Bong Pyrex 14cm White Bonglab | Rig Compacto de Vidrio Resistente | BongLab Bong A13 Nevis Rig White 14cm
77,5739,Vaporizador DaVinci MIQRO-C | PIRANHA,Vaporizadores herbales,,davinci,miqro-c,miqro-c,/productos/davinci/miqro-c,3,3,Fumetas | GrowBarato Chile | Piranha,104993,129990,24,Piranha,Fumetas,true,true,2026-05-22T15:21:14.849Z,Vaporizador DaVinci MIQRO-C | PIRANHA | Davinci Miqro-C | Vaporizador portátil | Vaporizador DaVinci Miqro C - Herbal
78,6809,Banger Alto Cuarzo Hembra 14Mm-Bonglab,Accesorios de extraccion,BONGLAB,bonglab,banger-simple-hembra-14mm,banger-simple-hembra-14mm,/productos/bonglab/banger-simple-hembra-14mm,2,2,Astro Growshop | Fumetas,5990,9590,60,Astro Growshop,Fumetas,false,true,2026-05-22T14:59:35.896Z,Banger Alto Cuarzo Hembra 14Mm-Bonglab | BongLab Banger Alto Cuarzo Hembra 14mm
79,5781,Bolso Muslera Xl Con Clave -Ozeta,Contenedores y estuches,OZETA,ozeta,bag-legbag-xl,bag-legbag-xl,/productos/ozeta/bag-legbag-xl,3,3,Astro Growshop | Fumetas | Piranha,36990,49990,35,Astro Growshop,Piranha,true,true,2026-05-22T15:13:52.695Z,Bolso Muslera Xl Con Clave -Ozeta | Muslera XL c/clave | Ozeta Muslera Xl Con Clave - Anti Olor
80,5724,Encendedor Jet Flame Con Tapa Modelos variados- Clipper,Encendedores y sopletes,CLIPPER,clipper,torch-lighter-jet-flame,torch-lighter-jet-flame,/productos/clipper/torch-lighter-jet-flame,22,2,Astro Growshop | Fumetas,1200,1592,33,Astro Growshop,Fumetas,true,true,2026-05-22T14:56:06.714Z,Encendedor Jet Flame Con Tapa Modelos variados- Clipper | Encendedor Clipper Jet Flame Ink 4 Life | Encendedor Clipper Jet Flame Gradient 3 | Encendedor Clipper Jet Flame Psychodelic 2 | Encendedor Clipper Jet Flame Good Vibes Only | Encendedor Clipper Jet Flame Galactic Weed | Encendedor Clipper Jet Flame Head Bones | Encendedor Clipper Jet Flame Print Weed | Encendedor Clipper Jet Flame Rainbow Mush | Encendedor Clipper Jet Flame Rotten Burgers | Encendedor Clipper Jet Flame Shiny Assorted | Encendedor Clipper Jet Flame Skull Drinks | Encendedor Clipper Jet Flame Topo Expressions | Encendedor Clipper Jet Flame CozySkulls | Encendedor Clipper Jet Flame HippieWorld | Encendedor Clipper Jet Flame Mandaleaves | Encendedor Clipper Jet Flame Ravetrip | Encendedor Jet Flame Jet Good Vibes Only Clipper | Encendedor Jet Flame Jet Galactic Weed Clipper | Encendedor Jet Flame Jet Hippie World Clipper | Encendedor Jet Flame Jet Horror Zoo Clipper | Encendedor Clipper Jet Flame Horror Zoo
81,5499,Moledor 63MM -Galaxy,Moledores,GALAXY,galaxy,metal-63mm,metal-63mm,/productos/galaxy/metal-63mm,4,3,Astro Growshop | Fumetas | Piranha,15990,21990,38,Astro Growshop,Astro Growshop,true,true,2026-05-22T15:09:03.877Z,Moledor 63MM -Galaxy | Grinder Galaxy Aluminio 63mm | Moledor Galaxy Aluminio 63mm | Moledor 63Mm Rose Gold-Galaxy
82,6822,Boquillas RAW Pre-enrolados 21 unidades,Filtros y boquillas,RAW,raw,pre-rolled-tip-21u,pre-rolled-tip-21u,/productos/raw/pre-rolled-tip-21u,3,3,Fumetas | GrowBarato Chile | Piranha,1250,1490,19,Fumetas,Piranha,true,true,2026-05-22T15:20:27.315Z,Boquillas RAW Pre-enrolados 21 unidades | RAW Pre Rolled Tips de RAW filtros de calidad | Filtro Tips RAW Pre-Enrolados (21u) | PIRANHA
83,5709,Tea Leaf Wraps Blazy Susan | PIRANHA,Conos y blunts,BLAZY SUSAN,blazy-susan,wrap-tea-leaf-2u,wrap-tea-leaf-2u,/productos/blazy-susan/wrap-tea-leaf-2u,2,2,Fumetas | Piranha,1495,1791,20,Piranha,Fumetas,true,true,2026-05-22T14:57:03.791Z,Tea Leaf Wraps Blazy Susan | PIRANHA | Blazy Susan Blunt Natural Wraps x2 - Tea Leaf
84,5478,Papelillos Gizeh Pink 1 1/4 Extra Fine,Papelillos,Gizeh,gizeh,paper-1-1-4-1-1-4,pink,/productos/gizeh/pink,3,3,Fumetas | GrowBarato Chile | Piranha,790,990,25,Fumetas,Piranha,true,true,2026-05-22T15:16:21.675Z,Papelillos Gizeh Pink 1 1/4 Extra Fine | Papelillos para liar Gizeh Pink 1 1/4 - GB The Green Brand | Papelillo Gizeh Pink 1 1/4
85,5750,Quemador Rejilla Pyrex 14Mm Cono-Bonglab,Repuestos para bongs y vaporizadores,BONGLAB,bonglab,bowl-screen-14mm,bowl-screen-14mm,/productos/bonglab/bowl-screen-14mm,2,2,Astro Growshop | GrowBarato Chile,3500,4990,43,GrowBarato Chile,Astro Growshop,true,true,2026-05-22T15:21:14.991Z,Quemador Bowl Macho 18mm Colores Surtidos | Bowl para Bong Chile | Quemador Rejilla Pyrex 14Mm Cono-Bonglab
86,5732,Bandeja Enrolado Neon Tray LED,Bandejas y ceniceros,BONGLAB,bonglab,tray-neon-led,neon-led,/productos/bonglab/neon-led,2,2,Astro Growshop | Piranha,15992,17990,12,Piranha,Astro Growshop,true,true,2026-05-08T22:07:53.490Z,Bandeja Enrolado Neon Tray LED | Neon Tray Bandeja Enrolado Led -Bonglab
87,5497,Pipa De Mano Heavy Gear,Pipas,CABO,cabo,heavy-gear,heavy-gear,/productos/cabo/heavy-gear,2,2,Fumetas | GrowBarato Chile,9000,10791,20,GrowBarato Chile,Fumetas,true,true,2026-05-22T15:18:14.157Z,Pipa De Mano Heavy Gear | Cabo Pipa Heavy Gear Black 20mm
88,5775,Honey Waffle -Bonglab,Bongs,BONGLAB,bonglab,honey-waffle,honey-waffle,/productos/bonglab/honey-waffle,3,3,Astro Growshop | Fumetas | GrowBarato Chile,27990,646800,2211,Astro Growshop,GrowBarato Chile,true,true,2026-05-22T15:21:15.954Z,Honey Waffle -Bonglab | Bonglab Bong Honey Waffle 23cm | Compra tu Gravity Bong Stundenglass【hookah】más barata✅
89,5736,Vaporizador Da Vinci Iq3 (Onyx/Blue/Purple/Grey),Vaporizadores herbales,DA VINCI,davinci,iq3,iq3,/productos/davinci/iq3,2,2,Astro Growshop | Piranha,219990,247042,12,Astro Growshop,Piranha,true,true,2026-05-22T15:14:15.755Z,Vaporizador Da Vinci Iq3 (Onyx/Blue/Purple/Grey) | Vaporizador DaVinci IQ3 | PIRANHA
90,6353,Calvo Glass Banger Evan Shore 14mm,Accesorios de extraccion,Calvo Glass,calvo,banger-simple-14mm,banger-simple-14mm,/productos/calvo/banger-simple-14mm,2,2,Fumetas | GrowBarato Chile,8990,18900,110,Fumetas,GrowBarato Chile,true,true,2026-05-22T15:18:09.972Z,Calvo Glass Banger Evan Shore 14mm | Banger Regular Full Weld 14 mm Calvo Glass
91,5766,Raw Tarro Mason Jar de Vidrio 16oz,Contenedores y estuches,RAW,raw,jar-mason-glass-473ml,jar-mason-glass-473ml,/productos/raw/jar-mason-glass-473ml,2,2,Fumetas | Piranha,3990,3990,0,Piranha,Piranha,true,true,2026-05-22T14:57:01.034Z,Frasco de Almacenaje y Curado Mason Jar de Vidrio RAW 473mL | PIRANHA | Raw Tarro Mason Jar de Vidrio 16oz
92,5728,Clipper Gas Butano 16 ml,Encendedores y sopletes,Clipper,clipper,gas-classic-16ml,gas-classic-16ml,/productos/clipper/gas-classic-16ml,2,2,Fumetas | Piranha,1590,2490,57,Fumetas,Piranha,true,true,2026-05-22T14:54:57.662Z,Clipper Gas Butano 16 ml | Kit Encendedor Clipper x Piranha
93,5357,Moledor Ceramico Square - Galaxy,Moledores,GALAXY,galaxy,square-ceramic,square-ceramic,/productos/galaxy/square-ceramic,3,3,Astro Growshop | Fumetas | Piranha,19990,25790,29,Astro Growshop,Fumetas,true,true,2026-05-22T15:08:22.371Z,Moledor Ceramico Square - Galaxy | Moledor Cerámico Galaxy Square 5cm 2 Partes | PIRANHA | Moledor Galaxy Square Cerámico
94,5722,Filtros de cartón OCB Premium de color blanco,Filtros y boquillas,OCB,ocb,paper-filter-premium,paper-filter-premium,/productos/ocb/paper-filter-premium,2,2,GrowBarato Chile | Piranha,450,890,98,GrowBarato Chile,Piranha,true,true,2026-05-22T15:19:41.896Z,Filtros de cartón OCB Premium de color blanco | Filtro Premium OCB
95,5714,OCB 3 Conos Pre-enrolados King Size Virgin Slim,Conos y blunts,OCB,ocb,pre-roll-virgin-king-size-slim-3u,pre-roll-virgin-king-size-slim-3u,/productos/ocb/pre-roll-virgin-king-size-slim-3u,2,2,Fumetas | Piranha,1690,1990,18,Fumetas,Piranha,true,true,2026-05-22T14:56:45.232Z,OCB 3 Conos Pre-enrolados King Size Virgin Slim | Conos PreEnrolados OCB Virgin Ultra Fino Unbleached 109mm (3u)| PIRANHA
96,5463,OCB Slim Ultimate de origen orgánico,Papelillos,OCB,ocb,ultimate-slim,organic,/productos/ocb/organic,3,3,Astro Growshop | Fumetas | Piranha,790,990,25,Fumetas,Piranha,true,true,2026-05-22T14:54:02.049Z,Papelillos OCB Cañamo orgánico 1 1/4 | Papelillo Organico de Cañamo1 1/4 1U- Ocb | Papelillo OCB Orgánico 1 ¼
97,6769,Bonglab Quemador Simple Macho 10mm,Repuestos para bongs y vaporizadores,BongLab,bonglab,bowl-simple-10mm,bowl-simple-10mm,/productos/bonglab/bowl-simple-10mm,2,2,Astro Growshop | Fumetas,3990,3990,0,Fumetas,Fumetas,true,true,2026-05-22T14:48:30.936Z,Bonglab Quemador Simple Macho 10mm | Quemador Macho Simple 10 Mm - Bonglab
98,5494,Pipa Piecemaker Kazili de silicona - Growbarato,Pipas,PIECEMAKER,piecemaker,kazili,kazili,/productos/piecemaker/kazili,2,2,GrowBarato Chile | Piranha,9500,11431,20,GrowBarato Chile,Piranha,true,true,2026-05-22T15:15:51.082Z,Pipa Piecemaker Kazili de silicona - Growbarato | Pipa Kazili PieceMaker
99,5530,Bong The Sheikh,Bongs,BONGLAB,bonglab,sheikh,sheikh,/productos/bonglab/sheikh,3,3,Astro Growshop | GrowBarato Chile | Piranha,44394,68400,54,Piranha,GrowBarato Chile,true,true,2026-05-22T15:18:25.634Z,Bong The Sheikh | The Sheikh 42Cm -Bonglab | Moderno Bong The Sheikh de Bonglab - GB The Green Brand
100,5741,Vaporizador Crafty+ Plus,Vaporizadores herbales,Storz & Bickel,storz-bickel,crafty-plus,crafty-plus,/productos/storz-bickel/crafty-plus,2,2,Fumetas | GrowBarato Chile,279990,297000,6,Fumetas,GrowBarato Chile,true,true,2026-05-22T15:21:15.059Z,Vaporizador Crafty+ Plus | Crafty Plus Negro Storz & Bikel
101,5767,Bucket Banger Cuarzo Diseño Blazy Susan 14mm Macho | PIRANHA,Accesorios de extraccion,BLAZY SUSAN,blazy-susan,banger-diseno-macho-14mm,banger-diseno-macho-14mm,/productos/blazy-susan/banger-diseno-macho-14mm,2,2,Astro Growshop | Piranha,24592,29990,22,Piranha,Astro Growshop,true,true,2026-05-22T14:44:42.653Z,Bucket Banger Cuarzo Diseño Blazy Susan 14mm Macho | PIRANHA | Banger Cuarzo Diseño Bs 14Mm Macho-Blazy Susan
102,6525,Estuche Anti-Olor perfecto para el día a día,Contenedores y estuches,OZETA,ozeta,case-antiolor,case-antiolor,/productos/ozeta/case-antiolor,2,2,GrowBarato Chile | Piranha,26000,26990,4,GrowBarato Chile,Piranha,true,true,2026-05-22T15:17:03.802Z,Estuche Anti-Olor perfecto para el día a día | Estuche Anti Olor Tela Blanda
103,5727,Zengaz Encendedor Soplete ZL-12 Natural,Encendedores y sopletes,Zengaz,zengaz,torch-lighter-zl-12,torch-lighter-zl-12,/productos/zengaz/torch-lighter-zl-12,4,2,Fumetas | GrowBarato Chile,2300,4490,95,GrowBarato Chile,Fumetas,true,true,2026-05-22T15:21:14.701Z,Soplete Pequeño | Encendedor de gas recargable portátil | Zengaz Encendedor Soplete ZL-12 Natural | Zengaz Encendedor Soplete ZL-12 Animal Print | Zengaz Encendedor Soplete ZL-12 Space 2
104,5503,Moledor Quartz Grinder- Galaxy,Moledores,GALAXY,galaxy,quartz,quartz,/productos/galaxy/quartz,3,3,Astro Growshop | Fumetas | Piranha,39590,47990,21,Astro Growshop,Fumetas,true,true,2026-05-22T15:08:29.517Z,Moledor Quartz Grinder- Galaxy | Moledor Galaxy Quartz Aluminio Aeroespacial | PIRANHA | Moledor Galaxy Quartz 63 mm
105,5720,Filtro de cartón OCB Virgin sin contaminantes,Filtros y boquillas,OCB,ocb,paper-filter-virgin,paper-filter-virgin,/productos/ocb/paper-filter-virgin,2,2,GrowBarato Chile | Piranha,500,890,78,GrowBarato Chile,Piranha,true,true,2026-05-22T15:20:01.966Z,Filtro de cartón OCB Virgin sin contaminantes | Filtro Virgin OCB
106,6496,Conos PreEnrolados RAW King Size,Conos y blunts,RAW,raw,pre-roll-king-size,pre-roll-king-size,/productos/raw/pre-roll-king-size,2,2,Fumetas | Piranha,1990,1990,0,Fumetas,Fumetas,true,true,2026-05-22T15:13:13.470Z,Conos RAW Pre-enrolados King Size | Conos PreEnrolados RAW King Size
107,5479,Papelillo OCB Xpert 1 ¼,Papelillos,OCB,ocb,paper-1-1-4-1-1-4,x-pert,/productos/ocb/x-pert,3,3,Fumetas | GrowBarato Chile | Piranha,850,990,16,Fumetas,Piranha,true,true,2026-05-22T15:16:23.761Z,Papelillos OCB X-Pert 1 1/4 | OCB X-Pert 1 1/4 papel de fumar ultrafino | Papelillo OCB Xpert 1 ¼
108,6318,Quemador De 14Mm -Bonglab,Repuestos para bongs y vaporizadores,BONGLAB,bonglab,bowl-14mm,bowl-14mm,/productos/bonglab/bowl-14mm,5,2,Fumetas | Piranha,4990,10890,118,Fumetas,Fumetas,true,true,2026-05-22T15:13:10.552Z,Bonglab Quemador Macho 14mm Clear | Bonglab Quemador Pro 14mm- Diferentes Colores | Quemador Macho Bonglab 14mm | PIRANHA | Bonglab Atrapa cenizas quemador macho 14mm | Bonglab Quemador Macho 14MM Rainbow
109,5490,Pipa Calvo Horn Pipe 10cm | PIRANHA,Pipas,CALVO,calvo,horn,horn,/productos/calvo/horn,2,2,Fumetas | Piranha,10943,14990,37,Piranha,Fumetas,true,true,2026-05-22T14:58:44.416Z,Pipa Calvo Horn Pipe 10cm | PIRANHA | Calvo Glass Pipa Horn Pipe 10 cm
110,5533,Bong Water Splash K598 de Bonglab- GB The Green Brand,Bongs,BONGLAB,bonglab,water-splash,water-splash,/productos/bonglab/water-splash,4,3,Astro Growshop | Fumetas | GrowBarato Chile,45000,69990,56,GrowBarato Chile,Fumetas,true,true,2026-05-22T15:16:45.310Z,Bong Water Splash K598 de Bonglab- GB The Green Brand | Water Splash -Bonglab | Bong Water Splash Green 50Cm Bonglab | BongLab Bong K598 Splash Water 50cm
111,5796,Vaporizador Volcano Classi,Vaporizadores herbales,,storz-bickel,volcano-classic,volcano-classic,/productos/storz-bickel/volcano-classic,2,2,GrowBarato Chile | Piranha,339992,396000,16,Piranha,GrowBarato Chile,true,true,2026-05-22T15:21:15.192Z,Vaporizador Volcano Classi | Volcano Classic y Digital Vaporizador
112,5782,Muslera c/clave,Contenedores y estuches,OZETA,ozeta,bag-legbag,bag-legbag,/productos/ozeta/bag-legbag,2,2,GrowBarato Chile | Piranha,34773,44000,27,Piranha,GrowBarato Chile,true,true,2026-05-22T15:18:16.233Z,Muslera c/clave | Bolso Muslera Ozeta c/clave - GB The Green Brand
113,5726,Encendedor Clipper Metálico | PIRANHA,Encendedores y sopletes,CLIPPER,clipper,metal-lighter-metal,metal-lighter-metal,/productos/clipper/metal-lighter-metal,8,2,Fumetas | Piranha,5452,6990,28,Piranha,Fumetas,true,true,2026-05-22T15:10:08.679Z,Encendedor Clipper Metálico | PIRANHA | Encendedor Clipper Metálico | PIRANHA | Encendedor Clipper Metálico | PIRANHA | Encendedor Clipper Metálico | PIRANHA | Encendedor Clipper Metálico | PIRANHA | Encendedor Clipper Metálico Silver Devil | Encendedor Clipper Metálico Jungle Leaf | Encendedor Clipper Metálico Icy Tornasol
114,6324,Moledor Plastico 3 Partes - Bulldog,Moledores,BULLDOG,the-bulldog,plastic-3-partes-60mm,plastic-3-partes-60mm,/productos/the-bulldog/plastic-3-partes-60mm,2,2,Astro Growshop | Fumetas,1990,2490,25,Astro Growshop,Fumetas,true,true,2026-05-22T14:52:38.494Z,Moledor Plastico 3 Partes - Bulldog | Moledor plástico Bulldog 3 partes 60mm
115,5719,Filtros Gizeh Slim Rojo con pegamento (120+30) 6mm,Filtros y boquillas,Gizeh,gizeh,gummed-tip-slim-red-6mm-150u,gummed-tip-slim-red-6mm-150u,/productos/gizeh/gummed-tip-slim-red-6mm-150u,2,2,Fumetas | Piranha,990,1390,40,Fumetas,Piranha,true,true,2026-05-22T15:09:58.253Z,Filtros Gizeh Slim Rojo con pegamento (120+30) 6mm | Filtro Gizeh Slim Rojo con Pegamento 6x15mm (120+30u)
116,5711,Conos PreEnrolados RAW 1 1/4 (6u),Conos y blunts,RAW,raw,pre-roll-1-1-4-6u,pre-roll-1-1-4-6u,/productos/raw/pre-roll-1-1-4-6u,2,2,Fumetas | Piranha,1990,1990,0,Piranha,Piranha,true,true,2026-05-22T14:56:38.836Z,Conos PreEnrolados RAW 1 1/4 (6u) | Conos RAW Pre-enrolados 1 1/4 - 6 unidades
117,5421,Papelillo Unbleached King Size Slim Blazy Susan,Papelillos,BLAZY SUSAN,blazy-susan,paper-king-size-king-size-slim,unbleached-king-size-slim,/productos/blazy-susan/unbleached-king-size-slim,3,3,Astro Growshop | GrowBarato Chile | Piranha,990,1700,72,Astro Growshop,GrowBarato Chile,true,true,2026-05-22T15:17:13.549Z,Papelillo Unbleached King Size Slim Blazy Susan | Papelillo King Size Slim Blazy Susan Unbleached | PIRANHA | Papelillo King Size Slim Blazy Susan Deluxe Kit Unbleached – Kit de enrolar natural
118,5749,Quemador Bowl Chico Hembra 14Mm - Bonglab,Repuestos para bongs y vaporizadores,BONGLAB,bonglab,bowl-bowl-14mm,bowl-bowl-14mm,/productos/bonglab/bowl-bowl-14mm,3,2,Astro Growshop | Piranha,4990,6990,40,Piranha,Astro Growshop,true,true,2026-05-22T15:10:17.708Z,Quemador Bowl Chico Hembra Bonglab 14mm | PIRANHA | Quemador Bowl Chico Hembra 14Mm - Bonglab | Quemador Bowl Chico Hembra 14 Mm -Bonglab
119,5795,Pipa silicona alargada Konjurer Piece Maker,Pipas,,piecemaker,konjurer,konjurer,/productos/piecemaker/konjurer,2,2,GrowBarato Chile | Piranha,16500,21592,31,GrowBarato Chile,Piranha,true,true,2026-05-22T15:21:15.569Z,Pipa silicona alargada Konjurer Piece Maker | Pipa Konjurer PieceMaker
120,5534,Heavy Bubbler Cabo de borosilicato,Bongs,CABO,cabo,heavy-bubbler,heavy-bubbler,/productos/cabo/heavy-bubbler,2,2,Fumetas | GrowBarato Chile,19800,29990,51,GrowBarato Chile,Fumetas,true,true,2026-05-22T15:17:02.584Z,Heavy Bubbler Cabo de borosilicato | Cabo Pipa Heavy Bubbler 12cm
121,5742,Mighty +,Vaporizadores herbales,,storz-bickel,mighty-plus,mighty-plus,/productos/storz-bickel/mighty-plus,2,2,GrowBarato Chile | Piranha,375991,387000,3,Piranha,GrowBarato Chile,true,true,2026-05-22T15:19:59.722Z,Mighty + | Mighty Plus Storz & Bickel Negro
122,5779,OZETA BOLSO ANTI OLOR CROSSBAG 5X5 - CAJA ROTA,Contenedores y estuches,OZETA,ozeta,bag-crossbag-5x5,bag-crossbag-5x5,/productos/ozeta/bag-crossbag-5x5,3,2,Astro Growshop | Fumetas,39990,47990,20,Astro Growshop,Astro Growshop,true,true,2026-05-22T14:42:22.654Z,OZETA BOLSO ANTI OLOR CROSSBAG 5X5 - CAJA ROTA | Ozeta Crossbag 5x5 - Anti-olor | Bolso 5X5 Crossbag Negra-Ozeta
123,5498,Galaxy Moledor Biodegradable | Grinder ecológico resistente,Moledores,GALAXY,galaxy,ecologico,ecologico,/productos/galaxy/ecologico,2,2,Astro Growshop | GrowBarato Chile,3600,4990,39,GrowBarato Chile,Astro Growshop,true,true,2026-05-22T15:16:14.342Z,Galaxy Moledor Biodegradable | Grinder ecológico resistente | Grinder Ecológico -Galaxy
124,5721,Cajita Metálica RAW con 100u Filtros Pre-Enrolados 6mm | PIRANHA,Filtros y boquillas,RAW,raw,pre-rolled-tip-metal-case-6mm-100u,pre-rolled-tip-metal-case-6mm-100u,/productos/raw/pre-rolled-tip-metal-case-6mm-100u,2,2,Fumetas | Piranha,5990,6990,17,Piranha,Fumetas,true,true,2026-05-22T14:58:23.621Z,Cajita Metálica RAW con 100u Filtros Pre-Enrolados 6mm | PIRANHA | Cajetilla Metalica RAW con 100 Boquillas Preenrolados
125,5708,Blazy Susan Blunt Rose Wraps x2,Conos y blunts,Blazy Susan,blazy-susan,wrap-rose-2u,wrap-rose-2u,/productos/blazy-susan/wrap-rose-2u,2,2,Fumetas | Piranha,2151,2990,39,Fumetas,Piranha,true,true,2026-05-22T15:10:20.556Z,Blazy Susan Blunt Rose Wraps x2 | Rose Wraps Blazy Susan (2u) | PIRANHA
126,5418,Papelillos RAW Classic King Size Slim - Sabanas,Papelillos,RAW,raw,paper-classic-king-size-slim-king-size-slim,classic-king-size-slim,/productos/raw/classic-king-size-slim,3,3,Fumetas | GrowBarato Chile | Piranha,990,1290,30,Fumetas,Piranha,true,true,2026-05-22T15:16:38.980Z,"Papelillos RAW Classic King Size Slim - Sabanas | RAW King Size Slim, papel de fumar | Papelillos RAW Classic King Size Slim | PIRANHA"
127,6777,Quemador Calvo Glass 14mm Cuerno | Bowl vidrio bong verde amarillo morado,Repuestos para bongs y vaporizadores,CALVO,calvo,bowl-bowl-14mm,bowl-bowl-14mm,/productos/calvo/bowl-bowl-14mm,2,2,Fumetas | GrowBarato Chile,5400,6990,29,GrowBarato Chile,Fumetas,true,true,2026-05-22T15:17:36.708Z,Quemador Calvo Glass 14mm Cuerno | Bowl vidrio bong verde amarillo morado | Calvo Glass Quemador Bowl - Macho 14mm
128,5484,"Pipa Calvo Glass Wig wag Hammer 13 cm vidrio premium en Black, Orange & White",Pipas,CALVO,calvo,wig-wag-hammer,wig-wag-hammer,/productos/calvo/wig-wag-hammer,3,2,Astro Growshop | GrowBarato Chile,26900,29990,11,GrowBarato Chile,Astro Growshop,true,true,2026-05-22T15:16:17.513Z,"Pipa Calvo Glass Wig wag Hammer 13 cm vidrio premium en Black, Orange & White | Wig Wag Hammer Pipe Color Orange-Calvo Glass | Wig Wag Hammer Pipe-Calvo Glass"
129,5535,Bong Color Cube,Bongs,BONGLAB,bonglab,color-cube,color-cube,/productos/bonglab/color-cube,2,2,Astro Growshop | Piranha,23741,23990,1,Piranha,Astro Growshop,true,true,2026-05-22T15:13:57.291Z,Bong Color Cube | Color Cube-Bonglab
130,5743,Vaporizador Venty-Storz &amp; Bickel,Vaporizadores herbales,STORZ & BICKEL,storz-bickel,venty,venty,/productos/storz-bickel/venty,2,2,Astro Growshop | Fumetas,474990,499990,5,Astro Growshop,Fumetas,true,true,2026-05-22T14:56:22.145Z,Vaporizador Venty-Storz &amp; Bickel | Vaporizador Venty Storz &amp; Bickel
131,5515,Moledor Metálico Lion Rolling Circus - 2 Partes,Moledores,LION ROLLING CIRCUS,lion-rolling-circus,metal-2-partes,metal-2-partes,/productos/lion-rolling-circus/metal-2-partes,2,2,GrowBarato Chile | Piranha,3900,7591,95,GrowBarato Chile,Piranha,true,true,2026-05-22T15:15:52.169Z,Moledor Metálico Lion Rolling Circus - 2 Partes | Moledor Metálico Lion Rolling Circus 5cm 2 Partes | PIRANHA
132,5710,Futurola x Mike Tyson 3 Conos Pre-enrolados King Size,Conos y blunts,Futurola,futurola,pre-roll-mike-tyson-king-size-3u,pre-roll-mike-tyson-king-size-3u,/productos/futurola/pre-roll-mike-tyson-king-size-3u,2,2,Fumetas | Piranha,2290,2990,31,Fumetas,Piranha,true,true,2026-05-22T15:10:26.071Z,Futurola x Mike Tyson 3 Conos Pre-enrolados King Size | Cono Pre-Enrolado King Size Tyson x Futurola (3u) | PIRANHA
133,5465,Papelillos RAW Black Organic Hemp 1 1/4,Papelillos,RAW,raw,paper-black-organic-hemp-1-1-4,black-organic-hemp,/productos/raw/black-organic-hemp,3,3,Astro Growshop | Fumetas | Piranha,990,1090,10,Piranha,Astro Growshop,true,true,2026-05-22T15:09:59.741Z,Papelillo RAW Black Organic Hemp 1 1/4 | PIRANHA | Papelillos RAW Black Organic Hemp 1 1/4 | Papelillos Black 1 1/4 1 Ud-Raw
134,6778,Calvo Glass Quemador Perlas - Macho 14mm,Repuestos para bongs y vaporizadores,Calvo Glass,calvo,bowl-perlas-14mm,bowl-perlas-14mm,/productos/calvo/bowl-perlas-14mm,2,2,Fumetas | Piranha,6490,6990,8,Fumetas,Piranha,true,true,2026-05-22T15:13:07.557Z,Calvo Glass Quemador Perlas - Macho 14mm | Quemador Perlas Calvo 14mm
135,5487,American Helix Pipa UNO OG Mini 12cm,Pipas,American Helix,american-helix,uno-mini,uno-mini,/productos/american-helix/uno-mini,4,2,Astro Growshop | Fumetas,36990,36990,0,Astro Growshop,Astro Growshop,false,true,2026-05-22T14:54:06.210Z,Pipa Uno Mini Standard Verde-American Helix | Pipa Uno Mini Standard Rojo-American Helix | Pipa Uno Mini Standard Azul-American Helix | American Helix Pipa UNO OG Mini 12cm
136,6319,Unikorn Bong Celeste PieceMaker,Bongs,PIECEMAKER,piecemaker,unikorn,unikorn,/productos/piecemaker/unikorn,2,2,GrowBarato Chile | Piranha,29993,30000,0,Piranha,GrowBarato Chile,true,true,2026-05-22T15:17:56.576Z,Unikorn Bong Celeste PieceMaker | Bong Unikorn de silicona de PieceMaker - GB The Green Brand
137,5745,Volcano Hybrid Onyx Edition-Storz &amp; Bickel,Vaporizadores herbales,STORZ & BICKEL,storz-bickel,volcano-hybrid-onyx,volcano-hybrid-onyx,/productos/storz-bickel/volcano-hybrid-onyx,2,2,Astro Growshop | Fumetas,569990,599990,5,Astro Growshop,Fumetas,true,true,2026-05-22T14:55:54.981Z,Volcano Hybrid Onyx Edition-Storz &amp; Bickel | Storz &amp; Bickel Vaporizador Volcano Hybrid Onyx
138,5784,Limpiador de moledores Fórmula Secreta Grinder 250mL,Moledores,FORMULA SECRETA,formula-secreta,limpiador-250ml,limpiador-250ml,/productos/formula-secreta/limpiador-250ml,2,2,Astro Growshop | Piranha,4890,6490,33,Piranha,Astro Growshop,true,true,2026-05-22T15:08:30.149Z,Limpiador de moledores Fórmula Secreta Grinder 250mL | Limpiador Grinder 250Ml Formula Secreta
139,5706,Conos Pre-Enrolados Blazy Susan King Size 3u Pink | PIRANHA,Conos y blunts,BLAZY SUSAN,blazy-susan,pre-roll-pink-king-size-3u,pre-roll-pink-king-size-3u,/productos/blazy-susan/pre-roll-pink-king-size-3u,2,2,Fumetas | Piranha,2990,3591,20,Piranha,Fumetas,true,true,2026-05-22T15:09:56.750Z,Conos Pre-Enrolados Blazy Susan King Size 3u Pink | PIRANHA | Blazy Susan Conos Pre-enrolados Pink King Size 3 uds.
140,5464,Papelillo RAW Classic Black 1 1/4 | PIRANHA,Papelillos,RAW,raw,paper-1-1-4-1-1-4,black,/productos/raw/black,3,3,Astro Growshop | Fumetas | Piranha,990,1190,20,Piranha,Fumetas,true,true,2026-05-22T14:54:24.712Z,Papelillo RAW Classic Black 1 1/4 | PIRANHA | Papelillos RAW Classic 1 1/4 | Papelillos Black Organic Hemp 1 1/4 1 Ud-Raw
141,5759,Storz &amp; Bickel Juego de Mallas Venty,Repuestos para bongs y vaporizadores,Storz & Bickel,storz-bickel,screen-set-venty,screen-set-venty,/productos/storz-bickel/screen-set-venty,2,2,Astro Growshop | Fumetas,6990,7490,7,Fumetas,Astro Growshop,true,true,2026-05-22T14:55:52.776Z,Storz &amp; Bickel Juego de Mallas Venty | Juego De Mallas Para Venty-Storz &amp; Bickel
142,5486,American Helix Pipa Classic Mini 12cm,Pipas,American Helix,american-helix,classic-mini,classic-mini,/productos/american-helix/classic-mini,5,2,Astro Growshop | Fumetas,43990,59990,36,Fumetas,Astro Growshop,true,true,2026-05-22T14:54:27.256Z,American Helix Pipa Classic Mini 12cm | Pipa Classic Mini Azul-American Helix | Pipa Classic Mini Rojo-American Helix | Pipa Classic Mini Verde-American Helix | Pipa Classic Mini Negro-American Helix
143,5790,The Trash Big Logo-Bonglab,Bongs,BONGLAB,bonglab,trash-big-logo,trash-big-logo,/productos/bonglab/trash-big-logo,2,2,Astro Growshop | Fumetas,35990,59990,67,Astro Growshop,Fumetas,true,true,2026-05-22T14:54:15.464Z,The Trash Big Logo-Bonglab | Bonglab Bong The Trash Big Logo 45cm
144,6316,Moledor OCB Eco Hemp 55mm,Moledores,OCB,ocb,eco,eco,/productos/ocb/eco,2,2,Astro Growshop | Fumetas,4990,5990,20,Fumetas,Astro Growshop,true,true,2026-05-22T14:53:03.872Z,Moledor OCB Eco Hemp 55mm | Moledor Eco Mix-Ocb
145,5707,Conos Pre-Enrolados Blazy Susan 1 1/4 6u Purple | PIRANHA,Conos y blunts,BLAZY SUSAN,blazy-susan,pre-roll-purple-1-1-4-6u,pre-roll-purple-1-1-4-6u,/productos/blazy-susan/pre-roll-purple-1-1-4-6u,2,2,Fumetas | Piranha,2990,3411,14,Piranha,Fumetas,true,true,2026-05-22T15:09:55.263Z,Conos Pre-Enrolados Blazy Susan 1 1/4 6u Purple | PIRANHA | Blazy Susan Conos Pre-enrolados Purple 1 1/4 6 uds.
146,5425,OCB Papelillos X-pert Slim King Size,Papelillos,OCB,ocb,paper-king-size-king-size-slim,x-pert-king-size-slim,/productos/ocb/x-pert-king-size-slim,3,3,Astro Growshop | Fumetas | Piranha,1490,1990,34,Astro Growshop,Piranha,true,true,2026-05-22T14:55:21.365Z,Papelillo Expert Display King Size 1U-Ocb | OCB Papelillos X-pert Slim King Size | Papelillo OCB Xpert King Size Slim| PIRANHA
147,5758,Juego De Mallas Pequeño Mighty-Storz &amp; Bickel,Repuestos para bongs y vaporizadores,STORZ & BICKEL,storz-bickel,screen-set-small,screen-set-small,/productos/storz-bickel/screen-set-small,2,2,Astro Growshop | Fumetas,7990,8990,13,Astro Growshop,Fumetas,true,true,2026-05-22T14:55:51.791Z,Juego De Mallas Pequeño Mighty-Storz &amp; Bickel | Storz &amp; Bickel Juego de mallas pequeño
148,5527,Bong Bonglab KM8 Viper Rig Teal 21cm | de borosilicato,Bongs,BONGLAB,bonglab,km8-viper,km8-viper,/productos/bonglab/km8-viper,2,2,Fumetas | GrowBarato Chile,38700,47990,24,GrowBarato Chile,Fumetas,true,true,2026-05-22T15:17:28.058Z,Bong Bonglab KM8 Viper Rig Teal 21cm | de borosilicato | BongLab Recycler KM8 Viper Rig Teal 21cm
149,6321,Moledor Metálico Bulldog 4cm 2 Partes,Moledores,BULLDOG,the-bulldog,40mm,40mm,/productos/the-bulldog/40mm,2,2,Fumetas | Piranha,6966,7990,15,Piranha,Fumetas,true,true,2026-05-22T15:08:47.265Z,Moledor Metálico Bulldog 4cm 2 Partes | Moledor Bulldog 40mm 1 piso
150,5705,Conos Pre-Enrolados Blazy Susan 1 1/4 6u Pink | PIRANHA,Conos y blunts,BLAZY SUSAN,blazy-susan,pre-roll-pink-1-1-4-6u,pre-roll-pink-1-1-4-6u,/productos/blazy-susan/pre-roll-pink-1-1-4-6u,2,2,Fumetas | Piranha,2990,3411,14,Piranha,Fumetas,true,true,2026-05-22T15:09:54.550Z,Conos Pre-Enrolados Blazy Susan 1 1/4 6u Pink | PIRANHA | Blazy Susan Conos Pre-enrolados Pink 1 1/4 6 uds.
151,6328,Papelillos RAW Artesano 1 1/4,Papelillos,RAW,raw,paper-raw-artesano-1-1-4,artesano,/productos/raw/artesano,3,3,Astro Growshop | Fumetas | Piranha,2290,39990,1646,Fumetas,Astro Growshop,true,true,2026-05-22T15:10:14.222Z,Papelillos RAW Artesano 1 1/4 | Papelillos RAW Artesano 1 1/4 | PAPELILLOS ARTESANO 1 1/4 15U-RAW
152,5752,Repuesto Saber Replacement Tip Focus V | PIRANHA,Repuestos para bongs y vaporizadores,,focus-v,tip-saber-tip-1u,tip-saber-tip-1u,/productos/focus-v/tip-saber-tip-1u,2,2,Astro Growshop | Piranha,10441,10990,5,Piranha,Astro Growshop,true,true,2026-05-22T15:14:15.940Z,Repuesto Saber Replacement Tip Focus V | PIRANHA | REPUESTO SABER TIP-FOCUS V
153,5536,Bong Beaker Tree Perc 35cm,Bongs,CALVO,calvo,beaker-tree-perc,beaker-tree-perc,/productos/calvo/beaker-tree-perc,2,2,Fumetas | Piranha,52191,52191,0,Piranha,Piranha,true,true,2026-05-22T14:57:36.143Z,Bong Beaker Tree Perc 35cm | Calvo Glass Bong Beaker Tree Perc M 35cm
154,5353,Contenedor Moledor Herb Saver x Blazy Susan (Color Aleatorio) | PIRANHA,Moledores,BLAZY SUSAN,blazy-susan,herb-saver,herb-saver,/productos/blazy-susan/herb-saver,2,2,Astro Growshop | Piranha,9990,12990,30,Piranha,Astro Growshop,true,true,2026-05-22T15:08:39.153Z,Contenedor Moledor Herb Saver x Blazy Susan (Color Aleatorio) | PIRANHA | Herb Saver Grinder Pink Large 1Un -Blazy Susan
155,5712,Blazy Susan Conos Pre-enrolados Shorty 12 uds.,Conos y blunts,Blazy Susan,blazy-susan,pre-roll-shorty-53mm-12u,pre-roll-shorty-53mm-12u,/productos/blazy-susan/pre-roll-shorty-53mm-12u,2,2,Fumetas | Piranha,4491,4990,11,Fumetas,Piranha,true,true,2026-05-22T15:10:02.607Z,Blazy Susan Conos Pre-enrolados Shorty 12 uds. | Conos Pre-Enrolados Blazy Susan Shortys 53mm Pink 12u | PIRANHA
156,5459,Papelillo Pink 1 1/4 1Und-Blazy Susan,Papelillos,BLAZY SUSAN,blazy-susan,paper-1-1-4-1-1-4,pink,/productos/blazy-susan/pink,2,2,Astro Growshop | Piranha,490,790,61,Astro Growshop,Piranha,true,true,2026-05-22T15:10:01.912Z,Papelillo Pink 1 1/4 1Und-Blazy Susan | Papelillo 1 1/4 Blazy Susan Pink | PIRANHA
157,6790,Boquilla Para Mighty/ Crafty 4Ud-Storz &amp; Bickel,Repuestos para bongs y vaporizadores,STORZ & BICKEL,storz-bickel,mouthpiece-crafty-1u,mouthpiece-crafty-1u,/productos/storz-bickel/mouthpiece-crafty-1u,2,2,Astro Growshop | Fumetas,13990,13990,0,Fumetas,Fumetas,true,true,2026-05-22T14:57:02.004Z,Storz &amp; Bickel Boquillas de Mighty/Crafty - 4 unidades | Boquilla Para Mighty/ Crafty 4Ud-Storz &amp; Bickel
158,5538,Hemper Bong Gummy Bear 17cm | PIRANHA,Bongs,HEMPER,hemper,gummy-bear,gummy-bear,/productos/hemper/gummy-bear,2,2,Fumetas | Piranha,54591,61990,14,Piranha,Fumetas,true,true,2026-05-22T15:10:07.965Z,Hemper Bong Gummy Bear 17cm | PIRANHA | Hemper Bong Gummy Bear 16cm
159,5510,HERB SAVER GRINDERS MINI MIX UND-BLAZY SUSAN,Moledores,Blazy Susan,blazy-susan,herb-saver-mini,herb-saver-mini,/productos/blazy-susan/herb-saver-mini,3,2,Astro Growshop | Fumetas,9990,12051,21,Astro Growshop,Fumetas,true,true,2026-05-22T14:52:44.138Z,HERB SAVER GRINDERS MINI MIX UND-BLAZY SUSAN | Blazy Susan Moledor Contenedor Mini Herb Saver Lila | Blazy Susan Moledor Contenedor Mini Herb Saver Rosado
160,5467,Papelillo Unbleached 1 1/4 1Und-Blazy Susan,Papelillos,BLAZY SUSAN,blazy-susan,paper-1-1-4-1-1-4,unbleached,/productos/blazy-susan/unbleached,2,2,Astro Growshop | Piranha,790,790,0,Piranha,Piranha,true,true,2026-05-22T15:10:01.190Z,Papelillo 1 1/4 Blazy Susan Unbleached | PIRANHA | Papelillo Unbleached 1 1/4 1Und-Blazy Susan
161,6791,Storz &amp; Bickel Set de Boquillas Venty - 4 Unidades,Repuestos para bongs y vaporizadores,Storz & Bickel,storz-bickel,mouthpiece-venty-4u,mouthpiece-venty-4u,/productos/storz-bickel/mouthpiece-venty-4u,2,2,Astro Growshop | Fumetas,14790,16990,15,Fumetas,Astro Growshop,true,true,2026-05-22T14:58:04.445Z,Storz &amp; Bickel Set de Boquillas Venty - 4 Unidades | BOQUILLAS PARA VENTY 4U-STORZ &amp; BICKEL
162,5531,Bong Pyrex 28cm Bonglab Space Oddity Clear K306 | Doble Percolación,Bongs,BONGLAB,bonglab,space-oddity,space-oddity,/productos/bonglab/space-oddity,2,2,Fumetas | GrowBarato Chile,61600,89990,46,GrowBarato Chile,Fumetas,true,true,2026-05-22T15:17:26.961Z,Bong Pyrex 28cm Bonglab Space Oddity Clear K306 | Doble Percolación | BongLab Bong K306 Space Oddity Clear 28cm
163,6322,Moledor Bulldog Ámsterdam Metálico Silver 4 Partes,Moledores,BULLDOG,the-bulldog,metal-4-partes,metal-4-partes,/productos/the-bulldog/metal-4-partes,2,2,GrowBarato Chile | Piranha,10700,24990,134,GrowBarato Chile,Piranha,true,true,2026-05-22T15:15:55.254Z,Moledor Bulldog Ámsterdam Metálico Silver 4 Partes | Moledor metálico Bulldog de 4 partes
164,6652,Papelillos OCB Virgin 1 1/4 + Tips,Papelillos,OCB,ocb,paper-ocb-virgin-1-1-4,virgin-con-tips,/productos/ocb/virgin-con-tips,2,2,Fumetas | Piranha,1890,1990,5,Fumetas,Piranha,true,true,2026-05-22T15:10:03.322Z,Papelillos OCB Virgin 1 1/4 + Tips | Papelillo OCB 1 1/4 + Boquilla Virgin | PIRANHA
165,5753,Pax Flat Mouthpiece 2 Unidades.,Repuestos para bongs y vaporizadores,PAX,pax,mouthpiece-2u,mouthpiece-2u,/productos/pax/mouthpiece-2u,2,2,Fumetas | Piranha,14990,15191,1,Fumetas,Piranha,true,true,2026-05-22T15:10:19.003Z,Pax Flat Mouthpiece 2 Unidades. | Boquilla Plana Pax 2/3 2 unidades
166,5518,Bong The Trash,Bongs,BONGLAB,bonglab,the-trash,the-trash,/productos/bonglab/the-trash,2,2,GrowBarato Chile | Piranha,65691,66600,1,Piranha,GrowBarato Chile,true,true,2026-05-22T15:18:27.634Z,Bong The Trash | Bong Trash Clear Black de Bonglab - GB The Green Brand
167,6323,Moledor Metálico Bulldog 4,Moledores,BULLDOG,the-bulldog,metal,metal,/productos/the-bulldog/metal,2,2,GrowBarato Chile | Piranha,11694,22100,89,Piranha,GrowBarato Chile,true,true,2026-05-22T15:16:05.806Z,Moledor Metálico Bulldog 4 | Moledor Bulldog Ámsterdam Metálico Swing Giratorio
168,5471,Papelillos OCB Cañamo Orgánico 1 1/4 + Tips,Papelillos,OCB,ocb,paper-1-1-4-1-1-4,organic-con-tips,/productos/ocb/organic-con-tips,2,2,Fumetas | Piranha,1890,1990,5,Fumetas,Piranha,true,true,2026-05-22T14:53:53.745Z,Papelillos OCB Cañamo Orgánico 1 1/4 + Tips | Papelillo OCB Orgánico 1 ¼ + Boquilla
169,5754,Storz &amp; Bickel Cargador Crafty para auto 12V,Repuestos para bongs y vaporizadores,Storz & Bickel,storz-bickel,charger-crafty-car-charger,charger-crafty-car-charger,/productos/storz-bickel/charger-crafty-car-charger,2,2,Astro Growshop | Fumetas,19990,35990,80,Fumetas,Astro Growshop,true,true,2026-05-22T14:54:26.304Z,Storz &amp; Bickel Cargador Crafty para auto 12V | Cargador Crafty Coches De 12 Voltios-Storz &amp; Bickel
170,5521,Bong Glycerin Thicc,Bongs,BONGLAB,bonglab,glycerin-thicc,glycerin-thicc,/productos/bonglab/glycerin-thicc,2,2,Fumetas | Piranha,89990,105990,18,Piranha,Fumetas,true,true,2026-05-22T15:13:56.677Z,Bong Glycerin Thicc | Bonglab Bong Glycerin Thicc 36cm
171,6320,MOLEDOR PLASTICO REFORZADO XL-STORZ &amp; BICKEL,Moledores,STORZ & BICKEL,storz-bickel,plastic-xl-90mm,plastic-xl-90mm,/productos/storz-bickel/plastic-xl-90mm,2,2,Astro Growshop | Piranha,11990,12742,6,Astro Growshop,Piranha,true,true,2026-05-22T15:08:10.527Z,MOLEDOR PLASTICO REFORZADO XL-STORZ &amp; BICKEL | Moledor XL Storz & Bickel | PIRANHA
172,5756,Unidad De Enfriamiento Crafty-Storz &amp; Bickel,Repuestos para bongs y vaporizadores,STORZ & BICKEL,storz-bickel,cooling-unit-crafty,cooling-unit-crafty,/productos/storz-bickel/cooling-unit-crafty,2,2,Astro Growshop | Fumetas,19990,21990,10,Astro Growshop,Fumetas,true,true,2026-05-22T14:53:52.764Z,Unidad De Enfriamiento Crafty-Storz &amp; Bickel | Storz &amp; Bickel Unidad de enfriamiento Crafty
173,5526,Bonglab Bong Glycerin The Yeti 35cm,Bongs,BONGLAB,bonglab,glycerin-yeti,glycerin-yeti,/productos/bonglab/glycerin-yeti,2,2,Fumetas | GrowBarato Chile,104990,105300,0,Fumetas,GrowBarato Chile,true,true,2026-05-22T15:16:52.554Z,Bonglab Bong Glycerin The Yeti 35cm | Glycerin The Yeti Bonglab - Bong de Glicerina en GB The Green Brand
174,5512,Grinder Galaxy Aluminio 38mm,Moledores,GALAXY,galaxy,metal-38mm,metal-38mm,/productos/galaxy/metal-38mm,2,2,Astro Growshop | Piranha,12591,13990,11,Piranha,Astro Growshop,true,true,2026-05-22T15:09:18.116Z,Grinder Galaxy Aluminio 38mm | Moledor 38MM-Galaxy
175,5757,Storz &amp; Bickel Cápsulas Monodosis 40 unidades,Repuestos para bongs y vaporizadores,Storz & Bickel,storz-bickel,dosing-capsules-monodosis-40u,dosing-capsules-monodosis-40u,/productos/storz-bickel/dosing-capsules-monodosis-40u,2,2,Astro Growshop | Fumetas,20990,22990,10,Fumetas,Astro Growshop,true,true,2026-05-22T14:53:51.852Z,Storz &amp; Bickel Cápsulas Monodosis 40 unidades | Capsulas Monodosis 40 Unidades - Storz &amp; Bickel
176,5504,Moledor Calvo Lite Aluminio 63 mm – Grinder 4 Piezas Eficiente,Moledores,CALVO,calvo,lite-metal-63mm,lite-metal-63mm,/productos/calvo/lite-metal-63mm,2,2,Fumetas | GrowBarato Chile,16100,17990,12,GrowBarato Chile,Fumetas,true,true,2026-05-22T15:16:07.909Z,Moledor Calvo Lite Aluminio 63 mm – Grinder 4 Piezas Eficiente | Moledor Calvo Lite Aluminio 63mm
177,5755,Cargador Mighty Plus Usb-C Supercharger-Storz &amp; Bickel,Repuestos para bongs y vaporizadores,STORZ & BICKEL,storz-bickel,charger-mighty-plus-usb-c-supercharger,charger-mighty-plus-usb-c-supercharger,/productos/storz-bickel/charger-mighty-plus-usb-c-supercharger,2,2,Astro Growshop | Fumetas,41990,44990,7,Astro Growshop,Fumetas,true,true,2026-05-08T06:21:47.882Z,Cargador Mighty Plus Usb-C Supercharger-Storz &amp; Bickel | Storz &amp; Bickel Cargador Supercarga Tipo C Mighty+
178,5506,Lightning Grinder 63Mm-Galaxy,Moledores,GALAXY,galaxy,lightning,lightning,/productos/galaxy/lightning,2,2,Astro Growshop | Piranha,19990,29512,48,Astro Growshop,Piranha,true,true,2026-05-22T15:08:56.568Z,Lightning Grinder 63Mm-Galaxy | Ceramics Grinder
179,5792,"Moledor Cerámico Galaxy Pocket Grinder 5,5cm 4 Partes | PIRANHA",Moledores,GALAXY,galaxy,pocket-ceramic,pocket-ceramic,/productos/galaxy/pocket-ceramic,2,2,Astro Growshop | Piranha,24592,24990,2,Piranha,Astro Growshop,true,true,2026-05-22T15:09:29.690Z,"Moledor Cerámico Galaxy Pocket Grinder 5,5cm 4 Partes | PIRANHA | Ceramics Pocket Grinder -Galaxy"
180,5815,Moledor SLX 90mm,Moledores,SLX,slx,90mm,90mm,/productos/slx/90mm,2,2,Astro Growshop | Fumetas,108741,119990,10,Fumetas,Astro Growshop,false,true,2026-05-22T14:53:21.552Z,Moledor SLX 90mm | Moledor 9CM-Slx
