sim,category,brandKeyA,brandKeyB,idA,storeA,priceA,titleA,imgA,idB,storeB,priceB,titleB,imgB,priceRatio
0.44,Conos y blunts,soulblime,soulblime,2912,Fumetas,2390,Soulblime 6 Conos Pre-enrolados Orgánicos King Size,https://cdnx.jumpseller.com/fumetas-store/image/54392959/6-Conos-Pre-enrolados-King-Size-Organic-Soulblime.jpg?1728420026,32257,Astro Growshop,2390,Conos King Size Unidad-Soulblime - Blanco,https://cdnx.jumpseller.com/astrogrowshop/image/70215893/imagen_1_24454.webp?1764270726,1.00
0.44,Conos y blunts,soulblime,soulblime,2912,Fumetas,2390,Soulblime 6 Conos Pre-enrolados Orgánicos King Size,https://cdnx.jumpseller.com/fumetas-store/image/54392959/6-Conos-Pre-enrolados-King-Size-Organic-Soulblime.jpg?1728420026,32258,Astro Growshop,2390,Conos King Size Unidad-Soulblime - Rosa,https://cdnx.jumpseller.com/astrogrowshop/image/75999577/imagen_1_24453.webp?1776874552,1.00
0.44,Otros parafernalia,blazy-susan,blazy-susan,13623,Fumetas,6990,Blazy Susan Cotonitos Pink 300 Unidades,https://cdnx.jumpseller.com/fumetas-store/image/49849475/Cotonitos-300-Unidades-Blazy-Susan.jpg?1718664772,15660,Piranha,8990,Cotonitos Blazy Susan 300u (Pink/White) | PIRANHA,https://piranha.cl/18168-thickbox_default/cotonitos-extractos-blazy-susan-300u-pinkwhite.jpg,1.29
0.44,Accesorios de extraccion,calvo,calvo,32373,Astro Growshop,24990,BATERIA 510 ESCONDIDA 650MAH - CALVO GLASS - Verde,https://cdnx.jumpseller.com/astrogrowshop/image/75876440/23035.webp?1776450588,37528,Fumetas,24990,Calvo Batería Hide Cartridge 510 - Verde,https://cdnx.jumpseller.com/fumetas-store/image/63977578/Bateria-Cartridge-Calvo-Hide-Verde.jpg?1748666142,1.00
0.44,Accesorios de extraccion,calvo,calvo,32478,Astro Growshop,11990,Bateria 510 350Mah -Calvo Glass - COSMIC PURPLE,https://cdnx.jumpseller.com/astrogrowshop/image/70927575/imagen_1_28407.webp?1766500905,35850,Fumetas,9561,Calvo Glass Batería Cartridge 510 - Tornasol,https://cdnx.jumpseller.com/fumetas-store/image/51962637/Bateria-para-Cartridge-Calvo-Glass-Tornasol.jpg?1738624006,1.25
0.43,Pipas,american-helix,american-helix,609,Astro Growshop,34990,Pipa Solo Chillium Negro-American Helix,https://cdnx.jumpseller.com/astrogrowshop/image/70601456/imagen_1_26677.webp?1765550135,34941,Fumetas,45891,American Helix Pipa Classic 15cm - Negro,https://cdnx.jumpseller.com/fumetas-store/image/20786104/Helix_Classic_Negra.jpg?1774017617,1.31
0.43,Encendedores y sopletes,zippo,zippo,689,Piranha,41990,Encendedor Zippo High Polish Green Chameleon,https://piranha.cl/14675-thickbox_default/encendedor-zippo-high-polish-green-chameleon.jpg,2038,Fumetas,32990,Encendedor Zippo High Polish Chrome Vintage,https://cdnx.jumpseller.com/fumetas-store/image/20259682/ZP260-Hi-PolishChrome-Vintage.jpg?1635864706,1.27
0.43,Pipas,top-smoke,top-smoke,1146,Astro Growshop,14990,Pipa 4.5&quot; Pyrex Megaton 75- Top Smoke,https://cdnx.jumpseller.com/astrogrowshop/image/70607472/imagen_2_23880.webp?1765562510,15553,Piranha,14990,Pipa Pyrex Top Smoke | PIRANHA,https://piranha.cl/23355-thickbox_default/pipa-top-smoke-premium-pyrex-5-12cm-aprox-diseno-aleatorio.jpg,1.00
0.43,Pipas,top-smoke,top-smoke,1181,Astro Growshop,8990,Pipa Pyrex Venator Max 73- Top Smoke,https://cdnx.jumpseller.com/astrogrowshop/image/70608985/imagen_1_29572.webp?1765565944,1353,Piranha,6990,Pipa Pyrex Top Smoke | PIRANHA,https://piranha.cl/23298-thickbox_default/pipa-top-smoke-premium-pyrex-3-8cm-aprox-diseno-aleatorio.jpg,1.29
0.43,Bongs,calvo,calvo,1528,Fumetas,32181,Calvo Glass Doble Fungus Rig 28 cm,https://cdnx.jumpseller.com/fumetas-store/image/47569842/Calvo_Glass_Bong_Double_Fungus_Rig_Yellow.jpg?1712773844,12608,Astro Growshop,39990,Double Fungus Rig-Calvo Glass,https://cdnx.jumpseller.com/astrogrowshop/image/70330308/imagen_1_22713.webp?1764694996,1.24
0.43,Encendedores y sopletes,zippo,zippo,2038,Fumetas,32990,Encendedor Zippo High Polish Chrome Vintage,https://cdnx.jumpseller.com/fumetas-store/image/20259682/ZP260-Hi-PolishChrome-Vintage.jpg?1635864706,2584,Astro Growshop,37990,Encendedor High Polish Green Logo - Zippo,https://cdnx.jumpseller.com/astrogrowshop/image/70179738/imagen_1_polish.webp?1764188018,1.15
0.43,Contenedores y estuches,raw,raw,2074,Fumetas,2990,RAW Cajita Metálica Black Mediana,https://cdnx.jumpseller.com/fumetas-store/image/65112805/RAW-Cajita-metalica-Black.jpg?1751588034,11070,Piranha,2490,Cajita Metálica RAW Rectangular | PIRANHA,https://piranha.cl/17735-thickbox_default/cajita-metalica-raw-rectangular.jpg,1.20
0.43,Filtros y boquillas,blazy-susan,blazy-susan,12544,Astro Growshop,690,Boquillas Tips Unbleached Und-Blazy Susan,https://cdnx.jumpseller.com/astrogrowshop/image/70146445/imagen_1_22594.webp?1764100692,15662,Piranha,790,Filtros Boquillas Perforadas Blazy Susan Unbleached 50u | PIRANHA,https://piranha.cl/18300-thickbox_default/filtros-boquillas-perforadas-blazy-susan-blazy-tips-unbleached-50u.jpg,1.14
0.43,Pipas,american-helix,american-helix,12574,Astro Growshop,34990,Pipa Solo Chillium Rojo-American Helix,https://cdnx.jumpseller.com/astrogrowshop/image/70601463/imagen_1_26675.webp?1765550161,34942,Fumetas,45891,American Helix Pipa Classic 15cm - Rojo,https://cdnx.jumpseller.com/fumetas-store/image/20786102/Helix_Classic_Red.jpg?1774017617,1.31
0.43,Pipas,american-helix,american-helix,12575,Astro Growshop,34990,Pipa Solo Chillium Verde-American Helix,https://cdnx.jumpseller.com/astrogrowshop/image/70601470/imagen_1_26676.webp?1765550201,34944,Fumetas,45891,American Helix Pipa Classic 15cm - Verde,https://cdnx.jumpseller.com/fumetas-store/image/20786103/Helix_Classic_Azul.jpg?1774017617,1.31
0.43,Otros parafernalia,ozeta,ozeta,12681,Astro Growshop,73990,Duffle Bag Black-Ozeta,https://cdnx.jumpseller.com/astrogrowshop/image/70898075/imagen_5_18946.webp?1766433388,19515,Fumetas,86990,Ozeta Duffle Bag con clave Anti - Olor,https://cdnx.jumpseller.com/fumetas-store/image/43569178/dufflebag-ozeta-1.webp?1731902358,1.18
0.43,Otros parafernalia,ozeta,ozeta,16000,Piranha,86990,Duffle Bag - OZeta | PIRANHA,https://piranha.cl/16321-thickbox_default/duffle-bag-anti-olor-ozeta.jpg,19515,Fumetas,86990,Ozeta Duffle Bag con clave Anti - Olor,https://cdnx.jumpseller.com/fumetas-store/image/43569178/dufflebag-ozeta-1.webp?1731902358,1.00
0.43,Vaporizadores herbales,weecke,weecke,17765,Astro Growshop,7490,Accesorio Chamber Filter Fenix Pro -Weecke,https://cdnx.jumpseller.com/astrogrowshop/image/71351774/imagen_1_29283_11zon.webp?1767379135,20123,Fumetas,7990,Weecke Hélice de Conveccion Fenix Pro,https://cdnx.jumpseller.com/fumetas-store/image/73589909/Respuesto-Hornillo-Fenix-Pro.jpg?1771623316,1.07
0.43,Moledores,galaxy,galaxy,31211,Astro Growshop,28990,Moledor 73MM -Galaxy - Oro rosa,https://cdnx.jumpseller.com/astrogrowshop/image/74868475/imagen_1_1.webp?1773937429,33677,Fumetas,31990,Moledor Galaxy Aluminio 73 mm - Oro rosa,https://cdnx.jumpseller.com/fumetas-store/image/68901200/Galaxy-Moledor-73-Oro-Rosa.jpg?1761060544,1.10
0.43,Bongs,bonglab,bonglab,31360,Astro Growshop,66990,Big Blow-Bonglab - Negro,https://cdnx.jumpseller.com/astrogrowshop/image/74868605/imagen_1_25906.webp?1773937468,33854,Fumetas,59990,Bonglab Bong The Trash Big Logo 45cm - Negro,https://cdnx.jumpseller.com/fumetas-store/image/35140537/BongLab-The-Thrash-Big-Logo-Black.webp?1739305970,1.12
0.43,Bongs,bonglab,bonglab,31626,Astro Growshop,22990,Color Cube-Bonglab - AMBAR,https://cdnx.jumpseller.com/astrogrowshop/image/70330438/imagen_1_26098.webp?1764695360,34677,Fumetas,25990,Bonglab Bong X2 Color Cube 23cm - Verde,https://cdnx.jumpseller.com/fumetas-store/image/39079356/BongLab-X2-Green.jpg?1781034117,1.13
0.43,Bongs,bonglab,bonglab,31626,Astro Growshop,22990,Color Cube-Bonglab - AMBAR,https://cdnx.jumpseller.com/astrogrowshop/image/70330438/imagen_1_26098.webp?1764695360,34678,Fumetas,25990,Bonglab Bong X2 Color Cube 23cm - Rosado,https://cdnx.jumpseller.com/fumetas-store/image/39079357/BongLab-X2-Pink.jpg?1781034117,1.13
0.43,Bongs,bonglab,bonglab,31626,Astro Growshop,22990,Color Cube-Bonglab - AMBAR,https://cdnx.jumpseller.com/astrogrowshop/image/70330438/imagen_1_26098.webp?1764695360,34680,Fumetas,25990,Bonglab Bong X2 Color Cube 23cm - Azul,https://cdnx.jumpseller.com/fumetas-store/image/39079355/BongLab-X2-Blue.jpg?1781034117,1.13
0.43,Bongs,bonglab,bonglab,31627,Astro Growshop,22990,Color Cube-Bonglab - azul,https://cdnx.jumpseller.com/astrogrowshop/image/74869159/imagen_1_26097.webp?1773937759,34679,Fumetas,25990,Bonglab Bong X2 Color Cube 23cm - Ámbar,https://cdnx.jumpseller.com/fumetas-store/image/39079354/BongLab-X2-Amber.jpg?1781034117,1.13
0.43,Bongs,bonglab,bonglab,31628,Astro Growshop,22990,Color Cube-Bonglab - verde,https://cdnx.jumpseller.com/astrogrowshop/image/74869160/imagen_1_26096.webp?1773937759,34679,Fumetas,25990,Bonglab Bong X2 Color Cube 23cm - Ámbar,https://cdnx.jumpseller.com/fumetas-store/image/39079354/BongLab-X2-Amber.jpg?1781034117,1.13
0.43,Bongs,bonglab,bonglab,31629,Astro Growshop,22990,Color Cube-Bonglab - Rosa,https://cdnx.jumpseller.com/astrogrowshop/image/74869161/imagen_1_26095.webp?1773937759,34679,Fumetas,25990,Bonglab Bong X2 Color Cube 23cm - Ámbar,https://cdnx.jumpseller.com/fumetas-store/image/39079354/BongLab-X2-Amber.jpg?1781034117,1.13
0.43,Bongs,bonglab,bonglab,31685,Astro Growshop,51990,Mad Professor - Bonglab - AMBAR,https://cdnx.jumpseller.com/astrogrowshop/image/74869443/imagen_1_26139.webp?1773937944,33848,Fumetas,64990,Bonglab Bong Mad Professor 42cm - Jade Green,https://cdnx.jumpseller.com/fumetas-store/image/58283343/Mad-Professor-Jade-Green.jpg?1734057223,1.25
0.43,Bongs,bonglab,bonglab,31731,Astro Growshop,55990,The Sheikh 42Cm -Bonglab - Verde azulado,https://cdnx.jumpseller.com/astrogrowshop/image/74869290/imagen_1_27936.webp?1781787537,33847,Fumetas,64990,Bonglab Bong Mad Professor 42cm - Verde,https://cdnx.jumpseller.com/fumetas-store/image/58283344/Mad-Professor-Mink-Green.jpg?1734057216,1.16
0.43,Bongs,bonglab,bonglab,31746,Astro Growshop,74990,Water Splash -Bonglab - JADEGREEN,https://cdnx.jumpseller.com/astrogrowshop/image/74869092/imagen_1_11521.webp?1773937688,34662,Fumetas,69990,BongLab Bong K598 Splash Water 50cm - Turquesa,https://cdnx.jumpseller.com/fumetas-store/image/34533159/Bong-BongLab-K598-Splash-Water-Teal.webp?1682534580,1.07
0.43,Bongs,bonglab,bonglab,31766,Astro Growshop,47990,Mercurial KH1-Bonglab - SMOKEY GREY,https://cdnx.jumpseller.com/astrogrowshop/image/74869152/imagen_1_9924.webp?1773937740,34952,Fumetas,47990,BongLab Bong KH1 Mercurial 24cm - Tornasol,https://cdnx.jumpseller.com/fumetas-store/image/34397552/Bong-Mercurial-KH1-Tornasol.webp?1682272573,1.00
0.43,Conos y blunts,blazy-susan,blazy-susan,32182,Astro Growshop,26990,CONOS PRE ROLL KING SIZE JAR 50U-BLAZY SUSAN - Rosa,https://cdnx.jumpseller.com/astrogrowshop/image/75872279/AYPBSCOPIKS50U.webp?1776443058,33920,Fumetas,29990,Blazy Susan Conos Pre-enrolados King Size 50 uds. - Lila,https://cdnx.jumpseller.com/fumetas-store/image/49705375/50-Conos-Pre-enrolados-King-Size-Purple-Blazy-Susan.jpg?1725401467,1.11
0.43,Conos y blunts,blazy-susan,blazy-susan,32183,Astro Growshop,29990,CONOS PRE ROLL KING SIZE JAR 50U-BLAZY SUSAN - Morado,https://cdnx.jumpseller.com/astrogrowshop/image/75999618/imagen_1_22688.webp?1776874590,33920,Fumetas,29990,Blazy Susan Conos Pre-enrolados King Size 50 uds. - Lila,https://cdnx.jumpseller.com/fumetas-store/image/49705375/50-Conos-Pre-enrolados-King-Size-Purple-Blazy-Susan.jpg?1725401467,1.00
0.43,Conos y blunts,blazy-susan,blazy-susan,32184,Astro Growshop,29990,CONOS PRE ROLL KING SIZE JAR 50U-BLAZY SUSAN - UNBLEACHED,https://cdnx.jumpseller.com/astrogrowshop/image/75999620/imagen_1_22687.webp?1776874590,33919,Fumetas,29990,Blazy Susan Conos Pre-enrolados King Size 50 uds. - Rosado,https://cdnx.jumpseller.com/fumetas-store/image/49705374/50-Conos-Pre-enrolados-King-Size-Pink-Blazy-Susan.jpg?1725401467,1.00
0.43,Conos y blunts,blazy-susan,blazy-susan,32184,Astro Growshop,29990,CONOS PRE ROLL KING SIZE JAR 50U-BLAZY SUSAN - UNBLEACHED,https://cdnx.jumpseller.com/astrogrowshop/image/75999620/imagen_1_22687.webp?1776874590,33920,Fumetas,29990,Blazy Susan Conos Pre-enrolados King Size 50 uds. - Lila,https://cdnx.jumpseller.com/fumetas-store/image/49705375/50-Conos-Pre-enrolados-King-Size-Purple-Blazy-Susan.jpg?1725401467,1.00
0.43,Bongs,calvo,calvo,32562,Astro Growshop,65990,Rig Con Percolador De Arbol -Calvo Glass - Naranjo,https://cdnx.jumpseller.com/astrogrowshop/image/72468120/imagen_1_26104.webp?1769629284,35027,Fumetas,56541,Calvo Glass Rig Hongo 22cm - Naranjo,https://cdnx.jumpseller.com/fumetas-store/image/42625740/CG-RIG-HONGO-ORANGE.webp?1715116380,1.17
0.43,Bongs,calvo,calvo,32789,Astro Growshop,42990,Rig Four Horn-Calvo Glass - Morado,https://cdnx.jumpseller.com/astrogrowshop/image/74869329/imagen_1_28741.webp?1773937882,34788,Fumetas,35991,Calvo G l a s s Bong Space Horn Rig 21cm - Morado,https://cdnx.jumpseller.com/fumetas-store/image/76908633/Calvo-Glass-Bong-Space-Horn-Morado-2.jpg?1779488888,1.19
0.43,Bongs,bonglab,bonglab,32959,Astro Growshop,65990,Double Shot -Bonglab - ESMERALD,https://cdnx.jumpseller.com/astrogrowshop/image/74869240/imagen_1_27921.webp?1782150078,34653,Fumetas,69990,BongLab Bong K14 Double Shot 42cm - Turquesa,https://cdnx.jumpseller.com/fumetas-store/image/34418568/Bong-K14-Double-Shot-Teal.webp?1682356705,1.06
0.42,Conos y blunts,g-rollz,g-rollz,31459,Astro Growshop,2490,Blunt Hemp Wrap X4 Sabor a Elección- G-Rollz - Blueberry,https://cdnx.jumpseller.com/astrogrowshop/image/74136037/PR1516F-DIS-2.jpg?1772560670,34074,Fumetas,1990,G-Rollz Blunt Hemp Wrap x4 - Slow Burning - Tropical Twist,https://cdnx.jumpseller.com/fumetas-store/image/44338982/G-Rollz-Blunt-Tropical-Twist.webp?1719869549,1.25
0.42,Conos y blunts,g-rollz,g-rollz,31459,Astro Growshop,2490,Blunt Hemp Wrap X4 Sabor a Elección- G-Rollz - Blueberry,https://cdnx.jumpseller.com/astrogrowshop/image/74136037/PR1516F-DIS-2.jpg?1772560670,34075,Fumetas,1990,G-Rollz Blunt Hemp Wrap x4 - Slow Burning - Strawberry Pop,https://cdnx.jumpseller.com/fumetas-store/image/44338980/G-Rollz-Blunt-Strawberry-Pop.webp?1719869549,1.25
0.42,Conos y blunts,g-rollz,g-rollz,31459,Astro Growshop,2490,Blunt Hemp Wrap X4 Sabor a Elección- G-Rollz - Blueberry,https://cdnx.jumpseller.com/astrogrowshop/image/74136037/PR1516F-DIS-2.jpg?1772560670,34076,Fumetas,1990,G-Rollz Blunt Hemp Wrap x4 - Slow Burning - Flavor Fiesta,https://cdnx.jumpseller.com/fumetas-store/image/50259051/Blunt-Tutti-frutti-G-Rollz-x4.jpg?1719869549,1.25
0.40,Encendedores y sopletes,blazer,blazer,862,Piranha,89990,Encendedor HS x Blazer Big Shot Torch V3,https://piranha.cl/14746-thickbox_default/encendedor-hs-x-blazer-big-shot-torch-v3.jpg,19363,Fumetas,98990,Blazer - Big Shot Torch High Standards (Edición limitada),https://cdnx.jumpseller.com/fumetas-store/image/14564233/34222595_720x.png?1612907078,1.10
0.40,Moledores,the-bulldog,the-bulldog,4716,Astro Growshop,1990,Grinder Plastico Negro,https://cdnx.jumpseller.com/astrogrowshop/image/70527483/imagen_1_28999.webp?1765303357,33545,Fumetas,2490,Moledor plástico Bulldog 3 partes 60mm - Negro,https://cdnx.jumpseller.com/fumetas-store/image/13750276/Plastic-Grinder-Black-tr-1-1.jpg?1677296076,1.25
0.40,Otros parafernalia,raw,raw,11209,Piranha,9872,Jockey RAW con Spot Secreto,https://piranha.cl/15099-thickbox_default/jockey-raw-con-spot-secreto.jpg,19949,Fumetas,11992,Raw Jockey Camuflado,https://cdnx.jumpseller.com/fumetas-store/image/75085267/Raw-Jockey-Camuflado.jpg?1774373597,1.21
0.40,Accesorios de extraccion,calvo,calvo,12344,Astro Growshop,15990,Bateria 510 Led 400Mah Black-Calvo Glass,https://cdnx.jumpseller.com/astrogrowshop/image/70927508/imagen_1_28410.webp?1766500717,37325,Fumetas,14990,Calvo Batería Pro Led Cartridge 510 - Tornasol,https://cdnx.jumpseller.com/fumetas-store/image/59873289/Bateria-Cartridge-510-LED-Calvo-Glass-Cosmic-Purple.webp?1738801470,1.07
0.40,Encendedores y sopletes,zippo,zippo,12610,Astro Growshop,33990,Encendedor Classic Brick Logo - Zippo,https://cdnx.jumpseller.com/astrogrowshop/image/70213226/imagen_1_brick.webp?1764265907,19740,Fumetas,27990,Encendedor Zippo Classic Lemon,https://cdnx.jumpseller.com/fumetas-store/image/20333364/ZIPPO-CLASSIC-ICE-OFICIAL.gif?1636070414,1.21
0.40,Encendedores y sopletes,zippo,zippo,12632,Astro Growshop,44990,Sunset Black Light Design-Zippo,https://cdnx.jumpseller.com/astrogrowshop/image/70179820/imagen_1_21523.webp?1764188083,19913,Fumetas,38990,Encendedor Zippo Design,https://cdnx.jumpseller.com/fumetas-store/image/34397589/Encendedor-Zippo-Design.webp?1682272958,1.15
0.40,Vaporizadores herbales,focus-v,focus-v,13226,Fumetas,349990,Focus V Vaporizador Carta 2,https://cdnx.jumpseller.com/fumetas-store/image/61575707/Focus-V-Carta-2-Vaporizador-Extractos-Negro.webp?1742497011,31575,Astro Growshop,269790,VAPORIZADOR CARTA SPORT -FOCUS V - Verde azulado,https://cdnx.jumpseller.com/astrogrowshop/image/72748979/VPFVCSTEAL.webp?1770301441,1.30
0.40,Accesorios de extraccion,puffco,puffco,16040,Piranha,258993,Vaporizador Proxy Kit Black - Puffco,https://piranha.cl/22636-thickbox_default/vaporizador-puffco-proxy-kit-color-a-eleccion.jpg,31768,Astro Growshop,349990,Vaporizador Proxy -Puffco - BLOOM,https://cdnx.jumpseller.com/astrogrowshop/image/71344696/imagen_3_21966.webp?1767366341,1.35
0.40,Accesorios de extraccion,puffco,puffco,16040,Piranha,258993,Vaporizador Proxy Kit Black - Puffco,https://piranha.cl/22636-thickbox_default/vaporizador-puffco-proxy-kit-color-a-eleccion.jpg,31769,Astro Growshop,293990,Vaporizador Proxy -Puffco - DESSERT,https://cdnx.jumpseller.com/astrogrowshop/image/75999974/imagen_1_20839.webp?1776874745,1.14
0.40,Accesorios de extraccion,puffco,puffco,16040,Piranha,258993,Vaporizador Proxy Kit Black - Puffco,https://piranha.cl/22636-thickbox_default/vaporizador-puffco-proxy-kit-color-a-eleccion.jpg,31770,Astro Growshop,293990,Vaporizador Proxy -Puffco - FLOURINSH,https://cdnx.jumpseller.com/astrogrowshop/image/75999979/imagen_2_22082.webp?1776874746,1.14
0.40,Accesorios de extraccion,puffco,puffco,16064,Piranha,299993,Vaporizador Puffco New Proxy Kit - Puffco,https://piranha.cl/23132-thickbox_default/vaporizador-puffco-new-proxy-kit-color-a-eleccion.jpg,31768,Astro Growshop,349990,Vaporizador Proxy -Puffco - BLOOM,https://cdnx.jumpseller.com/astrogrowshop/image/71344696/imagen_3_21966.webp?1767366341,1.17
0.40,Accesorios de extraccion,puffco,puffco,16064,Piranha,299993,Vaporizador Puffco New Proxy Kit - Puffco,https://piranha.cl/23132-thickbox_default/vaporizador-puffco-new-proxy-kit-color-a-eleccion.jpg,31769,Astro Growshop,293990,Vaporizador Proxy -Puffco - DESSERT,https://cdnx.jumpseller.com/astrogrowshop/image/75999974/imagen_1_20839.webp?1776874745,1.02
0.40,Accesorios de extraccion,puffco,puffco,16064,Piranha,299993,Vaporizador Puffco New Proxy Kit - Puffco,https://piranha.cl/23132-thickbox_default/vaporizador-puffco-new-proxy-kit-color-a-eleccion.jpg,31770,Astro Growshop,293990,Vaporizador Proxy -Puffco - FLOURINSH,https://cdnx.jumpseller.com/astrogrowshop/image/75999979/imagen_2_22082.webp?1776874746,1.02
0.40,Accesorios de extraccion,puffco,puffco,16154,Piranha,72242,Puffco Journey Bag,https://piranha.cl/14484-thickbox_default/puffco-journey-bag-peak-y-peak-pro-color-a-eleccion.jpg,19820,Fumetas,79990,The Peak Bag - Mochila Para Vaporizador Puffco Peak,https://cdnx.jumpseller.com/fumetas-store/image/26784026/The_Peak_Bag_2_960x960.webp?1662174247,1.11
0.40,Otros parafernalia,calvo,calvo,18133,Astro Growshop,8990,Cap Strip -Calvo,https://cdnx.jumpseller.com/astrogrowshop/image/70243186/imagen_1_24155.webp?1764351203,20143,Fumetas,9990,Calvo Glass Cap Direccional,https://cdnx.jumpseller.com/fumetas-store/image/13575990/Calvo-Quartz-direccional__1_.jpg?1632514461,1.11
0.40,Accesorios de extraccion,puffco,puffco,18175,Astro Growshop,109990,Vaporizador New Plus White-Puffco,https://cdnx.jumpseller.com/astrogrowshop/image/71344209/imagen_1_18883.webp?1767365696,34360,Fumetas,104990,Puffco Vaporizador Plus - Tornasol,https://cdnx.jumpseller.com/fumetas-store/image/30108646/vaporizador-puffco-plus-vision.jpg?1670552951,1.05
0.40,Accesorios de extraccion,puffco,puffco,18206,Astro Growshop,99990,Peak Glass-Puffco,https://cdnx.jumpseller.com/astrogrowshop/image/71343705/imagen_1_18997.webp?1767364772,19820,Fumetas,79990,The Peak Bag - Mochila Para Vaporizador Puffco Peak,https://cdnx.jumpseller.com/fumetas-store/image/26784026/The_Peak_Bag_2_960x960.webp?1662174247,1.25
0.40,Encendedores y sopletes,clipper,clipper,19381,Fumetas,6990,Encendedor Clipper Metálico Pansy,https://cdnx.jumpseller.com/fumetas-store/image/53914781/Clipper-Metalico-Pansy-Brillante.jpg?1727565659,31478,Astro Growshop,6990,Clipper Encendedor Metálico Demon Gradient,https://cdnx.jumpseller.com/astrogrowshop/image/77966799/1920_20_281_29.webp?1781818438,1.00
0.40,Encendedores y sopletes,clipper,clipper,19381,Fumetas,6990,Encendedor Clipper Metálico Pansy,https://cdnx.jumpseller.com/fumetas-store/image/53914781/Clipper-Metalico-Pansy-Brillante.jpg?1727565659,31479,Astro Growshop,6990,Clipper Encendedor Metálico Matt Black,https://cdnx.jumpseller.com/astrogrowshop/image/77967513/960.webp?1781819158,1.00
0.40,Encendedores y sopletes,clipper,clipper,19381,Fumetas,6990,Encendedor Clipper Metálico Pansy,https://cdnx.jumpseller.com/fumetas-store/image/53914781/Clipper-Metalico-Pansy-Brillante.jpg?1727565659,31480,Astro Growshop,6990,Clipper Encendedor Metálico Silver Devil,https://cdnx.jumpseller.com/astrogrowshop/image/77967875/1920_20_282_29.webp?1781820039,1.00
0.40,Encendedores y sopletes,clipper,clipper,19384,Fumetas,6990,Encendedor Clipper Metálico Silver,https://cdnx.jumpseller.com/fumetas-store/image/51707422/SILVER.jpg?1723835330,31478,Astro Growshop,6990,Clipper Encendedor Metálico Demon Gradient,https://cdnx.jumpseller.com/astrogrowshop/image/77966799/1920_20_281_29.webp?1781818438,1.00
0.40,Otros parafernalia,hightrip,hightrip,19393,Fumetas,8091,HighTrip Pin Trascendence,https://cdnx.jumpseller.com/fumetas-store/image/76560200/Transcendete-1.jpg?1778615352,33418,Astro Growshop,7990,Pin-Hightrip - CANNABIS LIBRE,https://cdnx.jumpseller.com/astrogrowshop/image/70896012/imagen_1_12208.webp?1766429867,1.01
0.40,Otros parafernalia,hightrip,hightrip,19393,Fumetas,8091,HighTrip Pin Trascendence,https://cdnx.jumpseller.com/fumetas-store/image/76560200/Transcendete-1.jpg?1778615352,33421,Astro Growshop,7990,Pin-Hightrip - HIGH SKULLS 1,https://cdnx.jumpseller.com/astrogrowshop/image/75999486/imagen_1_18973.webp?1776874465,1.01
0.40,Otros parafernalia,hightrip,hightrip,19393,Fumetas,8091,HighTrip Pin Trascendence,https://cdnx.jumpseller.com/fumetas-store/image/76560200/Transcendete-1.jpg?1778615352,33422,Astro Growshop,7990,Pin-Hightrip - HIGH SKULLS 2,https://cdnx.jumpseller.com/astrogrowshop/image/75999487/imagen_1_18978.webp?1776874465,1.01
0.40,Contenedores y estuches,ozeta,ozeta,19403,Fumetas,29990,Ozeta Estuche Mediano x Cali Terpenes,https://cdnx.jumpseller.com/fumetas-store/image/37097552/ozeta-estuche-mediano-rigido-antiolor-cali-terpenes01.webp?1688273627,31642,Astro Growshop,27990,Estuche Mediano -Ozeta - CYAN,https://cdnx.jumpseller.com/astrogrowshop/image/78155549/ESTUCHE_20MEDIANO_20CYAN-OZETA.webp?1782326101,1.07
0.40,Contenedores y estuches,ozeta,ozeta,19403,Fumetas,29990,Ozeta Estuche Mediano x Cali Terpenes,https://cdnx.jumpseller.com/fumetas-store/image/37097552/ozeta-estuche-mediano-rigido-antiolor-cali-terpenes01.webp?1688273627,31643,Astro Growshop,27990,Estuche Mediano -Ozeta - Rosa,https://cdnx.jumpseller.com/astrogrowshop/image/78155550/ESTUCHE_20MEDIANO_20PINK_20OZETA-Photoroom_20_281_29.webp?1782326101,1.07
0.40,Otros parafernalia,hightrip,hightrip,20223,Fumetas,8091,HighTrip Pin Highfries,https://cdnx.jumpseller.com/fumetas-store/image/40558140/Pin-Hightrip-HighFries-Fumetas-Store-2.jpeg?1696611025,33418,Astro Growshop,7990,Pin-Hightrip - CANNABIS LIBRE,https://cdnx.jumpseller.com/astrogrowshop/image/70896012/imagen_1_12208.webp?1766429867,1.01
0.40,Otros parafernalia,hightrip,hightrip,20223,Fumetas,8091,HighTrip Pin Highfries,https://cdnx.jumpseller.com/fumetas-store/image/40558140/Pin-Hightrip-HighFries-Fumetas-Store-2.jpeg?1696611025,33421,Astro Growshop,7990,Pin-Hightrip - HIGH SKULLS 1,https://cdnx.jumpseller.com/astrogrowshop/image/75999486/imagen_1_18973.webp?1776874465,1.01
0.40,Otros parafernalia,hightrip,hightrip,20223,Fumetas,8091,HighTrip Pin Highfries,https://cdnx.jumpseller.com/fumetas-store/image/40558140/Pin-Hightrip-HighFries-Fumetas-Store-2.jpeg?1696611025,33422,Astro Growshop,7990,Pin-Hightrip - HIGH SKULLS 2,https://cdnx.jumpseller.com/astrogrowshop/image/75999487/imagen_1_18978.webp?1776874465,1.01
0.40,Encendedores y sopletes,clipper,clipper,25366,Fumetas,6990,Encendedor Clipper Metálico Turquoise,https://cdnx.jumpseller.com/fumetas-store/image/62687136/Clipper-Metal-Turquoise.webp?1745271282,31478,Astro Growshop,6990,Clipper Encendedor Metálico Demon Gradient,https://cdnx.jumpseller.com/astrogrowshop/image/77966799/1920_20_281_29.webp?1781818438,1.00
0.40,Encendedores y sopletes,clipper,clipper,25366,Fumetas,6990,Encendedor Clipper Metálico Turquoise,https://cdnx.jumpseller.com/fumetas-store/image/62687136/Clipper-Metal-Turquoise.webp?1745271282,31479,Astro Growshop,6990,Clipper Encendedor Metálico Matt Black,https://cdnx.jumpseller.com/astrogrowshop/image/77967513/960.webp?1781819158,1.00
0.40,Encendedores y sopletes,clipper,clipper,25366,Fumetas,6990,Encendedor Clipper Metálico Turquoise,https://cdnx.jumpseller.com/fumetas-store/image/62687136/Clipper-Metal-Turquoise.webp?1745271282,31480,Astro Growshop,6990,Clipper Encendedor Metálico Silver Devil,https://cdnx.jumpseller.com/astrogrowshop/image/77967875/1920_20_282_29.webp?1781820039,1.00
0.40,Moledores,galaxy,galaxy,30969,Astro Growshop,32990,Ceramics Grinder -Galaxy - Gris,https://cdnx.jumpseller.com/astrogrowshop/image/74869505/imagen_1_25261.webp?1773937976,33563,Fumetas,31990,Moledor Galaxy Cerámico 60mm - Gris,https://cdnx.jumpseller.com/fumetas-store/image/53914156/Moledor-ceramico-Galaxy-63mm-Gris.jpg?1729957583,1.03
0.40,Moledores,galaxy,galaxy,30972,Astro Growshop,32990,Ceramics Grinder -Galaxy - Negro,https://cdnx.jumpseller.com/astrogrowshop/image/74869510/imagen_1_25265.webp?1773937977,33557,Fumetas,31990,Moledor Galaxy Cerámico 60mm - Negro,https://cdnx.jumpseller.com/fumetas-store/image/53914150/Moledor-ceramico-Galaxy-63mm-Negro.jpg?1729957583,1.03
0.40,Bongs,bonglab,bonglab,31631,Astro Growshop,24990,Dream Rig-Bonglab - azul,https://cdnx.jumpseller.com/astrogrowshop/image/74868928/imagen_1_26241.webp?1773937617,33930,Fumetas,30990,Bonglab Bong Handy Rig 14cm - Azul,https://cdnx.jumpseller.com/fumetas-store/image/62947388/handy-rig-blue-bonglab-fumetas-store2.jpg?1782402515,1.24
0.40,Bongs,bonglab,bonglab,31631,Astro Growshop,24990,Dream Rig-Bonglab - azul,https://cdnx.jumpseller.com/astrogrowshop/image/74868928/imagen_1_26241.webp?1773937617,34968,Fumetas,27990,Bonglab Bong The Sphere 12cm - Azul,https://cdnx.jumpseller.com/fumetas-store/image/63229159/the-sphere-blue-bonglab-fumetas.jpg?1746583111,1.12
0.40,Bongs,bonglab,bonglab,31649,Astro Growshop,29990,Handy Rig-Bonglab - Morado,https://cdnx.jumpseller.com/astrogrowshop/image/70217754/imagen_3_28213.webp?1764273302,34966,Fumetas,27990,Bonglab Bong The Sphere 12cm - Morado,https://cdnx.jumpseller.com/fumetas-store/image/63229162/the-sphere-purple-bonglab-fumetas.jpg?1746583111,1.07
0.40,Bongs,bonglab,bonglab,31650,Astro Growshop,29990,Handy Rig-Bonglab - azul,https://cdnx.jumpseller.com/astrogrowshop/image/74868859/imagen_3_28204.webp?1773937586,34968,Fumetas,27990,Bonglab Bong The Sphere 12cm - Azul,https://cdnx.jumpseller.com/fumetas-store/image/63229159/the-sphere-blue-bonglab-fumetas.jpg?1746583111,1.07
0.40,Bongs,bonglab,bonglab,31652,Astro Growshop,29990,Handy Rig-Bonglab - Negro,https://cdnx.jumpseller.com/astrogrowshop/image/74868852/imagen_3_28207.webp?1773937585,34241,Fumetas,29990,Bonglab Bong Lucky Goblin - Negro,https://cdnx.jumpseller.com/fumetas-store/image/34787222/Bong-Lucky-Goblin-K293-Black.webp?1683158337,1.00
0.40,Bongs,bonglab,bonglab,31652,Astro Growshop,29990,Handy Rig-Bonglab - Negro,https://cdnx.jumpseller.com/astrogrowshop/image/74868852/imagen_3_28207.webp?1773937585,34969,Fumetas,27990,Bonglab Bong The Sphere 12cm - Negro,https://cdnx.jumpseller.com/fumetas-store/image/63229166/the-sphere-black-bonglab-fumetas-1.jpg?1746583111,1.07
0.40,Repuestos para bongs y vaporizadores,bonglab,bonglab,32104,Astro Growshop,23990,Atrapa Ceniza Panal Triple 14Mm-Bonglab - Azul,https://cdnx.jumpseller.com/astrogrowshop/image/70210568/imagen_3_26466.webp?1782921277,34642,Fumetas,22990,BongLab AtrapaCenizas Triple HoneyComb - Macho 14mm - Azul,https://cdnx.jumpseller.com/fumetas-store/image/75042874/Honeycomb-Atrapaceniza-Triple-Bonglab-1.jpg?1774281258,1.04
0.40,Repuestos para bongs y vaporizadores,bonglab,bonglab,32107,Astro Growshop,22990,Atrapa Ceniza Panal Triple 18Mm-Bonglab - Azul,https://cdnx.jumpseller.com/astrogrowshop/image/70176462/imagen_3_26487.webp?1764184079,34645,Fumetas,22990,BongLab AtrapaCenizas Triple HoneyComb - Macho 18mm - Azul,https://cdnx.jumpseller.com/fumetas-store/image/34403362/Bonglab-Atrapa-Cenizas-Triple-HoneyComb-Macho-14mm-Azul.webp?1682304198,1.00
0.40,Repuestos para bongs y vaporizadores,bonglab,bonglab,32108,Astro Growshop,22990,Atrapa Ceniza Panal Triple 18Mm-Bonglab - Verde,https://cdnx.jumpseller.com/astrogrowshop/image/72469980/imagen_3_26480.webp?1769629578,34644,Fumetas,22990,BongLab AtrapaCenizas Triple HoneyComb - Macho 18mm - Verde,https://cdnx.jumpseller.com/fumetas-store/image/34403360/Bonglab-Atrapa-Cenizas-Triple-HoneyComb-Macho-14mm-Verde.webp?1682304198,1.00
0.40,Repuestos para bongs y vaporizadores,bonglab,bonglab,32109,Astro Growshop,22990,Atrapa Ceniza Panal Triple 18Mm-Bonglab - Transparente,https://cdnx.jumpseller.com/astrogrowshop/image/75999686/imagen_1_26484.webp?1776874602,34643,Fumetas,22990,BongLab AtrapaCenizas Triple HoneyComb - Macho 18mm - Transparente,https://cdnx.jumpseller.com/fumetas-store/image/34403363/Bonglab-Atrapa-Cenizas-Triple-HoneyComb-Macho-14mm-Transparente.webp?1682304198,1.00
0.40,Repuestos para bongs y vaporizadores,bonglab,bonglab,32156,Astro Growshop,24990,Atrapa Ceniza Perc 14Mm -Bonglab - Morado,https://cdnx.jumpseller.com/astrogrowshop/image/70243500/imagen_1_26602.webp?1764351606,34634,Fumetas,29990,Bonglab Atrapa cenizas Slits macho 14mm 90° - Morado,https://cdnx.jumpseller.com/fumetas-store/image/22847710/atrapaceniza-14mm-perc-bonglab_PURPLE.jpg?1648055059,1.20
0.40,Repuestos para bongs y vaporizadores,bonglab,bonglab,32157,Astro Growshop,24990,Atrapa Ceniza Perc 14Mm -Bonglab - Negro,https://cdnx.jumpseller.com/astrogrowshop/image/72471136/imagen_1_26604.webp?1769629762,34633,Fumetas,29990,Bonglab Atrapa cenizas Slits macho 14mm 90° - Negro,https://cdnx.jumpseller.com/fumetas-store/image/22847707/atrapaceniza-14mm-perc-bonglab.jpg?1648055059,1.20
0.40,Repuestos para bongs y vaporizadores,bonglab,bonglab,32158,Astro Growshop,24990,Atrapa Ceniza Perc 14Mm -Bonglab - Transparente,https://cdnx.jumpseller.com/astrogrowshop/image/75999857/imagen_1_26611.webp?1776874653,34636,Fumetas,29990,Bonglab Atrapa cenizas Slits macho 14mm 90° - Transparente,https://cdnx.jumpseller.com/fumetas-store/image/22847711/atrapaceniza-14mm-perc-bonglab_clear.jpg?1648055059,1.20
0.40,Repuestos para bongs y vaporizadores,bonglab,bonglab,32161,Astro Growshop,24990,Atrapa Ceniza Perc 18Mm -Bonglab - Morado,https://cdnx.jumpseller.com/astrogrowshop/image/70238332/imagen_1_26183.webp?1764342492,34638,Fumetas,29990,Bonglab Atrapa cenizas Slits macho 18mm 90° - Morado,https://cdnx.jumpseller.com/fumetas-store/image/22858052/atrapaceniza-18mm-perc-bonglab__3_.jpg?1740676787,1.20
0.40,Repuestos para bongs y vaporizadores,bonglab,bonglab,32162,Astro Growshop,24990,Atrapa Ceniza Perc 18Mm -Bonglab - Negro,https://cdnx.jumpseller.com/astrogrowshop/image/72471170/imagen_2_26176.webp?1769629769,34637,Fumetas,29990,Bonglab Atrapa cenizas Slits macho 18mm 90° - Negro,https://cdnx.jumpseller.com/fumetas-store/image/22858051/atrapaceniza-18mm-perc-bonglab.jpg?1740676787,1.20
0.40,Repuestos para bongs y vaporizadores,bonglab,bonglab,32163,Astro Growshop,24990,Atrapa Ceniza Perc 18Mm -Bonglab - Transparente,https://cdnx.jumpseller.com/astrogrowshop/image/75999732/imagen_1_26185.webp?1776874635,34641,Fumetas,29990,Bonglab Atrapa cenizas Slits macho 18mm 90° - Transparente,https://cdnx.jumpseller.com/fumetas-store/image/22858055/atrapaceniza-18mm-perc-bonglab__4_.jpg?1740676787,1.20
0.40,Repuestos para bongs y vaporizadores,bonglab,bonglab,32166,Astro Growshop,24990,Atrapa Ceniza Perc 18Mm -Bonglab - Verde,https://cdnx.jumpseller.com/astrogrowshop/image/72471182/imagen_1_26179.webp?1769629791,34640,Fumetas,29990,Bonglab Atrapa cenizas Slits macho 18mm 90° - Verde,https://cdnx.jumpseller.com/fumetas-store/image/22858054/atrapaceniza-18mm-perc-bonglab__1_.jpg?1740676787,1.20
0.40,Vaporizadores herbales,davinci,davinci,32812,Astro Growshop,178190,Vaporizador Iqc-Da Vinci - Rojo,https://cdnx.jumpseller.com/astrogrowshop/image/70928174/imagen_1_26810.webp?1774385026,36044,Fumetas,235990,Vaporizador DaVinci IQC - Rojo,https://cdnx.jumpseller.com/fumetas-store/image/23079369/DAVINCI_IQC_ROJO.jpg?1657432901,1.32
0.40,Vaporizadores herbales,davinci,davinci,32813,Astro Growshop,178190,Vaporizador Iqc-Da Vinci - verde,https://cdnx.jumpseller.com/astrogrowshop/image/75091314/imagen_1_26813.webp?1774385026,36045,Fumetas,235990,Vaporizador DaVinci IQC - Verde,https://cdnx.jumpseller.com/fumetas-store/image/23079368/DAVINCI_IQC_VERDE.jpg?1657432901,1.32
0.40,Vaporizadores herbales,davinci,davinci,32814,Astro Growshop,178190,Vaporizador Iqc-Da Vinci - azul,https://cdnx.jumpseller.com/astrogrowshop/image/75091315/imagen_1_26811.webp?1774385026,36047,Fumetas,235990,Vaporizador DaVinci IQC - Azul,https://cdnx.jumpseller.com/fumetas-store/image/23079367/DAVINCI_IQC_AZUL.jpg?1657432901,1.32
0.40,Vaporizadores herbales,davinci,davinci,32815,Astro Growshop,178190,Vaporizador Iqc-Da Vinci - Negro,https://cdnx.jumpseller.com/astrogrowshop/image/75091317/imagen_1_26812.webp?1774385026,36046,Fumetas,235990,Vaporizador DaVinci IQC - Negro,https://cdnx.jumpseller.com/fumetas-store/image/23079366/DAVINCI_IQC_NEGRO.jpg?1657432901,1.32
0.40,Encendedores y sopletes,ignite,ignite,32895,Astro Growshop,14990,Soplete Phantom Mini-Ignite - Rojo,https://cdnx.jumpseller.com/astrogrowshop/image/72470030/imagen_1_27897.webp?1769629578,38364,Piranha,14243,Encendedor Soplete Ignite Phantom | PIRANHA,https://piranha.cl/17237-thickbox_default/encendedor-soplete-ignite-phantom-color-a-eleccion.jpg,1.05
0.40,Encendedores y sopletes,ignite,ignite,32895,Astro Growshop,14990,Soplete Phantom Mini-Ignite - Rojo,https://cdnx.jumpseller.com/astrogrowshop/image/72470030/imagen_1_27897.webp?1769629578,38408,Piranha,14392,Soplete Ignite X-Mini | PIRANHA,https://piranha.cl/22001-thickbox_default/encendedor-soplete-ignite-x-mini-color-a-eleccion.jpg,1.04
0.40,Encendedores y sopletes,ignite,ignite,32902,Astro Growshop,16990,Soplete X-Mini -Ignite - SKY BLUE,https://cdnx.jumpseller.com/astrogrowshop/image/75999872/imagen_1_27911.webp?1776874661,38408,Piranha,14392,Soplete Ignite X-Mini | PIRANHA,https://piranha.cl/22001-thickbox_default/encendedor-soplete-ignite-x-mini-color-a-eleccion.jpg,1.18
0.40,Accesorios de extraccion,yocan,yocan,33093,Astro Growshop,94990,VAPORIZADOR YOCAN POCKET - azul,https://cdnx.jumpseller.com/astrogrowshop/image/73160383/VAPORIZADOR_YOCAN_POCKET_BLUE.webp?1770739921,37506,Fumetas,99990,Yocan Vaporizador Falcon Kit - Azul,https://cdnx.jumpseller.com/fumetas-store/image/58283457/Falcon-Blue.jpg?1734057233,1.05
0.40,Accesorios de extraccion,yocan,yocan,33095,Astro Growshop,94990,VAPORIZADOR YOCAN POCKET - Plata,https://cdnx.jumpseller.com/astrogrowshop/image/73160376/VAPORIZADOR_YOCAN_POCKET_WHITE.webp?1770739921,36614,Fumetas,99990,Yocan Black Vaporizador Pocket - Celeste,https://cdnx.jumpseller.com/fumetas-store/image/75284353/Yocan-Vaporizador-Black-Pocket-Celeeste.jpg?1774729530,1.05
0.38,Papelillos,lion-rolling-circus,lion-rolling-circus,537,GrowBarato Chile,1400,Lion Rolling Circus Wrap Natural Blunts,https://www.growbaratochile.cl/3373-large_default/rolling-circus-hemp-wrap.jpg,15734,Piranha,1226,Papelillo Crazy Coco Lion Rolling Circus,https://piranha.cl/8830-thickbox_default/papelillo-crazy-coco-1-14-lion-rolling-circus.jpg,1.14
0.38,Pipas,american-helix,american-helix,609,Astro Growshop,34990,Pipa Solo Chillium Negro-American Helix,https://cdnx.jumpseller.com/astrogrowshop/image/70601456/imagen_1_26677.webp?1765550135,33878,Fumetas,37391,American Helix Pipa Classic Mini 12cm - Negro,https://cdnx.jumpseller.com/fumetas-store/image/20786096/Helix_Classic_Mini_Negra.jpg?1673549599,1.07
0.38,Repuestos para bongs y vaporizadores,bonglab,bonglab,731,Astro Growshop,4490,ADAPTADOR PYREX HEMBRA A MACHO 18MM- Bonglab,https://cdnx.jumpseller.com/astrogrowshop/image/75925308/adaptador-pyrex-hembra-a-macho-18mm-bonglab.webp?1776695486,33984,Fumetas,4990,Bonglab Quemador Macho 18mm - Verde,https://cdnx.jumpseller.com/fumetas-store/image/22220358/quemador-macho-18mm-bonglab__4_.jpg?1645759291,1.11
0.38,Repuestos para bongs y vaporizadores,bonglab,bonglab,2289,GrowBarato Chile,28400,Atrapa Cenizas Perc 18 Mm Bonglab,https://www.growbaratochile.cl/5773-large_default/atrapa-cenizas-perc-18-mm-bonglab.jpg,12214,Astro Growshop,29990,Atrapa Ceniza Perc 18Mm -Bonglab,https://cdnx.jumpseller.com/astrogrowshop/image/70238332/imagen_1_26183.webp?1764342492,1.06
0.38,Conos y blunts,soulblime,soulblime,2912,Fumetas,2390,Soulblime 6 Conos Pre-enrolados Orgánicos King Size,https://cdnx.jumpseller.com/fumetas-store/image/54392959/6-Conos-Pre-enrolados-King-Size-Organic-Soulblime.jpg?1728420026,31903,Astro Growshop,1790,Conos 1 1/4 1UD-Soulblime - ORGANICOS,https://cdnx.jumpseller.com/astrogrowshop/image/75998921/imagen_1_24456.webp?1776874258,1.34
0.38,Otros parafernalia,lion-rolling-circus,lion-rolling-circus,11582,GrowBarato Chile,3400,Lion Rolling Circus Pre Rolled Filters,https://www.growbaratochile.cl/11061-large_default/rolling-circus-pre-rolled-filters.jpg,20173,Fumetas,4490,Lion Rolling Circus Morral Personajes,https://cdnx.jumpseller.com/fumetas-store/image/58283570/Lion-Rolling-Circus-Yellow.webp?1734057247,1.32
0.38,Papelillos,lion-rolling-circus,lion-rolling-circus,11588,GrowBarato Chile,1300,Unbleach King Size de Lion Rolling Circus,https://www.growbaratochile.cl/8333-large_default/rolling-circus-unbleach-big-smoke.jpg,15734,Piranha,1226,Papelillo Crazy Coco Lion Rolling Circus,https://piranha.cl/8830-thickbox_default/papelillo-crazy-coco-1-14-lion-rolling-circus.jpg,1.06
0.38,Repuestos para bongs y vaporizadores,bonglab,bonglab,12213,Astro Growshop,29990,Atrapa Ceniza Perc 14Mm -Bonglab,https://cdnx.jumpseller.com/astrogrowshop/image/70243499/imagen_2_26603.webp?1764351606,34946,Fumetas,29990,Bonglab Atrapa cenizas 6 brazos 45° - 14mm,https://cdnx.jumpseller.com/fumetas-store/image/22859137/atrapaceniza-tree-18mm-clear-45-bonglab.jpg?1682305000,1.00
0.38,Bongs,calvo,calvo,12504,Astro Growshop,35990,Lemon Drop Micro Rig Yellow-Calvo Glass,https://cdnx.jumpseller.com/astrogrowshop/image/78079535/fc1c8eea-8bd6-46a2-aad0-dd443620268c-Photoroom.png?1782158237,13202,Fumetas,39990,Calvo Glass Implosion Drop Rig 23cm,https://cdnx.jumpseller.com/fumetas-store/image/59961071/Bong-Implosion-Drop-Rig-23cm-Morado.jpg?1738967570,1.11
0.38,Bongs,calvo,calvo,12563,Astro Growshop,19990,MINI BEAKER SIMPLE YELLOW- Calvo glass,https://cdnx.jumpseller.com/astrogrowshop/image/75937996/BONG-MINI-BEAKER-CANNABIS-AMARILLO-CALVO-GLASS.webp?1776714217,13699,Fumetas,25221,Calvo Glass Bong Beaker Mandala 25cm,https://cdnx.jumpseller.com/fumetas-store/image/57604879/Bong-Beaker-Mandala-Calvo-Glass-25cm-Negro.jpg?1732590270,1.26
0.38,Pipas,american-helix,american-helix,12574,Astro Growshop,34990,Pipa Solo Chillium Rojo-American Helix,https://cdnx.jumpseller.com/astrogrowshop/image/70601463/imagen_1_26675.webp?1765550161,33879,Fumetas,37391,American Helix Pipa Classic Mini 12cm - Rojo,https://cdnx.jumpseller.com/fumetas-store/image/20786095/Helix_Classic_Mini_Red.jpg?1673549599,1.07
0.38,Pipas,american-helix,american-helix,12575,Astro Growshop,34990,Pipa Solo Chillium Verde-American Helix,https://cdnx.jumpseller.com/astrogrowshop/image/70601470/imagen_1_26676.webp?1765550201,33881,Fumetas,37391,American Helix Pipa Classic Mini 12cm - Verde,https://cdnx.jumpseller.com/fumetas-store/image/30831214/Pipa-Helix-Mini-Green.jpg?1673549599,1.07
0.38,Vaporizadores herbales,storz-bickel,storz-bickel,12605,Astro Growshop,85990,DEPÓSITO VOLCANO CLASSIC-STORZ &amp; BICKEL,https://cdnx.jumpseller.com/astrogrowshop/image/74659689/VPSZBDPVLCC.webp?1773421722,19930,Fumetas,75990,Juego de Piezas de Desgastes Volcano Storz &amp; Bickel,https://cdnx.jumpseller.com/fumetas-store/image/34533459/Juego-de-Piezas-de-Desgastes-Volcano-2.webp?1682535630,1.13
0.38,Vaporizadores herbales,storz-bickel,storz-bickel,12606,Astro Growshop,85990,DEPÓSITO VOLCANO HYBRID-STORZ &amp; BICKEL,https://cdnx.jumpseller.com/astrogrowshop/image/74659750/VPSZBDPVLCH_204.webp?1773421800,19930,Fumetas,75990,Juego de Piezas de Desgastes Volcano Storz &amp; Bickel,https://cdnx.jumpseller.com/fumetas-store/image/34533459/Juego-de-Piezas-de-Desgastes-Volcano-2.webp?1682535630,1.13
0.38,Contenedores y estuches,ozeta,ozeta,31298,Astro Growshop,37990,Bolso 4X4 Con Clave -Ozeta - Negro,https://cdnx.jumpseller.com/astrogrowshop/image/75999553/imagen_3_20771.webp?1777050474,37072,Fumetas,48990,Ozeta Muslera Con Clave - Anti Olor - Negro,https://cdnx.jumpseller.com/fumetas-store/image/36751964/ozeta-bolso-muslera-antiolor-hermetico-black-01.webp?1774967483,1.29
0.38,Bongs,bonglab,bonglab,31658,Astro Growshop,74990,Heavy Trash -Bonglab - Negro Humo,https://cdnx.jumpseller.com/astrogrowshop/image/78072255/Bong_20Heavy_20Trash_20Negro_20Humo_20Bonglab_20_20AstroGrowshop_20Chile.webp?1782146786,33854,Fumetas,59990,Bonglab Bong The Trash Big Logo 45cm - Negro,https://cdnx.jumpseller.com/fumetas-store/image/35140537/BongLab-The-Thrash-Big-Logo-Black.webp?1739305970,1.25
0.38,Bongs,bonglab,bonglab,31682,Astro Growshop,51990,Mad Professor - Bonglab - JADE GREEN,https://cdnx.jumpseller.com/astrogrowshop/image/74869434/imagen_1_27732.webp?1773937943,34067,Fumetas,67990,Bonglab Bong K276 Bongbastic 45cm - Jade Green,https://cdnx.jumpseller.com/fumetas-store/image/13071907/K276_Jade_Green.jpg?1730773626,1.31
0.38,Bongs,bonglab,bonglab,31746,Astro Growshop,74990,Water Splash -Bonglab - JADEGREEN,https://cdnx.jumpseller.com/astrogrowshop/image/74869092/imagen_1_11521.webp?1773937688,34664,Fumetas,69990,BongLab Bong K598 Splash Water 50cm - Jade Green,https://cdnx.jumpseller.com/fumetas-store/image/34533164/Bong-BongLab-K598-Splash-Water-Jade-Green.webp?1682534580,1.07
0.38,Bongs,calvo,calvo,32562,Astro Growshop,65990,Rig Con Percolador De Arbol -Calvo Glass - Naranjo,https://cdnx.jumpseller.com/astrogrowshop/image/72468120/imagen_1_26104.webp?1769629284,34523,Fumetas,54990,Calvo Glass Bong Beaker Plus 40cm - Naranjo,https://cdnx.jumpseller.com/fumetas-store/image/57620978/Calvo-Glass-Beaker-Plus-40-cm-Naranjo.jpg?1732648395,1.20
0.38,Bongs,calvo,calvo,32563,Astro Growshop,65990,Rig Con Percolador De Arbol -Calvo Glass - Morado,https://cdnx.jumpseller.com/astrogrowshop/image/72468119/imagen_1_26102.webp?1769629284,34436,Fumetas,69591,Calvo Glass Bong Doble Inline 40cm - Morado,https://cdnx.jumpseller.com/fumetas-store/image/15641412/CH-001_Doble_Inline_Purple2.jpg?1657391673,1.05
0.38,Bongs,calvo,calvo,32564,Astro Growshop,69990,Rig Con Percolador De Arbol -Calvo Glass - Verde azulado,https://cdnx.jumpseller.com/astrogrowshop/image/74868953/imagen_1_18818.webp?1773937618,34994,Fumetas,65241,Calvo Glass Bong Alien 30cm - Verde,https://cdnx.jumpseller.com/fumetas-store/image/44938113/Bong-Space-Opera-Calvo-Glass-30cm-Green.webp?1706309098,1.07
0.38,Bongs,calvo,calvo,32564,Astro Growshop,69990,Rig Con Percolador De Arbol -Calvo Glass - Verde azulado,https://cdnx.jumpseller.com/astrogrowshop/image/74868953/imagen_1_18818.webp?1773937618,34996,Fumetas,60891,Calvo Glass Bong Monster 42cm - Verde,https://cdnx.jumpseller.com/fumetas-store/image/23986755/Monster_green_calvo_nuevo_logo.jpg?1674232787,1.15
0.38,Bongs,calvo,calvo,32789,Astro Growshop,42990,Rig Four Horn-Calvo Glass - Morado,https://cdnx.jumpseller.com/astrogrowshop/image/74869329/imagen_1_28741.webp?1773937882,34751,Fumetas,39990,Calvo Glass Implosion Drop Rig 23cm - Morado,https://cdnx.jumpseller.com/fumetas-store/image/59933599/Bong-Implosion-Drop-Rig-23cm-Morado-3.jpg?1738967569,1.08
0.36,Contenedores y estuches,bonglab,bonglab,816,Astro Growshop,21990,Jar Blanco Gold Ink 4Oz-Bonglab Re: Stash,https://cdnx.jumpseller.com/astrogrowshop/image/70135471/imagen_1_25883.webp?1764089594,35296,Fumetas,23990,BongLab Contenedor Re:Stash 4oz - Ocean Tie Dye,https://cdnx.jumpseller.com/fumetas-store/image/47689793/Tie-Dye-Re-Stash-x-BongLab-4oz.jpg?1713223305,1.09
0.36,Repuestos para bongs y vaporizadores,bonglab,bonglab,32106,Astro Growshop,24990,Atrapa Ceniza Panal Triple 14Mm-Bonglab - Transparente,https://cdnx.jumpseller.com/astrogrowshop/image/75999918/imagen_1_26472.webp?1782921291,34636,Fumetas,29990,Bonglab Atrapa cenizas Slits macho 14mm 90° - Transparente,https://cdnx.jumpseller.com/fumetas-store/image/22847711/atrapaceniza-14mm-perc-bonglab_clear.jpg?1648055059,1.20
0.36,Repuestos para bongs y vaporizadores,bonglab,bonglab,32108,Astro Growshop,22990,Atrapa Ceniza Panal Triple 18Mm-Bonglab - Verde,https://cdnx.jumpseller.com/astrogrowshop/image/72469980/imagen_3_26480.webp?1769629578,34640,Fumetas,29990,Bonglab Atrapa cenizas Slits macho 18mm 90° - Verde,https://cdnx.jumpseller.com/fumetas-store/image/22858054/atrapaceniza-18mm-perc-bonglab__1_.jpg?1740676787,1.30
0.36,Repuestos para bongs y vaporizadores,bonglab,bonglab,32109,Astro Growshop,22990,Atrapa Ceniza Panal Triple 18Mm-Bonglab - Transparente,https://cdnx.jumpseller.com/astrogrowshop/image/75999686/imagen_1_26484.webp?1776874602,34641,Fumetas,29990,Bonglab Atrapa cenizas Slits macho 18mm 90° - Transparente,https://cdnx.jumpseller.com/fumetas-store/image/22858055/atrapaceniza-18mm-perc-bonglab__4_.jpg?1740676787,1.30
0.36,Accesorios de extraccion,calvo,calvo,32375,Astro Growshop,15990,Bateria 510 Led 400Mah -Calvo Glass - COSMIC PURPLE,https://cdnx.jumpseller.com/astrogrowshop/image/70927525/imagen_1_28412.webp?1766500763,37325,Fumetas,14990,Calvo Batería Pro Led Cartridge 510 - Tornasol,https://cdnx.jumpseller.com/fumetas-store/image/59873289/Bateria-Cartridge-510-LED-Calvo-Glass-Cosmic-Purple.webp?1738801470,1.07
0.36,Accesorios de extraccion,calvo,calvo,32378,Astro Growshop,15990,Bateria 510 Led 400Mah -Calvo Glass - RED BLACK,https://cdnx.jumpseller.com/astrogrowshop/image/75999412/imagen_1_28413.webp?1776874439,37325,Fumetas,14990,Calvo Batería Pro Led Cartridge 510 - Tornasol,https://cdnx.jumpseller.com/fumetas-store/image/59873289/Bateria-Cartridge-510-LED-Calvo-Glass-Cosmic-Purple.webp?1738801470,1.07