score;mismaMarca;ratio;offerId;offerPrice;offerTitle;productId;tiendasProducto;precioMinProducto;productName;tokensComunes;offerUrl
0.859;1;0.00;11433;18900;"Insert Banger Fondo Opaco Calvo Glass";10555;2;0;"Calvo Glass Insert Fondo Blanco";"insert fondo opaco calvo glass";"https://www.growbaratochile.cl/pipas-bongs-y-cachimbas/insert-banger-fondo-opaco-calvo-glass.html"
0.551;1;4.99;1396;1000;"Encendedor De Cocina - Ronson Pequeño【 Recargable 】";10874;2;4990;"Ronson Soplete Pequeño";"encendedor ronson pequeno";"https://www.growbaratochile.cl/encendedores-ronson/encendedor-de-cocina-ronson-pequeno.html"
0.457;1;1.76;70881;3400;"Conos RAW 5 Stages | Conos pre-armados papel natural – GrowBaratoChile";10411;2;5990;"Conos RAW Rawket 5 Stages";"conos raw stages pre";"https://www.growbaratochile.cl/papelillos/raw-cones-5-stage-rawket.html"
0.439;1;1.46;71107;51900;"Humidificador Kasvi 8 Litros | Control de Humedad para Cultivo";10787;2;75990;"Humidificador Kasvi 8L";"humidificador kasvi cultivo";"https://www.growbaratochile.cl/humedad-y-temperatura/humidificador-8l-kasvi.html"
0.437;1;6.49;1384;1000;"Encendedor Clipper GB The Green Brand - GB The Green Brand";10481;2;6490;"Encendedor Clipper Metálico Green Gradient";"encendedor clipper green";"https://www.growbaratochile.cl/encendedores/encendedor-clipper-gb-the-green-brand.html"
0.434;1;1.42;537;1400;"Lion Rolling Circus Wrap Natural Blunts";10543;2;1990;"Blunt Hemp Wrap Lion Rolling Circus Terpenes KKKSH";"lion rolling circus wrap";"https://www.growbaratochile.cl/papelillos/rolling-circus-hemp-wrap.html"
0.430;1;9.09;147;9000;"Porta Pitos - Galaxy【guarda caños】en Growbarato Chile";10390;2;990;"Galaxy Porta Caño Black";"porta galaxy canos";"https://www.growbaratochile.cl/articulos-para-el-fumador/porta-pitos-galaxy.html"
0.428;1;5.43;71289;10800;"Cone Hemp Gold de Lion Rolling Circus";10543;2;1990;"Blunt Hemp Wrap Lion Rolling Circus Terpenes KKKSH";"hemp lion rolling circus";"https://www.growbaratochile.cl/papelillos/cone-hemp-gold.html"
0.408;1;1.04;537;1400;"Lion Rolling Circus Wrap Natural Blunts";10733;2;1341;"Lion Rolling Circus Hemp Wraps Terpenes Gelato x2";"lion rolling circus wrap";"https://www.growbaratochile.cl/papelillos/rolling-circus-hemp-wrap.html"
0.402;1;8.05;71289;10800;"Cone Hemp Gold de Lion Rolling Circus";10733;2;1341;"Lion Rolling Circus Hemp Wraps Terpenes Gelato x2";"hemp lion rolling circus";"https://www.growbaratochile.cl/papelillos/cone-hemp-gold.html"
0.399;1;0.00;308;300;"OCB Filtro de Carbón Activo - GB The Green Brand";11046;2;0;"OCB Boquillas Filtro de Carbón Activado 50 uds.";"ocb filtro carbon";"https://www.growbaratochile.cl/parafernalia/ocb-filtro-de-carbon-activo.html"
0.399;1;13.30;308;300;"OCB Filtro de Carbón Activo - GB The Green Brand";10418;2;3990;"OCB Activ'Tips Slim Carbón Activo 7mm 10u";"ocb filtro carbon activo";"https://www.growbaratochile.cl/parafernalia/ocb-filtro-de-carbon-activo.html"
0.394;1;3.11;71232;800;"Tips pequeños de Lion Rolling Circus";10234;2;2490;"Lion Rolling Circus Porta Papelillos 1 1/4";"lion rolling circus";"https://www.growbaratochile.cl/articulos-para-el-fumador/tips-pequenos.html"
0.385;1;6.49;71053;1000;"Encendedor Clipper Animals - GB The Green Brand";10481;2;6490;"Encendedor Clipper Metálico Green Gradient";"encendedor clipper green";"https://www.growbaratochile.cl/encendedores-clipper/encendedor-clipper-animals.html"
0.385;1;7.13;1426;700;"Encendedor Ronson Electrolite【recargable】";10874;2;4990;"Ronson Soplete Pequeño";"encendedor ronson";"https://www.growbaratochile.cl/encendedores-ronson/encendedor-ronson-electrolite.html"
0.380;1;0.00;70795;22500;"Bong Rig Wax Set | Dab Rig de Vidrio con Percolador Shower Calvo Glass";10535;2;0;"Calvo Glass Phantom Rig 22cm";"bong rig calvo glass";"https://www.growbaratochile.cl/parafernalia/wax-set-bubble-rig-banger-carb-cap-calvo-glass-.html"
0.380;1;6.49;11487;1000;"Encendedor Clipper Hippie - GB The Green Brand";10481;2;6490;"Encendedor Clipper Metálico Green Gradient";"encendedor clipper green";"https://www.growbaratochile.cl/encendedores-clipper/encendedor-clipper-hippie.html"
0.377;1;4.34;71289;10800;"Cone Hemp Gold de Lion Rolling Circus";10234;2;2490;"Lion Rolling Circus Porta Papelillos 1 1/4";"lion rolling circus";"https://www.growbaratochile.cl/papelillos/cone-hemp-gold.html"
0.375;1;1.78;537;1400;"Lion Rolling Circus Wrap Natural Blunts";10234;2;2490;"Lion Rolling Circus Porta Papelillos 1 1/4";"lion rolling circus";"https://www.growbaratochile.cl/papelillos/rolling-circus-hemp-wrap.html"
0.362;1;0.00;70892;41300;"El Bong Tubular Calvo 40cm- Calvo Glass";10535;2;0;"Calvo Glass Phantom Rig 22cm";"bong calvo glass";"https://www.growbaratochile.cl/calvoglass/bong-tubular-calvo-35cm.html"
0.361;1;2.13;71294;5300;"Tainer Lion Rolling Circus | Contenedor con Moledor Hermético";10234;2;2490;"Lion Rolling Circus Porta Papelillos 1 1/4";"lion rolling circus";"https://www.growbaratochile.cl/parafernalia/tainer-lion-rolling-circus.html"
0.352;1;1.39;150;3600;"Soplete Ronson┃Encendido fácil y recargable✅";10874;2;4990;"Ronson Soplete Pequeño";"soplete ronson";"https://www.growbaratochile.cl/encendedores/soplete-ronson.html"
0.351;1;2.93;11606;850;"Lion Rolling Circus Unbleach - Papel sin blanquear";10234;2;2490;"Lion Rolling Circus Porta Papelillos 1 1/4";"lion rolling circus";"https://www.growbaratochile.cl/papelillos/rolling-circus-unbleach.html"
0.346;1;6.49;1406;1000;"Encendedor Clipper Bulldog Ámsterdam - GB The Green Brand";10481;2;6490;"Encendedor Clipper Metálico Green Gradient";"encendedor clipper green";"https://www.growbaratochile.cl/encendedores-clipper/encendedor-clipper-bulldog-amsterdam.html"
0.338;1;7.13;11592;700;"Encendedor Monster Ronson【llama regulable】";10874;2;4990;"Ronson Soplete Pequeño";"encendedor ronson";"https://www.growbaratochile.cl/encendedores/encededor-monster-ronson.html"
0.338;1;2.49;71232;800;"Tips pequeños de Lion Rolling Circus";10543;2;1990;"Blunt Hemp Wrap Lion Rolling Circus Terpenes KKKSH";"lion rolling circus";"https://www.growbaratochile.cl/articulos-para-el-fumador/tips-pequenos.html"
0.337;1;1.14;102893;396000;"Volcano Classic y Digital Vaporizador";10302;4;348292;"Storz & Bickel Vaporizador Volcano Classic Gold 24K";"volcano classic vaporizador";"https://www.growbaratochile.cl/vaporizadores-storz-bickel/volcano-classic.html"
0.336;1;1.88;11567;1300;"RAW Pre Rolled Tips de RAW filtros de calidad";10479;3;690;"Boquillas RAW Cono Perfecto";"raw tips filtros";"https://www.growbaratochile.cl/articulos-para-el-fumador/raw-pre-rolled-tips.html"
0.332;1;0.00;71009;20900;"Zippo Leaf Engraved【barato】en GB The Green Brand✅";10308;2;0;"Encendedor Zippo Cannabis Design";"zippo leaf";"https://www.growbaratochile.cl/encendedores/zippo-leaf-engraved-.html"
0.321;1;2.77;71246;900;"Lion Rolling Circus Sylver papel fino de calidad";10234;2;2490;"Lion Rolling Circus Porta Papelillos 1 1/4";"lion rolling circus";"https://www.growbaratochile.cl/papelillos/lion-rolling-circus-sylver.html"
0.317;1;1.68;71232;800;"Tips pequeños de Lion Rolling Circus";10733;2;1341;"Lion Rolling Circus Hemp Wraps Terpenes Gelato x2";"lion rolling circus";"https://www.growbaratochile.cl/articulos-para-el-fumador/tips-pequenos.html"
0.314;1;2.66;71294;5300;"Tainer Lion Rolling Circus | Contenedor con Moledor Hermético";10543;2;1990;"Blunt Hemp Wrap Lion Rolling Circus Terpenes KKKSH";"lion rolling circus";"https://www.growbaratochile.cl/parafernalia/tainer-lion-rolling-circus.html"
0.313;1;1.25;71234;12500;"Heavy Pill Cabo para hierba seca";10114;2;9990;"CABO Heavy Gear 20mm (Clear/Black) - CABO | PIRANHA";"heavy cabo";"https://www.growbaratochile.cl/cabo/heavy-pill-cabo.html"
0.313;1;1.31;71110;1900;"Lion Rolling Circus Grinder Acrilico 2 Partes - GB The Green Brand";10234;2;2490;"Lion Rolling Circus Porta Papelillos 1 1/4";"lion rolling circus";"https://www.growbaratochile.cl/moledores/lion-rolling-circus-grinder-acrilico.html"
0.311;1;0.00;70795;22500;"Bong Rig Wax Set | Dab Rig de Vidrio con Percolador Shower Calvo Glass";10484;2;0;"Calvo Glass Eye Sun Rig 25cm";"bong rig calvo glass";"https://www.growbaratochile.cl/parafernalia/wax-set-bubble-rig-banger-carb-cap-calvo-glass-.html"
0.307;1;1.52;102893;396000;"Volcano Classic y Digital Vaporizador";5745;2;599990;"Volcano Hybrid Onyx Edition-Storz & Bickel";"volcano vaporizador";"https://www.growbaratochile.cl/vaporizadores-storz-bickel/volcano-classic.html"
0.305;1;2.34;11606;850;"Lion Rolling Circus Unbleach - Papel sin blanquear";10543;2;1990;"Blunt Hemp Wrap Lion Rolling Circus Terpenes KKKSH";"lion rolling circus";"https://www.growbaratochile.cl/papelillos/rolling-circus-unbleach.html"
0.304;1;1.15;11567;1300;"RAW Pre Rolled Tips de RAW filtros de calidad";10244;3;1490;"Boquillas RAW Pre-enrolados 21 unidades";"raw pre tips";"https://www.growbaratochile.cl/articulos-para-el-fumador/raw-pre-rolled-tips.html"
0.295;1;3.95;71294;5300;"Tainer Lion Rolling Circus | Contenedor con Moledor Hermético";10733;2;1341;"Lion Rolling Circus Hemp Wraps Terpenes Gelato x2";"lion rolling circus";"https://www.growbaratochile.cl/parafernalia/tainer-lion-rolling-circus.html"
0.295;1;1.32;11433;18900;"Insert Banger Fondo Opaco Calvo Glass";10106;2;24990;"Calvo Glass Banger Full Weld Regular Macho 10mm";"banger calvo glass";"https://www.growbaratochile.cl/pipas-bongs-y-cachimbas/insert-banger-fondo-opaco-calvo-glass.html"
0.292;1;1.71;70881;3400;"Conos RAW 5 Stages | Conos pre-armados papel natural – GrowBaratoChile";5711;2;1990;"Conos PreEnrolados RAW 1 1/4 (6u)";"conos raw pre";"https://www.growbaratochile.cl/papelillos/raw-cones-5-stage-rawket.html"
0.292;1;1.26;70892;41300;"El Bong Tubular Calvo 40cm- Calvo Glass";5536;2;52191;"Bong Beaker Tree Perc 35cm";"bong calvo glass";"https://www.growbaratochile.cl/calvoglass/bong-tubular-calvo-35cm.html"
0.290;1;3.53;1394;159000;"Kit de Inicio Vaporizador Dynavap M7 | Todo en 1 sin batería";11012;2;44990;"DynaVap Kit G3";"vaporizador dynavap";"https://www.growbaratochile.cl/vaporizadores/kit-de-inicio-vaporizador-dynavap-the-m7.html"
0.290;1;0.00;71106;14400;"Zippo Logo┃elegancia y calidad al mejor precio";10512;2;0;"Encendedor Zippo Classic Red Matte";"zippo logo";"https://www.growbaratochile.cl/encendedores/zippo-logo.html"
0.288;1;1.58;11606;850;"Lion Rolling Circus Unbleach - Papel sin blanquear";10733;2;1341;"Lion Rolling Circus Hemp Wraps Terpenes Gelato x2";"lion rolling circus";"https://www.growbaratochile.cl/papelillos/rolling-circus-unbleach.html"
0.285;1;2.57;71106;14400;"Zippo Logo┃elegancia y calidad al mejor precio";10511;2;36990;"Encendedor Zippo Classic Flat Sand";"zippo logo";"https://www.growbaratochile.cl/encendedores/zippo-logo.html"
0.283;1;2.21;71246;900;"Lion Rolling Circus Sylver papel fino de calidad";10543;2;1990;"Blunt Hemp Wrap Lion Rolling Circus Terpenes KKKSH";"lion rolling circus";"https://www.growbaratochile.cl/papelillos/lion-rolling-circus-sylver.html"
0.280;1;2.43;71106;14400;"Zippo Logo┃elegancia y calidad al mejor precio";10276;2;34990;"Encendedor Zippo Royal Blue Matte";"zippo logo";"https://www.growbaratochile.cl/encendedores/zippo-logo.html"
0.280;1;0.00;1384;1000;"Encendedor Clipper GB The Green Brand - GB The Green Brand";10480;2;0;"Encendedor Clipper Metálico Deep Blue";"encendedor clipper";"https://www.growbaratochile.cl/encendedores/encendedor-clipper-gb-the-green-brand.html"
0.276;1;1.05;71110;1900;"Lion Rolling Circus Grinder Acrilico 2 Partes - GB The Green Brand";10543;2;1990;"Blunt Hemp Wrap Lion Rolling Circus Terpenes KKKSH";"lion rolling circus";"https://www.growbaratochile.cl/moledores/lion-rolling-circus-grinder-acrilico.html"
0.276;1;2.22;320;1800;"OCB Filtro Premium Slim Bolsa - GB The Green Brand";10418;2;3990;"OCB Activ'Tips Slim Carbón Activo 7mm 10u";"ocb filtro slim";"https://www.growbaratochile.cl/articulos-para-el-fumador/ocb-filtro-premium-slim-bolsa.html"
0.276;1;1.03;11433;18900;"Insert Banger Fondo Opaco Calvo Glass";10313;2;18261;"Calvo Glass Banger Full Weld Thin Slurper - Macho 14mm";"banger calvo glass";"https://www.growbaratochile.cl/pipas-bongs-y-cachimbas/insert-banger-fondo-opaco-calvo-glass.html"
0.276;1;0.00;70892;41300;"El Bong Tubular Calvo 40cm- Calvo Glass";10484;2;0;"Calvo Glass Eye Sun Rig 25cm";"bong calvo glass";"https://www.growbaratochile.cl/calvoglass/bong-tubular-calvo-35cm.html"
0.275;1;1.67;71015;450;"OCB Papel Blanco Mini - GB The Green Brand";10761;3;750;"Papelillos OCB Blanco 1 1/4";"ocb blanco";"https://www.growbaratochile.cl/papel-de-celulosa/ocb-papel-blanco-mini.html"
0.275;1;1.92;70855;19800;"Classic Ice de Bonglab - Gb The Green Brand";5772;3;37990;"Classic Ice Pro-Bonglab";"classic ice bonglab";"https://www.growbaratochile.cl/bonglab/classic-ice.html"
0.268;1;1.49;71246;900;"Lion Rolling Circus Sylver papel fino de calidad";10733;2;1341;"Lion Rolling Circus Hemp Wraps Terpenes Gelato x2";"lion rolling circus";"https://www.growbaratochile.cl/papelillos/lion-rolling-circus-sylver.html"
0.262;1;1.42;71110;1900;"Lion Rolling Circus Grinder Acrilico 2 Partes - GB The Green Brand";10733;2;1341;"Lion Rolling Circus Hemp Wraps Terpenes Gelato x2";"lion rolling circus";"https://www.growbaratochile.cl/moledores/lion-rolling-circus-grinder-acrilico.html"
0.261;1;6.99;1384;1000;"Encendedor Clipper GB The Green Brand - GB The Green Brand";10748;3;6990;"Encendedor Clipper Metálico Matt Black";"encendedor clipper";"https://www.growbaratochile.cl/encendedores/encendedor-clipper-gb-the-green-brand.html"
0.259;1;1.23;1394;159000;"Kit de Inicio Vaporizador Dynavap M7 | Todo en 1 sin batería";10327;2;194990;"Vaporizador DynaVap The VonG (Titanium) | PIRANHA";"vaporizador dynavap";"https://www.growbaratochile.cl/vaporizadores/kit-de-inicio-vaporizador-dynavap-the-m7.html"
0.258;1;0.00;320;1800;"OCB Filtro Premium Slim Bolsa - GB The Green Brand";11046;2;0;"OCB Boquillas Filtro de Carbón Activado 50 uds.";"ocb filtro";"https://www.growbaratochile.cl/articulos-para-el-fumador/ocb-filtro-premium-slim-bolsa.html"
0.257;1;0.00;71008;225900;"Vaporizador Davinci IQ para nuestras flores";11024;2;0;"Vaporizador DaVinci IQ2";"vaporizador davinci";"https://www.growbaratochile.cl/descuento-todos/vaporizador-da-vinci-iq.html"
0.257;1;1.13;320;1800;"OCB Filtro Premium Slim Bolsa - GB The Green Brand";10851;2;1590;"OCB 3 Conos Pre-enrolados King Size Premium Slim";"ocb slim";"https://www.growbaratochile.cl/articulos-para-el-fumador/ocb-filtro-premium-slim-bolsa.html"
0.256;1;1.60;70905;319500;"Pax 3 vaporizador para marihuana y bho";10862;2;199990;"PAX Plus Starter Kit";"pax vaporizador";"https://www.growbaratochile.cl/vaporizadores/vaporizador-pax-3.html"
0.245;1;0.00;71053;1000;"Encendedor Clipper Animals - GB The Green Brand";10480;2;0;"Encendedor Clipper Metálico Deep Blue";"encendedor clipper";"https://www.growbaratochile.cl/encendedores-clipper/encendedor-clipper-animals.html"
0.243;1;0.00;3179;4900;"Spinner Carb Cap de Calvo Glass";10535;2;0;"Calvo Glass Phantom Rig 22cm";"calvo glass";"https://www.growbaratochile.cl/bho-extracciones/spinner-carb-cap-calvo-glass-.html"
0.241;1;0.00;11487;1000;"Encendedor Clipper Hippie - GB The Green Brand";10480;2;0;"Encendedor Clipper Metálico Deep Blue";"encendedor clipper";"https://www.growbaratochile.cl/encendedores-clipper/encendedor-clipper-hippie.html"
0.238;1;1.28;70905;319500;"Pax 3 vaporizador para marihuana y bho";10864;2;249990;"PAX Plus Complete Kit";"pax vaporizador";"https://www.growbaratochile.cl/vaporizadores/vaporizador-pax-3.html"
0.231;1;0.00;1443;1000;"Encendedor Clipper varios modelos disponibles";10480;2;0;"Encendedor Clipper Metálico Deep Blue";"encendedor clipper";"https://www.growbaratochile.cl/encendedores-clipper/encendedor-clipper.html"
0.231;1;6.99;71053;1000;"Encendedor Clipper Animals - GB The Green Brand";10748;3;6990;"Encendedor Clipper Metálico Matt Black";"encendedor clipper";"https://www.growbaratochile.cl/encendedores-clipper/encendedor-clipper-animals.html"
0.231;1;12.77;71226;76500;"Vaporizador Switch Airistech - GB The Green Brand";10887;2;5990;"Airistech Boquilla Nokiva";"vaporizador airistech";"https://www.growbaratochile.cl/vaporizadores/vaporizador-switch-airistech.html"
0.227;1;6.99;11487;1000;"Encendedor Clipper Hippie - GB The Green Brand";10748;3;6990;"Encendedor Clipper Metálico Matt Black";"encendedor clipper";"https://www.growbaratochile.cl/encendedores-clipper/encendedor-clipper-hippie.html"
0.227;1;0.00;71214;3600;"Calvo Glass Ruby Pearls para extracciones";10535;2;0;"Calvo Glass Phantom Rig 22cm";"calvo glass";"https://www.growbaratochile.cl/pipas-bongs-y-cachimbas/calvo-glass-ruby-pearls.html"
0.220;1;6.49;1443;1000;"Encendedor Clipper varios modelos disponibles";10481;2;6490;"Encendedor Clipper Metálico Green Gradient";"encendedor clipper";"https://www.growbaratochile.cl/encendedores-clipper/encendedor-clipper.html"
0.219;1;0.00;1406;1000;"Encendedor Clipper Bulldog Ámsterdam - GB The Green Brand";10480;2;0;"Encendedor Clipper Metálico Deep Blue";"encendedor clipper";"https://www.growbaratochile.cl/encendedores-clipper/encendedor-clipper-bulldog-amsterdam.html"
0.219;1;1.11;71151;7200;"Mallas Rosin 25, 90, 120 y 160 Micras Bonglab | Extracción Rosin";11008;2;7990;"Bonglab Papel Para Rosin Tradicional";"rosin bonglab";"https://www.growbaratochile.cl/cosecha-y-secado/-mallas-de-rosin-bonglab.html"
0.218;1;6.99;1443;1000;"Encendedor Clipper varios modelos disponibles";10748;3;6990;"Encendedor Clipper Metálico Matt Black";"encendedor clipper";"https://www.growbaratochile.cl/encendedores-clipper/encendedor-clipper.html"
0.208;1;0.00;3179;4900;"Spinner Carb Cap de Calvo Glass";10555;2;0;"Calvo Glass Insert Fondo Blanco";"calvo glass";"https://www.growbaratochile.cl/bho-extracciones/spinner-carb-cap-calvo-glass-.html"
0.207;1;6.99;1406;1000;"Encendedor Clipper Bulldog Ámsterdam - GB The Green Brand";10748;3;6990;"Encendedor Clipper Metálico Matt Black";"encendedor clipper";"https://www.growbaratochile.cl/encendedores-clipper/encendedor-clipper-bulldog-amsterdam.html"
0.207;1;4.12;542;11700;"Galaxy Stardust cenicero de metal";5733;2;2840;"CENICERO ASH HOLDER GLOW IN THE DARK - GALAXY";"galaxy cenicero";"https://www.growbaratochile.cl/articulos-para-el-fumador/galaxy-stardust.html"
0.206;1;0.00;147;9000;"Porta Pitos - Galaxy【guarda caños】en Growbarato Chile";10739;2;0;"Galaxy Case Contenedor Porta Joint";"porta galaxy";"https://www.growbaratochile.cl/articulos-para-el-fumador/porta-pitos-galaxy.html"
0.205;1;1.02;3179;4900;"Spinner Carb Cap de Calvo Glass";10323;3;4990;"Difusor Calvo Classic 18mm - 14mm - 14cm";"calvo glass";"https://www.growbaratochile.cl/bho-extracciones/spinner-carb-cap-calvo-glass-.html"
0.203;1;1.31;70855;19800;"Classic Ice de Bonglab - Gb The Green Brand";10212;2;25990;"Nectar Collector Tank 14Cm-Bonglab";"ice bonglab";"https://www.growbaratochile.cl/bonglab/classic-ice.html"
0.202;1;2.01;71009;20900;"Zippo Leaf Engraved【barato】en GB The Green Brand✅";10737;2;41990;"Encendedor Zippo Classic High Polish Green";"zippo green";"https://www.growbaratochile.cl/encendedores/zippo-leaf-engraved-.html"
0.199;1;1.37;71008;225900;"Vaporizador Davinci IQ para nuestras flores";10539;4;164990;"Vaporizador DaVinci IQC";"vaporizador davinci";"https://www.growbaratochile.cl/descuento-todos/vaporizador-da-vinci-iq.html"
0.196;1;0.00;1391;25500;"Moledor Cerámico Calvo Glass 63mm【con cierre de neodimio】";10535;2;0;"Calvo Glass Phantom Rig 22cm";"calvo glass";"https://www.growbaratochile.cl/moledores/moledor-ceramico-calvo-glass-63mm.html"
0.196;1;0.00;71214;3600;"Calvo Glass Ruby Pearls para extracciones";10555;2;0;"Calvo Glass Insert Fondo Blanco";"calvo glass";"https://www.growbaratochile.cl/pipas-bongs-y-cachimbas/calvo-glass-ruby-pearls.html"
0.193;1;1.39;71214;3600;"Calvo Glass Ruby Pearls para extracciones";10323;3;4990;"Difusor Calvo Classic 18mm - 14mm - 14cm";"calvo glass";"https://www.growbaratochile.cl/pipas-bongs-y-cachimbas/calvo-glass-ruby-pearls.html"
0.183;1;1.14;1420;17600;"Bong R2 Bonglab 17cm - Una experiencia de fumado excepcional";10209;2;19990;"BongLab Nectar Collector Mini 17cm";"bonglab 17cm";"https://www.growbaratochile.cl/bonglab/bong-r2-bonglab-17cm.html"
0.179;1;8.51;71226;76500;"Vaporizador Switch Airistech - GB The Green Brand";10886;3;8990;"Airistech Boquilla Glass Herbva 5G";"vaporizador airistech";"https://www.growbaratochile.cl/vaporizadores/vaporizador-switch-airistech.html"
0.176;1;1.11;71151;7200;"Mallas Rosin 25, 90, 120 y 160 Micras Bonglab | Extracción Rosin";10158;2;7990;"Purify Carbon Activado 120Gr-Bonglab";"120 bonglab";"https://www.growbaratochile.cl/cosecha-y-secado/-mallas-de-rosin-bonglab.html"
0.174;1;2.47;71226;76500;"Vaporizador Switch Airistech - GB The Green Brand";10992;3;30990;"Airistech Herbva 5G";"vaporizador airistech";"https://www.growbaratochile.cl/vaporizadores/vaporizador-switch-airistech.html"
0.172;1;0.00;1391;25500;"Moledor Cerámico Calvo Glass 63mm【con cierre de neodimio】";10555;2;0;"Calvo Glass Insert Fondo Blanco";"calvo glass";"https://www.growbaratochile.cl/moledores/moledor-ceramico-calvo-glass-63mm.html"
0.170;1;2.00;11585;18000;"PieceMaker Gear Kolt | Bong Flexible y Ergonómico";11086;2;35994;"PieceMaker Bong K9 Kannimals Silicona";"piecemaker bong";"https://www.growbaratochile.cl/bongs-de-silicona/piece-maker-gear-kolt.html"
0.167;1;1.01;71008;225900;"Vaporizador Davinci IQ para nuestras flores";9244;3;228743;"Vaporizador Da Vinci Iq3 (Onyx/Blue/Purple/Grey)";"vaporizador davinci";"https://www.growbaratochile.cl/descuento-todos/vaporizador-da-vinci-iq.html"
0.549;0;1.35;70896;10800;"Malla SCROG Kanovi 14x14 cm";10778;2;7990;"Malla Scrog Kasvi";"malla scrog";"https://www.growbaratochile.cl/herramientas-accesorios/malla-scrog-14-x-14-cm.html"
0.530;0;1.86;11425;13400;"Papelillos de oro 24K y cáñamo industrial";10997;2;24990;"Shine 2 Papelillos de Oro 24K 1 1/4";"papelillos oro 24k";"https://www.growbaratochile.cl/papelillos/papelillos-de-oro-24k.html"
0.529;0;2.11;559;4500;"Boquillas de filtro de carbón activo Konik 6mm ActiTube";10301;2;9490;"Boquillas Carbón Activo Calvo Black 6mm 50 Uds.";"boquillas filtro carbon activo 6mm";"https://www.growbaratochile.cl/articulos-para-el-fumador/filtro-de-carbon-activo-6mm-actitube.html"
0.506;0;1.58;70932;12600;"Malla SCROG 7x7 Cm | GB The Green Brand";10778;2;7990;"Malla Scrog Kasvi";"malla scrog";"https://www.growbaratochile.cl/herramientas-accesorios/malla-scrog-7x7-cm.html"
0.492;0;1.80;2293;8500;"Moledor 55mm Metálico Rosa | Grinder aluminio";5507;2;15291;"Grinder Galaxy Aluminio 55mm";"moledor 55mm rosa grinder aluminio";"https://www.growbaratochile.cl/parafernalia/moledor-aluminio-rosa-55mm.html"
0.469;0;1.11;70914;800;"Kema Papelillos King Size Slim + Filtro | Growbarato";10068;3;890;"Papelillo Pink King Size Slim- Blazy Susan";"papelillos king size slim";"https://www.growbaratochile.cl/papelillos/kema-papel-king-size-slim-filtro.html"
0.467;0;1.62;22;550;"Kema Papelillos King Size Slim Rosado | Growbarato";10068;3;890;"Papelillo Pink King Size Slim- Blazy Susan";"papelillos king size slim";"https://www.growbaratochile.cl/papelillos/kema-papel-king-size-slim-rosado.html"
0.456;0;1.88;559;4500;"Boquillas de filtro de carbón activo Konik 6mm ActiTube";10347;2;2390;"Gizeh Filtro Carbón Activo Coconut 6mm";"boquillas filtro carbon activo 6mm";"https://www.growbaratochile.cl/articulos-para-el-fumador/filtro-de-carbon-activo-6mm-actitube.html"
0.453;0;1.49;3227;1600;"VIBES CONES CUBANO - Conos pre-enrolados";11062;3;2390;"Soulblime 6 Conos Pre-enrolados Pink King Size";"cones conos pre enrolados";"https://www.growbaratochile.cl/papelillos/vibes-cones-box-cubano.html"
0.448;0;1.48;400;600;"Kema Papelillos King Size Slim | GB The Green Brand";10068;3;890;"Papelillo Pink King Size Slim- Blazy Susan";"papelillos king size slim";"https://www.growbaratochile.cl/papelillos/kema-papel-king-size-slim.html"
0.446;0;1.61;70914;800;"Kema Papelillos King Size Slim + Filtro | Growbarato";10272;3;1290;"Papelillos RAW Black King Size Slim - Sabanas";"papelillos king size slim";"https://www.growbaratochile.cl/papelillos/kema-papel-king-size-slim-filtro.html"
0.445;0;2.35;22;550;"Kema Papelillos King Size Slim Rosado | Growbarato";10272;3;1290;"Papelillos RAW Black King Size Slim - Sabanas";"papelillos king size slim";"https://www.growbaratochile.cl/papelillos/kema-papel-king-size-slim-rosado.html"
0.440;0;2.47;2293;8500;"Moledor 55mm Metálico Rosa | Grinder aluminio";11013;2;20990;"Galaxy Moledor Aluminio 63mm Oro Rosa";"moledor rosa aluminio";"https://www.growbaratochile.cl/parafernalia/moledor-aluminio-rosa-55mm.html"
0.431;0;3.33;70917;4500;"Quemador Bowl Macho Azul 14mm - Growbarato";10469;3;14993;"Stündenglass Glass Bowl";"quemador bowl macho";"https://www.growbaratochile.cl/pipas-bongs-y-cachimbas/quemador-bowl-macho-azul-14mm.html"
0.428;0;2.17;154;2300;"Soplete Pequeño | Encendedor de gas recargable portátil";10874;2;4990;"Ronson Soplete Pequeño";"soplete pequeno encendedor";"https://www.growbaratochile.cl/encendedores/soplete-pequeno.html"
0.427;0;2.15;400;600;"Kema Papelillos King Size Slim | GB The Green Brand";10272;3;1290;"Papelillos RAW Black King Size Slim - Sabanas";"papelillos king size slim";"https://www.growbaratochile.cl/papelillos/kema-papel-king-size-slim.html"
0.426;0;4.41;11566;3400;"Quemador Bowl Macho - GB The Green Brand";10469;3;14993;"Stündenglass Glass Bowl";"quemador bowl macho";"https://www.growbaratochile.cl/quemadores-para-bong/quemador-bowl-macho.html"
0.422;0;2.85;71109;54100;"Medidor de pH y humedad del suelo Wassertech";10788;2;18991;"Medidor de pH Kasvi Instruments";"medidor ph";"https://www.growbaratochile.cl/medidores-de-ph-y-ec/medidor-de-ph-y-humedad.html"
0.421;0;0.00;11425;13400;"Papelillos de oro 24K y cáñamo industrial";10995;2;0;"Shine 6 Papeles King Size de Oro 24K";"papelillos oro 24k";"https://www.growbaratochile.cl/papelillos/papelillos-de-oro-24k.html"
0.417;0;3.11;70914;800;"Kema Papelillos King Size Slim + Filtro | Growbarato";10369;2;2490;"OCB Roll Kit Virgin King Size";"papelillos king size slim";"https://www.growbaratochile.cl/papelillos/kema-papel-king-size-slim-filtro.html"
0.415;0;4.53;22;550;"Kema Papelillos King Size Slim Rosado | Growbarato";10369;2;2490;"OCB Roll Kit Virgin King Size";"papelillos king size slim";"https://www.growbaratochile.cl/papelillos/kema-papel-king-size-slim-rosado.html"
0.414;0;1.23;71240;62000;"Humidificador 8L con regulador de potencia";10787;2;75990;"Humidificador Kasvi 8L";"humidificador 8l";"https://www.growbaratochile.cl/humedad-y-temperatura/humidificador-8-litros.html"
0.410;0;1.12;3227;1600;"VIBES CONES CUBANO - Conos pre-enrolados";11064;2;1790;"Soulblime 6 Conos Pre-enrolados Orgánicos 1 1/4";"conos pre enrolados";"https://www.growbaratochile.cl/papelillos/vibes-cones-box-cubano.html"
0.406;0;3.65;71016;600;"Papelillos Brown King Size + Tips Bem Bolado | Papel sin blanquear Chile";10298;2;2190;"OCB Papelillos Rice Sin Blanquear King Size Slim + Tips";"papelillos king size tips blanquear";"https://www.growbaratochile.cl/papelillos/bem-bolado-king-size-tips.html"
0.406;0;1.12;3227;1600;"VIBES CONES CUBANO - Conos pre-enrolados";11063;2;1790;"Soulblime 6 Conos Pre-enrolados Pink 1 1/4";"conos pre enrolados";"https://www.growbaratochile.cl/papelillos/vibes-cones-box-cubano.html"
0.400;0;4.15;400;600;"Kema Papelillos King Size Slim | GB The Green Brand";10369;2;2490;"OCB Roll Kit Virgin King Size";"papelillos king size slim";"https://www.growbaratochile.cl/papelillos/kema-papel-king-size-slim.html"
0.392;0;1.78;70917;4500;"Quemador Bowl Macho Azul 14mm - Growbarato";10296;2;7990;"Bonglab Atrapa cenizas quemador macho 14mm";"quemador macho 14mm";"https://www.growbaratochile.cl/pipas-bongs-y-cachimbas/quemador-bowl-macho-azul-14mm.html"
0.388;0;3.43;70837;17100;"Groove Soplete Spark Torch";10874;2;4990;"Ronson Soplete Pequeño";"soplete torch";"https://www.growbaratochile.cl/articulos-para-el-fumador/groove-soplete-spark-torch.html"
0.385;0;15.01;11425;13400;"Papelillos de oro 24K y cáñamo industrial";10875;2;893;"Papelillos Vibes Cáñamo 1 1/4";"papelillos canamo";"https://www.growbaratochile.cl/papelillos/papelillos-de-oro-24k.html"
0.377;0;0.00;70917;4500;"Quemador Bowl Macho Azul 14mm - Growbarato";11030;2;0;"Bonglab Quemador con Rejilla Macho 14mm Verde";"quemador macho 14mm";"https://www.growbaratochile.cl/pipas-bongs-y-cachimbas/quemador-bowl-macho-azul-14mm.html"
0.377;0;5.53;71001;276300;"Pax 3 - Basic Kit┃ Vaporizador para hierba seca y concentrados";10642;3;49990;"Yocan Vaporizador Vane";"vaporizador hierba seca";"https://www.growbaratochile.cl/vaporizadores/pax-3-basic-kit.html"
0.376;0;1.50;71205;1500;"Blunt Hemp Zone de varios colores y sabores";11018;2;1000;"Soulblime Blunt Hemp Wraps Chocomint";"blunt hemp sabores";"https://www.growbaratochile.cl/papelillos/blunt-hemp-zone.html"
0.375;0;0.00;71082;5400;"Mi Resina Clean 710 para limpieza de banger";5802;1;0;"Limpiador De Resina 250Ml Formula Secreta 710";"resina 710";"https://www.growbaratochile.cl/pipas-bongs-y-cachimbas/mi-resina-clean-710.html"
0.375;0;1.74;71100;4600;"Papel Rosin Antiadherente Dabstuffs - GB The Green Brand";11008;2;7990;"Bonglab Papel Para Rosin Tradicional";"papel rosin";"https://www.growbaratochile.cl/cosecha-y-secado/dabstuffs-papel-de-rosin-antiadherente.html"
0.371;0;1.13;559;4500;"Boquillas de filtro de carbón activo Konik 6mm ActiTube";10418;2;3990;"OCB Activ'Tips Slim Carbón Activo 7mm 10u";"boquillas filtro carbon activo";"https://www.growbaratochile.cl/articulos-para-el-fumador/filtro-de-carbon-activo-6mm-actitube.html"
0.370;0;1.39;71285;17100;"Ventilador Clip Fan 15cm 5W Garden HighPro | Growbarato Chile";10786;2;23741;"Ventilador Clip Fan Oscilante Kasvi 20W";"ventilador clip fan";"https://www.growbaratochile.cl/humedad-y-temperatura/ventilador-garden-highpro.html"
0.363;0;1.48;2293;8500;"Moledor 55mm Metálico Rosa | Grinder aluminio";5512;2;12591;"Grinder Galaxy Aluminio 38mm";"moledor rosa grinder aluminio";"https://www.growbaratochile.cl/parafernalia/moledor-aluminio-rosa-55mm.html"
0.359;0;3.66;70918;4100;"Quemador Macho Bowl Colors 10mm - Growbarato Chile";10469;3;14993;"Stündenglass Glass Bowl";"quemador macho bowl";"https://www.growbaratochile.cl/pipas-bongs-y-cachimbas/quemador-macho-bowl-colors-10mm.html"
0.356;0;1.22;3186;8500;"Moledor Metálico Tornasol, práctico y visual";10746;2;6990;"Encendedor Clipper Metálico Icy";"metalico tornasol";"https://www.growbaratochile.cl/moledores/moledor-metalico-tornasol.html"
0.355;0;2.82;71016;600;"Papelillos Brown King Size + Tips Bem Bolado | Papel sin blanquear Chile";10352;2;1690;"OCB Rice King Size Slim";"papelillos king size blanquear";"https://www.growbaratochile.cl/papelillos/bem-bolado-king-size-tips.html"
0.350;0;2.16;71295;3700;"Papel Rosin Rollo Mi | Papel resistente para extracción Rosin – Chile";11008;2;7990;"Bonglab Papel Para Rosin Tradicional";"papel rosin";"https://www.growbaratochile.cl/productos-mi/papel-rosin-rollo-mi.html"
0.348;0;0.00;3142;21000;"Nectar Collector Bong de Silicona con quemador de vidrio";10213;2;0;"Nectar Collector Torp 18Cm-Bonglab";"nectar collector";"https://www.growbaratochile.cl/pipas-bongs-y-cachimbas/nectar-collector-bong-de-silicona.html"
0.347;0;1409.97;308;300;"OCB Filtro de Carbón Activo - GB The Green Brand";10829;2;422991;"Filtro de Carbón Activado Kasvi 315x1200mm";"filtro carbon activo";"https://www.growbaratochile.cl/parafernalia/ocb-filtro-de-carbon-activo.html"
0.347;0;8.03;70954;2800;"Banger Macho 18mm - GB The Green Brand";10475;3;22491;"Bonglab Spinner Kit Banger 14mm";"banger macho";"https://www.growbaratochile.cl/bangers/banger-macho-18mm.html"
0.346;0;4.28;1404;3500;"Quemador Bowl Macho 18mm Colores Surtidos | Bowl para Bong Chile";10469;3;14993;"Stündenglass Glass Bowl";"quemador bowl macho";"https://www.growbaratochile.cl/smartshop/quemador-bowl-macho-18mm-colores.html"
0.346;0;1.55;1368;3700;"Filtros de Carbón Activo Extra Slim Full Flavor 6mm ActiTube";10347;2;2390;"Gizeh Filtro Carbón Activo Coconut 6mm";"filtros carbon activo 6mm";"https://www.growbaratochile.cl/articulos-para-el-fumador/boquillas-de-carbon-activo-extra-slim-full-flavor-6mm-actitube.html"
0.346;0;2.22;71176;3600;"Papel Rosin Express Mi | Papel resistente para extracción Rosin – Chile";11008;2;7990;"Bonglab Papel Para Rosin Tradicional";"papel rosin";"https://www.growbaratochile.cl/productos-mi/papel-rosin-express-mi.html"
0.345;0;1.40;1404;3500;"Quemador Bowl Macho 18mm Colores Surtidos | Bowl para Bong Chile";11009;2;4890;"Bonglab Quemador Perlas Macho 18mm Turquesa";"quemador macho 18mm";"https://www.growbaratochile.cl/smartshop/quemador-bowl-macho-18mm-colores.html"
0.345;0;6.66;22156;1800;"Cajita Metálica SoulBlime varios diseños";5966;2;11990;"Set Cajita Metálica RAW Starter Box 1 1/4 | PIRANHA";"cajita metalica";"https://www.growbaratochile.cl/soulblime/cajita-metalica-soulblime.html"
0.343;0;0.00;70954;2800;"Banger Macho 18mm - GB The Green Brand";10477;2;0;"Bonglab Round Kit Banger 14mm";"banger macho";"https://www.growbaratochile.cl/bangers/banger-macho-18mm.html"
0.340;0;1.92;11567;1300;"RAW Pre Rolled Tips de RAW filtros de calidad";11014;2;2500;"OCB Virgin Rolled Tips";"rolled tips";"https://www.growbaratochile.cl/articulos-para-el-fumador/raw-pre-rolled-tips.html"
0.338;0;8.03;70954;2800;"Banger Macho 18mm - GB The Green Brand";10474;3;22491;"Bonglab Screw Kit Banger 14mm";"banger macho";"https://www.growbaratochile.cl/bangers/banger-macho-18mm.html"
0.331;0;0.00;71136;500;"Filtros de cartón GB 50 hojas";11046;2;0;"OCB Boquillas Filtro de Carbón Activado 50 uds.";"filtros 50";"https://www.growbaratochile.cl/articulos-para-el-fumador/filtros-de-carton-gb.html"
0.324;0;1.26;155;5500;"Difusor Pyrex Glass 14 mm para bong- GB The Green Brand";10375;2;6951;"Calvo Glass Difusor Premium 14mm";"difusor glass green";"https://www.growbaratochile.cl/articulos-para-el-fumador/difusor-pyrex-glass-14-mm.html"
0.323;0;4.00;71234;12500;"Heavy Pill Cabo para hierba seca";10642;3;49990;"Yocan Vaporizador Vane";"hierba seca";"https://www.growbaratochile.cl/cabo/heavy-pill-cabo.html"
0.322;0;2.50;11495;300;"Bem Bolado Pop Large 1 1/4 | Papelillo natural";10299;2;750;"LRC Papelillos Unbleached 1 1/4";"papelillo natural";"https://www.growbaratochile.cl/papelillos/bem-bolado-1-14.html"
0.319;0;3.74;1368;3700;"Filtros de Carbón Activo Extra Slim Full Flavor 6mm ActiTube";5719;2;990;"Filtros Gizeh Slim Rojo con pegamento (120+30) 6mm";"filtros extra slim 6mm";"https://www.growbaratochile.cl/articulos-para-el-fumador/boquillas-de-carbon-activo-extra-slim-full-flavor-6mm-actitube.html"
0.317;0;1.76;11566;3400;"Quemador Bowl Macho - GB The Green Brand";10297;2;5990;"Bonglab Quemador Macho 18mm";"quemador macho green";"https://www.growbaratochile.cl/quemadores-para-bong/quemador-bowl-macho.html"
0.315;0;2.52;3142;21000;"Nectar Collector Bong de Silicona con quemador de vidrio";10857;2;52990;"Yocan DYNO Nectar Collector Digital";"nectar collector";"https://www.growbaratochile.cl/pipas-bongs-y-cachimbas/nectar-collector-bong-de-silicona.html"
0.314;0;1.54;71193;32400;"Bong Perc Spiral ➡️ Hierba seca y concentrados";10642;3;49990;"Yocan Vaporizador Vane";"hierba seca";"https://www.growbaratochile.cl/bongs-de-pyrex/bong-perc-spiral.html"
0.311;0;2.54;11521;16500;"Bong Pyrex Cobra Tornasol | Diseño Compacto y Elegante";10461;2;41990;"Bonglab Cobra Rig Kit Extractos";"bong cobra";"https://www.growbaratochile.cl/pipas-bongs-y-cachimbas/bong-pyrex-cobra.html"
0.310;0;4.98;71016;600;"Papelillos Brown King Size + Tips Bem Bolado | Papel sin blanquear Chile";10187;2;2990;"Futurola x Mike Tyson King Size + Tips";"papelillos king size tips";"https://www.growbaratochile.cl/papelillos/bem-bolado-king-size-tips.html"
0.309;0;2.22;71254;8100;"Pipa Bubbler con percolador incluido";11053;2;17990;"MJ Arsenal The Martian Blunt Bubbler";"pipa bubbler";"https://www.growbaratochile.cl/pipas-bongs-y-cachimbas/pipa-bubbler.html"
0.308;0;0.00;70795;22500;"Bong Rig Wax Set | Dab Rig de Vidrio con Percolador Shower Calvo Glass";10637;2;0;"Mushroom Implosion Rig 30cm";"bong rig calvo glass";"https://www.growbaratochile.cl/parafernalia/wax-set-bubble-rig-banger-carb-cap-calvo-glass-.html"
0.308;0;1.89;3142;21000;"Nectar Collector Bong de Silicona con quemador de vidrio";10451;2;39591;"Hemper Vapor Station Bubbler + Nectar Collector";"nectar collector";"https://www.growbaratochile.cl/pipas-bongs-y-cachimbas/nectar-collector-bong-de-silicona.html"
0.307;0;4.33;1418;3000;"Cenicero Redondo De Silicona GB The Green Brand";10371;2;12990;"Blazy Susan Cenicero de Silicona";"cenicero silicona";"https://www.growbaratochile.cl/articulos-para-el-fumador/cenicero-redondo-de-silicona-gb.html"
0.307;0;3.70;71254;8100;"Pipa Bubbler con percolador incluido";11054;2;29990;"MJ Arsenal The Dubbler Blunt Bubbler";"pipa bubbler";"https://www.growbaratochile.cl/pipas-bongs-y-cachimbas/pipa-bubbler.html"
0.306;0;33.02;70988;42600;"Can Filters Filtros de carbón de plástico";11066;2;1290;"Soulblime Filtros Slim Chocolate 6mm 150u";"filters filtros";"https://www.growbaratochile.cl/filtros-de-carbon/filtro-carbon-antiolor-can-filter-plastico.html"
0.305;0;0.00;71046;16500;"Nectar Collector de Silicona para Extracciones - GB The Green Brand";10213;2;0;"Nectar Collector Torp 18Cm-Bonglab";"nectar collector";"https://www.growbaratochile.cl/bho-extracciones/nectar-collector-de-silicona.html"
0.304;0;7.47;102893;396000;"Volcano Classic y Digital Vaporizador";10857;2;52990;"Yocan DYNO Nectar Collector Digital";"digital vaporizador";"https://www.growbaratochile.cl/vaporizadores-storz-bickel/volcano-classic.html"
0.302;0;33.02;70988;42600;"Can Filters Filtros de carbón de plástico";11067;2;1290;"Soulblime Filtros Slim Menthol 6mm 150u";"filters filtros";"https://www.growbaratochile.cl/filtros-de-carbon/filtro-carbon-antiolor-can-filter-plastico.html"
0.300;0;2.56;1368;3700;"Filtros de Carbón Activo Extra Slim Full Flavor 6mm ActiTube";10301;2;9490;"Boquillas Carbón Activo Calvo Black 6mm 50 Uds.";"carbon activo 6mm";"https://www.growbaratochile.cl/articulos-para-el-fumador/boquillas-de-carbon-activo-extra-slim-full-flavor-6mm-actitube.html"
0.299;0;0.00;71159;62100;"Pro Active Filtros de carbón de coco";11046;2;0;"OCB Boquillas Filtro de Carbón Activado 50 uds.";"filtros carbon";"https://www.growbaratochile.cl/filtros-de-carbon/filtro-carbon-pro-active.html"
0.299;0;33.02;70988;42600;"Can Filters Filtros de carbón de plástico";11065;2;1290;"Soulblime Filtros Slim Berrymint 6mm 150u";"filters filtros";"https://www.growbaratochile.cl/filtros-de-carbon/filtro-carbon-antiolor-can-filter-plastico.html"
0.297;0;0.00;3139;17600;"Bong Tie-Dye de Silicona con material de alta durabilidad";10292;2;0;"BongLab Contenedor Re:Stash 4oz";"tie dye";"https://www.growbaratochile.cl/pipas-bongs-y-cachimbas/bong-tie-dye-de-silicona.html"
0.295;0;5.53;71001;276300;"Pax 3 - Basic Kit┃ Vaporizador para hierba seca y concentrados";10679;4;49990;"Yocan Vaporizador Vane 2";"vaporizador hierba seca";"https://www.growbaratochile.cl/vaporizadores/pax-3-basic-kit.html"
0.293;0;3.45;71001;276300;"Pax 3 - Basic Kit┃ Vaporizador para hierba seca y concentrados";10545;3;79990;"Weecke Vaporizador Rush";"vaporizador hierba";"https://www.growbaratochile.cl/vaporizadores/pax-3-basic-kit.html"
0.291;0;7.05;3185;1700;"Moledor de plástico para triturar marihuana";5794;2;11990;"MOLEDOR PLASTICO REFORZADO XL-STORZ & BICKEL";"moledor plastico";"https://www.growbaratochile.cl/moledores/grinder-de-plastico.html"
0.288;0;1.08;399;2700;"Papelillos En Rollo + Filtros De Cartón GB";10253;2;2490;"OCB Papelillos en Rollo Ultimate Slim 4mts";"papelillos rollo";"https://www.growbaratochile.cl/papelillos/papelillos-en-rollo-filtros-de-carton-gb.html"
0.287;0;0.00;3165;500;"Papelillos Rolling Amsterdam Pink 1.1/4 - GB The Green Brand";10184;2;0;"Blazy Susan Deluxe Rolling Kit Pink 1 1/4";"rolling pink";"https://www.growbaratochile.cl/papelillos/papelillos-rolling-amsterdam-pink-114.html"
0.286;0;1.38;22156;1800;"Cajita Metálica SoulBlime varios diseños";10853;3;2490;"RAW Cajita Metálica para Pre-Enrolados 1 1/4";"cajita metalica";"https://www.growbaratochile.cl/soulblime/cajita-metalica-soulblime.html"
0.286;0;0.00;3139;17600;"Bong Tie-Dye de Silicona con material de alta durabilidad";10294;2;0;"BongLab Contenedor Re:Stash 12oz";"tie dye";"https://www.growbaratochile.cl/pipas-bongs-y-cachimbas/bong-tie-dye-de-silicona.html"
0.284;0;4.65;1418;3000;"Cenicero Redondo De Silicona GB The Green Brand";5731;3;13941;"Blazy Susan Cenicero Deluxe";"cenicero silicona green";"https://www.growbaratochile.cl/articulos-para-el-fumador/cenicero-redondo-de-silicona-gb.html"
0.283;0;1.68;71026;25200;"Bong Plátano De Silicona GB con quemador de vidrio de 14 mm.";10469;3;14993;"Stündenglass Glass Bowl";"quemador 14";"https://www.growbaratochile.cl/pipas-bongs-y-cachimbas/bong-platano-de-silicona-gb.html"
0.283;0;3.31;3143;19800;"Bong de Silicona Baby Yoda";11041;2;5990;"Pulsar Adaptador de Silicona para Cartridges";"bong silicona";"https://www.growbaratochile.cl/pipas-de-agua/bong-de-silicona-baby-yoda.html"
0.282;0;5.41;71142;37800;"Bandeja cuadrada grande varias medidas";10464;3;6990;"Bandeja RAW Zombie Grande";"bandeja grande";"https://www.growbaratochile.cl/bandejas/bandeja-de-cultivo-grande.html"
0.282;0;2.36;71210;59000;"Rig Recycler Curvas Rosa y Morado | Dab Rig Recycler Premium";10487;3;24990;"Bonglab Bong Saucer Rig 13cm";"rig rosa morado";"https://www.growbaratochile.cl/parafernalia/rig-recycler-curvas.html"
0.281;0;3.20;71234;12500;"Heavy Pill Cabo para hierba seca";10414;3;39990;"Focus V Atomizador Intelli-Core para Hierba Carta 2";"hierba seca";"https://www.growbaratochile.cl/cabo/heavy-pill-cabo.html"
0.280;0;1.44;11531;10100;"Super Dab Cleaner Eco | Limpiador de bongs";10200;3;6990;"Limpiador Parafernalia Silicona Thievery 250Ml";"cleaner limpiador";"https://www.growbaratochile.cl/bho-extracciones/super-dab-cleaner-eco.html"
0.280;0;3.78;11599;500;"Rolling Tips de Hornet de cáñamo y algodón";5471;3;1890;"Papelillos OCB Cañamo Orgánico 1 1/4 + Tips";"tips canamo";"https://www.growbaratochile.cl/articulos-para-el-fumador/hornet-rolling-tips.html"
0.279;0;3.21;71046;16500;"Nectar Collector de Silicona para Extracciones - GB The Green Brand";10857;2;52990;"Yocan DYNO Nectar Collector Digital";"nectar collector";"https://www.growbaratochile.cl/bho-extracciones/nectar-collector-de-silicona.html"
0.279;0;3.37;11531;10100;"Super Dab Cleaner Eco | Limpiador de bongs";5801;2;2994;"Kit limpiador de bongs Fórmula Secreta 420 250mL";"limpiador bongs";"https://www.growbaratochile.cl/bho-extracciones/super-dab-cleaner-eco.html"
0.279;0;1.05;71170;6300;"Quemador Bong Doble Waxmaid de silicona";11041;2;5990;"Pulsar Adaptador de Silicona para Cartridges";"bong silicona";"https://www.growbaratochile.cl/pipas-bongs-y-cachimbas/quemador-bong-doble-waxmaid.html"
0.279;0;1.71;1404;3500;"Quemador Bowl Macho 18mm Colores Surtidos | Bowl para Bong Chile";10297;2;5990;"Bonglab Quemador Macho 18mm";"quemador macho 18mm";"https://www.growbaratochile.cl/smartshop/quemador-bowl-macho-18mm-colores.html"
0.279;0;1.12;71205;1500;"Blunt Hemp Zone de varios colores y sabores";10733;2;1341;"Lion Rolling Circus Hemp Wraps Terpenes Gelato x2";"blunt hemp sabores";"https://www.growbaratochile.cl/papelillos/blunt-hemp-zone.html"
0.279;0;2.54;2326;15200;"Bong Vaso De Helado De Silicona";11041;2;5990;"Pulsar Adaptador de Silicona para Cartridges";"bong silicona";"https://www.growbaratochile.cl/pipas-bongs-y-cachimbas/bong-vaso-de-helado-de-silicona.html"
0.278;0;1.41;1426;700;"Encendedor Ronson Electrolite【recargable】";10307;2;990;"Encendedor Clipper Onis 1";"encendedor recargable";"https://www.growbaratochile.cl/encendedores-ronson/encendedor-ronson-electrolite.html"
0.278;0;1.41;1426;700;"Encendedor Ronson Electrolite【recargable】";10576;2;990;"Encendedor Clipper Shinobis";"encendedor recargable";"https://www.growbaratochile.cl/encendedores-ronson/encendedor-ronson-electrolite.html"
0.278;0;1.26;1394;159000;"Kit de Inicio Vaporizador Dynavap M7 | Todo en 1 sin batería";10862;2;199990;"PAX Plus Starter Kit";"inicio vaporizador";"https://www.growbaratochile.cl/vaporizadores/kit-de-inicio-vaporizador-dynavap-the-m7.html"
0.277;0;49.99;11592;700;"Encendedor Monster Ronson【llama regulable】";10754;2;34990;"Special Blue Soplete Monster Pro Doble Llama";"monster llama";"https://www.growbaratochile.cl/encendedores/encededor-monster-ronson.html"
0.275;0;1.23;71193;32400;"Bong Perc Spiral ➡️ Hierba seca y concentrados";10414;3;39990;"Focus V Atomizador Intelli-Core para Hierba Carta 2";"hierba seca";"https://www.growbaratochile.cl/bongs-de-pyrex/bong-perc-spiral.html"
0.274;0;2.40;71046;16500;"Nectar Collector de Silicona para Extracciones - GB The Green Brand";10451;2;39591;"Hemper Vapor Station Bubbler + Nectar Collector";"nectar collector";"https://www.growbaratochile.cl/bho-extracciones/nectar-collector-de-silicona.html"
0.274;0;1.33;71205;1500;"Blunt Hemp Zone de varios colores y sabores";10557;2;1990;"G-Rollz Blunt Pre-Rolled Hemp Wrap x2";"blunt hemp sabores";"https://www.growbaratochile.cl/papelillos/blunt-hemp-zone.html"
0.272;0;1.18;399;2700;"Papelillos En Rollo + Filtros De Cartón GB";10356;2;2290;"OCB Rolls Cañamo Orgánico Slim";"papelillos rollo";"https://www.growbaratochile.cl/papelillos/papelillos-en-rollo-filtros-de-carton-gb.html"
0.272;0;0.00;71216;14700;"Quemador Bubble de vidrio【pyrex】para bong";11030;2;0;"Bonglab Quemador con Rejilla Macho 14mm Verde";"quemador pyrex";"https://www.growbaratochile.cl/pipas-bongs-y-cachimbas/quemador-bubble-.html"
0.271;0;1.06;71252;4000;"Difusor Redondo 12cm de silicona alimenticia";10401;2;3790;"Difusor Bonglab Logo Negro 14mm 12cm";"difusor 12cm";"https://www.growbaratochile.cl/pipas-bongs-y-cachimbas/difusor-redondo.html"
0.270;0;1.03;70918;4100;"Quemador Macho Bowl Colors 10mm - Growbarato Chile";10259;3;3990;"Bonglab Quemador Simple Macho 10mm";"quemador macho 10mm";"https://www.growbaratochile.cl/pipas-bongs-y-cachimbas/quemador-macho-bowl-colors-10mm.html"
0.270;0;2.73;155;5500;"Difusor Pyrex Glass 14 mm para bong- GB The Green Brand";10469;3;14993;"Stündenglass Glass Bowl";"glass 14";"https://www.growbaratochile.cl/articulos-para-el-fumador/difusor-pyrex-glass-14-mm.html"
0.270;0;14.81;71124;2700;"Pipa Pyrex Dmt para hierbas secas- GB The Green Brand";10414;3;39990;"Focus V Atomizador Intelli-Core para Hierba Carta 2";"hierbas secas";"https://www.growbaratochile.cl/pipas/pipa-pyrex-dmt.html"
0.269;0;1.11;11472;16200;"V12 Miny Twisty Blunt Bubbler Kit Pipa Fumar - GB The Green Brand";11053;2;17990;"MJ Arsenal The Martian Blunt Bubbler";"blunt bubbler pipa";"https://www.growbaratochile.cl/pipas-bongs-y-cachimbas/v12-mini-twisty-blunt-bubbler-kit.html"
0.268;0;1.85;11472;16200;"V12 Miny Twisty Blunt Bubbler Kit Pipa Fumar - GB The Green Brand";11054;2;29990;"MJ Arsenal The Dubbler Blunt Bubbler";"blunt bubbler pipa";"https://www.growbaratochile.cl/pipas-bongs-y-cachimbas/v12-mini-twisty-blunt-bubbler-kit.html"
0.268;0;1.09;11531;10100;"Super Dab Cleaner Eco | Limpiador de bongs";10247;2;10990;"Bonglab Limpiador Glass Cleaner 500 ml";"cleaner limpiador";"https://www.growbaratochile.cl/bho-extracciones/super-dab-cleaner-eco.html"
0.267;0;0.00;71026;25200;"Bong Plátano De Silicona GB con quemador de vidrio de 14 mm.";10258;2;0;"Quemador Pro 14 Mm-Bonglab";"quemador 14";"https://www.growbaratochile.cl/pipas-bongs-y-cachimbas/bong-platano-de-silicona-gb.html"
0.266;0;2.00;2308;2500;"Difusor con Quemador 14mm | Accesorio de vidrio para bongs";10323;3;4990;"Difusor Calvo Classic 18mm - 14mm - 14cm";"difusor 14mm";"https://www.growbaratochile.cl/quemadores-para-bong/difusor-con-quemador-14mm.html"
0.265;0;1.44;11566;3400;"Quemador Bowl Macho - GB The Green Brand";11009;2;4890;"Bonglab Quemador Perlas Macho 18mm Turquesa";"quemador macho";"https://www.growbaratochile.cl/quemadores-para-bong/quemador-bowl-macho.html"
0.265;0;1.94;22156;1800;"Cajita Metálica SoulBlime varios diseños";10513;2;3490;"Cajita Cigarrera Metálica RAW Tapa Deslizante";"cajita metalica";"https://www.growbaratochile.cl/soulblime/cajita-metalica-soulblime.html"
0.263;0;2.44;8639;27900;"Kwack Pipa Pato de Goma para fumar en el agua";10550;2;67992;"Puffco Cupsy Pipa de Agua";"pipa agua";"https://www.growbaratochile.cl/pipas-de-agua/pipa-de-goma.html"
0.262;0;0.00;71165;18200;"Bong Baker 20cm Secret Smoke Azul y Rosa | Bong de Vidrio Compacto";10216;2;0;"Rig Four Horn-Calvo Glass";"bong 20cm azul";"https://www.growbaratochile.cl/parafernalia/bong-baker-secret-smoker.html"
0.261;0;1.45;155;5500;"Difusor Pyrex Glass 14 mm para bong- GB The Green Brand";10401;2;3790;"Difusor Bonglab Logo Negro 14mm 12cm";"difusor 14";"https://www.growbaratochile.cl/articulos-para-el-fumador/difusor-pyrex-glass-14-mm.html"
0.261;0;2.22;2328;30600;"Waxmaid 7.87 Fountain Silicone Glass Water Pipe | Bong de Silicona y Vidrio";10550;2;67992;"Puffco Cupsy Pipa de Agua";"water pipe";"https://www.growbaratochile.cl/pipas-bongs-y-cachimbas/waxmaid-787-fountain-silicone-glass-water.html"
0.260;0;11.10;71061;900;"Contenedor hermético OZeta - GB The Green Brand";10524;2;9990;"Smokus Focus Contenedor Hermético con Lupa Comet";"contenedor hermetico";"https://www.growbaratochile.cl/ozeta/contenedor-hermetico-ozeta.html"
0.260;0;1.41;11396;1400;"Celulosa 1 1/4 + Tips Baked Bunny | Papelillos Transparentes Rosados";10370;3;990;"C-Thru Papelillo Celulosa Transparente 1 1/4";"celulosa papelillos";"https://www.growbaratochile.cl/parafernalia/papelillo-celulosa-tips-1-14-baked-bunny.html"
0.259;0;1.58;3165;500;"Papelillos Rolling Amsterdam Pink 1.1/4 - GB The Green Brand";10067;3;790;"Papelillo Pink 1 1/4 1Und-Blazy Susan";"papelillos pink";"https://www.growbaratochile.cl/papelillos/papelillos-rolling-amsterdam-pink-114.html"
0.259;0;6.10;70918;4100;"Quemador Macho Bowl Colors 10mm - Growbarato Chile";10106;2;24990;"Calvo Glass Banger Full Weld Regular Macho 10mm";"macho 10mm";"https://www.growbaratochile.cl/pipas-bongs-y-cachimbas/quemador-macho-bowl-colors-10mm.html"
0.258;0;1.11;11595;1100;"Papelillos Khemo Orgánico Long gran tamaño";10868;2;990;"RAW Organic Hemp 1 1/4";"papelillos organico";"https://www.growbaratochile.cl/papelillos/papel-organico-largo.html"
0.258;0;1.49;70646;14100;"Moledor Aluminio Engranaje 63 mm 4 Partes";11013;2;20990;"Galaxy Moledor Aluminio 63mm Oro Rosa";"moledor aluminio";"https://www.growbaratochile.cl/moledores/moledor-aluminio-engranaje-63-mm-4-partes.html"
0.257;0;2.32;154;2300;"Soplete Pequeño | Encendedor de gas recargable portátil";10307;2;990;"Encendedor Clipper Onis 1";"encendedor recargable";"https://www.growbaratochile.cl/encendedores/soplete-pequeno.html"
0.257;0;2.32;154;2300;"Soplete Pequeño | Encendedor de gas recargable portátil";10576;2;990;"Encendedor Clipper Shinobis";"encendedor recargable";"https://www.growbaratochile.cl/encendedores/soplete-pequeno.html"
0.256;0;1.51;71312;3600;"Pre-Rolled Cones GB The Green Brand";11062;3;2390;"Soulblime 6 Conos Pre-enrolados Pink King Size";"pre cones";"https://www.growbaratochile.cl/papelillos/pre-rolled-cones-gb.html"
0.256;0;0.00;3139;17600;"Bong Tie-Dye de Silicona con material de alta durabilidad";10295;2;0;"BongLab Contenedor Re:Stash 16oz";"tie dye";"https://www.growbaratochile.cl/pipas-bongs-y-cachimbas/bong-tie-dye-de-silicona.html"
0.255;0;1.01;1396;1000;"Encendedor De Cocina - Ronson Pequeño【 Recargable 】";10307;2;990;"Encendedor Clipper Onis 1";"encendedor recargable";"https://www.growbaratochile.cl/encendedores-ronson/encendedor-de-cocina-ronson-pequeno.html"
0.255;0;1.01;1396;1000;"Encendedor De Cocina - Ronson Pequeño【 Recargable 】";10576;2;990;"Encendedor Clipper Shinobis";"encendedor recargable";"https://www.growbaratochile.cl/encendedores-ronson/encendedor-de-cocina-ronson-pequeno.html"
0.254;0;1.39;70947;3600;"Quemador Hembra Glass 19 mm┃Growbarato Chile";10363;2;4990;"Bonglab Quemador Hembra 14mm";"quemador hembra";"https://www.growbaratochile.cl/pipas-bongs-y-cachimbas/quemador-hembra-glass-19mm.html"
0.254;0;1.06;71252;4000;"Difusor Redondo 12cm de silicona alimenticia";10359;3;3790;"Bonglab Difusor Logo 14mm Morado";"difusor 12cm";"https://www.growbaratochile.cl/pipas-bongs-y-cachimbas/difusor-redondo.html"
0.248;0;16.19;70931;2100;"Contenedor Pyrex Cuadrado 5ml | Frasco para Extractos Wax y Rosin";11040;2;33990;"Pulsar Moledor Contenedor Wax/Hierba 61mm";"contenedor wax";"https://www.growbaratochile.cl/cosecha-y-secado/contenedor-extraccion-cuadrado-5ml.html"
0.246;0;2.69;70929;2600;"Iso Alcohol 99%【desinfectante y limpiador】 50ml - Thievery";10200;3;6990;"Limpiador Parafernalia Silicona Thievery 250Ml";"limpiador thievery";"https://www.growbaratochile.cl/bho-extracciones/iso-alcohol-99-30ml.html"
0.246;0;1.54;71193;32400;"Bong Perc Spiral ➡️ Hierba seca y concentrados";10679;4;49990;"Yocan Vaporizador Vane 2";"hierba seca";"https://www.growbaratochile.cl/bongs-de-pyrex/bong-perc-spiral.html"
0.245;0;2.12;70855;19800;"Classic Ice de Bonglab - Gb The Green Brand";10737;2;41990;"Encendedor Zippo Classic High Polish Green";"classic green";"https://www.growbaratochile.cl/bonglab/classic-ice.html"
0.245;0;16.19;70911;2100;"Contenedor Pyrex Circular 5ml | Frasco Hermético para Wax y Rosin";11040;2;33990;"Pulsar Moledor Contenedor Wax/Hierba 61mm";"contenedor wax";"https://www.growbaratochile.cl/cosecha-y-secado/contenedor-extraccion-circular-negro-5ml.html"
0.245;0;1.81;71312;3600;"Pre-Rolled Cones GB The Green Brand";10557;2;1990;"G-Rollz Blunt Pre-Rolled Hemp Wrap x2";"pre rolled";"https://www.growbaratochile.cl/papelillos/pre-rolled-cones-gb.html"
0.244;0;0.00;71272;1100;"Boquillas Bem Bolado Hiper Large | Filtros en Chile";11046;2;0;"OCB Boquillas Filtro de Carbón Activado 50 uds.";"boquillas filtros";"https://www.growbaratochile.cl/papelillos/bem-bolado-piteira-hl.html"
0.243;0;1.31;3186;8500;"Moledor Metálico Tornasol, práctico y visual";5726;3;6490;"Encendedor Clipper Metálico Jungle Leaf";"metalico tornasol";"https://www.growbaratochile.cl/moledores/moledor-metalico-tornasol.html"
0.243;0;1.96;1408;7100;"Cenicero Cuadrado de Silicona GB The Green Brand para Conos y Cigarros";5731;3;13941;"Blazy Susan Cenicero Deluxe";"cenicero silicona green";"https://www.growbaratochile.cl/articulos-para-el-fumador/cenicero-cuadrado-de-silicona-gb.html"
0.243;0;2.78;2308;2500;"Difusor con Quemador 14mm | Accesorio de vidrio para bongs";10375;2;6951;"Calvo Glass Difusor Premium 14mm";"difusor 14mm";"https://www.growbaratochile.cl/quemadores-para-bong/difusor-con-quemador-14mm.html"
0.243;0;0.00;71216;14700;"Quemador Bubble de vidrio【pyrex】para bong";5750;2;0;"Quemador Rejilla Pyrex 14Mm Cono-Bonglab";"quemador pyrex";"https://www.growbaratochile.cl/pipas-bongs-y-cachimbas/quemador-bubble-.html"
0.242;0;1.18;399;2700;"Papelillos En Rollo + Filtros De Cartón GB";10353;3;2290;"Blazy Susan Roll 8m Pink";"papelillos rollo";"https://www.growbaratochile.cl/papelillos/papelillos-en-rollo-filtros-de-carton-gb.html"
0.242;0;1.56;70837;17100;"Groove Soplete Spark Torch";10441;3;10990;"DynaVap Soplete Honest";"soplete torch";"https://www.growbaratochile.cl/articulos-para-el-fumador/groove-soplete-spark-torch.html"
0.242;0;5.00;1430;4200;"Moledor Aluminio 2 Partes 50 mm | Compacto y resistente";11013;2;20990;"Galaxy Moledor Aluminio 63mm Oro Rosa";"moledor aluminio";"https://www.growbaratochile.cl/moledores/grinder-aluminio-2-partes-50mm.html"
0.242;0;1.83;1408;7100;"Cenicero Cuadrado de Silicona GB The Green Brand para Conos y Cigarros";10371;2;12990;"Blazy Susan Cenicero de Silicona";"cenicero silicona";"https://www.growbaratochile.cl/articulos-para-el-fumador/cenicero-cuadrado-de-silicona-gb.html"
0.241;0;3.20;2308;2500;"Difusor con Quemador 14mm | Accesorio de vidrio para bongs";10296;2;7990;"Bonglab Atrapa cenizas quemador macho 14mm";"quemador 14mm";"https://www.growbaratochile.cl/quemadores-para-bong/difusor-con-quemador-14mm.html"
0.239;0;1.78;3165;500;"Papelillos Rolling Amsterdam Pink 1.1/4 - GB The Green Brand";10068;3;890;"Papelillo Pink King Size Slim- Blazy Susan";"papelillos pink";"https://www.growbaratochile.cl/papelillos/papelillos-rolling-amsterdam-pink-114.html"
0.238;0;1.72;11595;1100;"Papelillos Khemo Orgánico Long gran tamaño";5471;3;1890;"Papelillos OCB Cañamo Orgánico 1 1/4 + Tips";"papelillos organico";"https://www.growbaratochile.cl/papelillos/papel-organico-largo.html"
0.238;0;33.31;71015;450;"OCB Papel Blanco Mini - GB The Green Brand";10663;2;14990;"Ignite Soplete Phantom Mini";"blanco mini";"https://www.growbaratochile.cl/papel-de-celulosa/ocb-papel-blanco-mini.html"
0.237;0;1.40;71207;42100;"Bong Fab Egg Rosa y Morado | Bong Recycler de Vidrio";10465;2;29990;"Bonglab Bong Prisma Plus 9cm";"bong rosa morado";"https://www.growbaratochile.cl/parafernalia/bong-fab-egg.html"
0.236;0;1.43;11396;1400;"Celulosa 1 1/4 + Tips Baked Bunny | Papelillos Transparentes Rosados";11029;2;2000;"Futurola x Mike Tyson 1 1/4 + Tips";"tips papelillos";"https://www.growbaratochile.cl/parafernalia/papelillo-celulosa-tips-1-14-baked-bunny.html"
0.234;0;1.21;1391;25500;"Moledor Cerámico Calvo Glass 63mm【con cierre de neodimio】";11013;2;20990;"Galaxy Moledor Aluminio 63mm Oro Rosa";"moledor 63mm";"https://www.growbaratochile.cl/moledores/moledor-ceramico-calvo-glass-63mm.html"
0.233;0;133.32;1435;600;"Pop Top Container Para Conos y Cigarros - GB The Green Brand";10727;2;79990;"Hemper Popcorn Puffco Peak Glass";"pop top";"https://www.growbaratochile.cl/merchandising/pop-top-container.html"
0.231;0;20.37;71124;2700;"Pipa Pyrex Dmt para hierbas secas- GB The Green Brand";10214;4;54990;"VAPORIZADOR YOCAN HIT 2";"hierbas secas";"https://www.growbaratochile.cl/pipas/pipa-pyrex-dmt.html"
0.230;0;5.54;71061;900;"Contenedor hermético OZeta - GB The Green Brand";10686;3;4990;"RAW Reserva Contenedor Hermético y Armador de Conos";"contenedor hermetico";"https://www.growbaratochile.cl/ozeta/contenedor-hermetico-ozeta.html"
0.230;0;1.68;71207;42100;"Bong Fab Egg Rosa y Morado | Bong Recycler de Vidrio";10487;3;24990;"Bonglab Bong Saucer Rig 13cm";"bong rosa morado";"https://www.growbaratochile.cl/parafernalia/bong-fab-egg.html"
0.229;0;1.35;11396;1400;"Celulosa 1 1/4 + Tips Baked Bunny | Papelillos Transparentes Rosados";6571;2;1890;"Papelillos OCB Virgin 1 1/4 + Tips";"tips papelillos";"https://www.growbaratochile.cl/parafernalia/papelillo-celulosa-tips-1-14-baked-bunny.html"
0.229;0;3.44;3137;20600;"Bong Portátil de Silicona GB para Cannabis - GB The Green Brand";11041;2;5990;"Pulsar Adaptador de Silicona para Cartridges";"bong silicona";"https://www.growbaratochile.cl/pipas-bongs-y-cachimbas/bong-portatil-de-silicona-gb.html"
0.229;0;2.44;3170;14600;"Bong Helado de Silicona con forma de barquillo helado";11041;2;5990;"Pulsar Adaptador de Silicona para Cartridges";"bong silicona";"https://www.growbaratochile.cl/pipas-bongs-y-cachimbas/bong-helado-de-silicona.html"
0.228;0;4.87;71211;450;"Tips Orgánicos Khemo | Filtros Biodegradables Sin Blanquear Chile";10298;2;2190;"OCB Papelillos Rice Sin Blanquear King Size Slim + Tips";"tips blanquear";"https://www.growbaratochile.cl/parafernalia/tips-organicos-khemo.html"
0.227;0;1.76;70646;14100;"Moledor Aluminio Engranaje 63 mm 4 Partes";6471;2;7990;"Moledor Bulldog 40mm 1 piso";"moledor partes";"https://www.growbaratochile.cl/moledores/moledor-aluminio-engranaje-63-mm-4-partes.html"
0.227;0;0.00;71273;900;"Boquillas Bem Bolado Super Large | Filtros reutilizables Chile";11046;2;0;"OCB Boquillas Filtro de Carbón Activado 50 uds.";"boquillas filtros";"https://www.growbaratochile.cl/papelillos/bem-bolado-piteira-sl.html"
0.225;0;1.50;71207;42100;"Bong Fab Egg Rosa y Morado | Bong Recycler de Vidrio";10466;2;27990;"Bonglab Bong Tough Beaker 23cm";"bong rosa morado";"https://www.growbaratochile.cl/parafernalia/bong-fab-egg.html"
0.225;0;4.21;71026;25200;"Bong Plátano De Silicona GB con quemador de vidrio de 14 mm.";11041;2;5990;"Pulsar Adaptador de Silicona para Cartridges";"bong silicona";"https://www.growbaratochile.cl/pipas-bongs-y-cachimbas/bong-platano-de-silicona-gb.html"
0.224;0;1.30;1371;1300;"Blunt Hemp Zone 2XL - GB The Green Brand";11018;2;1000;"Soulblime Blunt Hemp Wraps Chocomint";"blunt hemp";"https://www.growbaratochile.cl/blunts/blunt-hemp-zone-2xl.html"
0.223;0;5.66;3135;33900;"Bong Diamond De Silicona Gb The Green Brand resistente";11041;2;5990;"Pulsar Adaptador de Silicona para Cartridges";"bong silicona";"https://www.growbaratochile.cl/pipas-bongs-y-cachimbas/bong-diamond-de-silicona-gb.html"
0.221;0;5.89;70940;9000;"Pesa Gramera Digital 200g 0.1g | Balanza Precisión Extractos Chile";10857;2;52990;"Yocan DYNO Nectar Collector Digital";"digital extractos";"https://www.growbaratochile.cl/parafernalia/gramera-profesional-200001gr-kasvi.html"
0.220;0;5.11;3136;30600;"Bong Fluorescente De Silicona XL con atrapahielo y bubbler";11041;2;5990;"Pulsar Adaptador de Silicona para Cartridges";"bong silicona";"https://www.growbaratochile.cl/pipas-bongs-y-cachimbas/bong-fluorescente-de-silicona-xl.html"
0.220;0;11.82;71210;59000;"Rig Recycler Curvas Rosa y Morado | Dab Rig Recycler Premium";10363;2;4990;"Bonglab Quemador Hembra 14mm";"rosa morado";"https://www.growbaratochile.cl/parafernalia/rig-recycler-curvas.html"
0.219;0;1.74;70646;14100;"Moledor Aluminio Engranaje 63 mm 4 Partes";10734;2;24493;"Moledor Blazy Susan Aluminio 60mm 4 Partes";"moledor aluminio partes";"https://www.growbaratochile.cl/moledores/moledor-aluminio-engranaje-63-mm-4-partes.html"
0.219;0;15.00;1439;6000;"Moledor Metálico 40 mm 4 Piezas Liso – Grinder de Aluminio Colores | Grow Barato Chile";11058;2;89990;"Santa Cruz Shredder Large 4 Piezas";"moledor piezas aluminio";"https://www.growbaratochile.cl/parafernalia/moledor-mate-40mm-4-partes.html"
0.218;0;1.97;3169;14000;"Bong Vitrola De Silicona con humo más denso y fresco";10538;3;27541;"Bonglab Bong Lucky Goblin";"bong humo";"https://www.growbaratochile.cl/pipas-bongs-y-cachimbas/bong-gramofono-de-silicona.html"
0.218;0;4.16;70947;3600;"Quemador Hembra Glass 19 mm┃Growbarato Chile";10469;3;14993;"Stündenglass Glass Bowl";"quemador glass";"https://www.growbaratochile.cl/pipas-bongs-y-cachimbas/quemador-hembra-glass-19mm.html"
0.218;0;1.11;71148;72000;"Bong Beaker Monster Tentáculos | Borosilicato 7mm espesor";10394;3;64990;"BongLab Elty8 Monster Bong 48cm";"bong monster";"https://www.growbaratochile.cl/bongs-de-pyrex/bong-beaker-monster-tentaculos.html"
0.217;0;1.90;1430;4200;"Moledor Aluminio 2 Partes 50 mm | Compacto y resistente";6471;2;7990;"Moledor Bulldog 40mm 1 piso";"moledor partes";"https://www.growbaratochile.cl/moledores/grinder-aluminio-2-partes-50mm.html"
0.216;0;0.00;71136;500;"Filtros de cartón GB 50 hojas";10242;2;0;"Blazy Susan Filtros de carbón activado Xtra Slim 50 uds.";"filtros 50";"https://www.growbaratochile.cl/articulos-para-el-fumador/filtros-de-carton-gb.html"
0.216;0;1.59;71272;1100;"Boquillas Bem Bolado Hiper Large | Filtros en Chile";10714;2;690;"Blazy Susan Boquillas Tips Unbleached Perforadas 50u";"boquillas filtros";"https://www.growbaratochile.cl/papelillos/bem-bolado-piteira-hl.html"
0.215;0;2.73;70985;24100;"Bong Para Extracciones Heavy Cone";5774;3;65691;"Bong Heavy Trash";"bong heavy";"https://www.growbaratochile.cl/cabo/bong-para-extracciones-heavy-cone.html"
0.215;0;12.50;1439;6000;"Moledor Metálico 40 mm 4 Piezas Liso – Grinder de Aluminio Colores | Grow Barato Chile";11057;2;74990;"Santa Cruz Shredder Medium 4 Piezas";"moledor piezas aluminio";"https://www.growbaratochile.cl/parafernalia/moledor-mate-40mm-4-partes.html"
0.214;0;2.03;1421;3200;"Pipa Encendedor de Silicona One Hitter - GB The Green Brand";10481;2;6490;"Encendedor Clipper Metálico Green Gradient";"encendedor green";"https://www.growbaratochile.cl/encendedores/pipa-encendedor-de-silicona-one-hitter-.html"
0.214;0;9.85;71210;59000;"Rig Recycler Curvas Rosa y Morado | Dab Rig Recycler Premium";10297;2;5990;"Bonglab Quemador Macho 18mm";"rosa morado";"https://www.growbaratochile.cl/parafernalia/rig-recycler-curvas.html"
0.214;0;2.38;70942;6300;"Quemador Gremlin Burner GRLN 14mm | Bowl de vidrio para bong";10469;3;14993;"Stündenglass Glass Bowl";"quemador bowl";"https://www.growbaratochile.cl/parafernalia/quemador-14mm-gremlin-burner.html"
0.213;0;2.99;3138;17900;"Bong Submarino De Silicona GB con quemador de vidrio incluido";11041;2;5990;"Pulsar Adaptador de Silicona para Cartridges";"bong silicona";"https://www.growbaratochile.cl/pipas-bongs-y-cachimbas/bong-submarino-de-silicona-gb.html"
0.212;0;1.53;71211;450;"Tips Orgánicos Khemo | Filtros Biodegradables Sin Blanquear Chile";10714;2;690;"Blazy Susan Boquillas Tips Unbleached Perforadas 50u";"tips filtros";"https://www.growbaratochile.cl/parafernalia/tips-organicos-khemo.html"
0.212;0;5.83;1430;4200;"Moledor Aluminio 2 Partes 50 mm | Compacto y resistente";10734;2;24493;"Moledor Blazy Susan Aluminio 60mm 4 Partes";"moledor aluminio partes";"https://www.growbaratochile.cl/moledores/grinder-aluminio-2-partes-50mm.html"
0.211;0;1.22;1438;6100;"Pipa con Quemador de Vidrio de Silicona - GB The Green Brand";10363;2;4990;"Bonglab Quemador Hembra 14mm";"quemador green";"https://www.growbaratochile.cl/pipas/pipa-con-quemador-de-vidrio-de-silicona.html"
0.211;0;2.08;11595;1100;"Papelillos Khemo Orgánico Long gran tamaño";10356;2;2290;"OCB Rolls Cañamo Orgánico Slim";"papelillos organico";"https://www.growbaratochile.cl/papelillos/papel-organico-largo.html"
0.211;0;1.90;70881;3400;"Conos RAW 5 Stages | Conos pre-armados papel natural – GrowBaratoChile";11064;2;1790;"Soulblime 6 Conos Pre-enrolados Orgánicos 1 1/4";"conos pre";"https://www.growbaratochile.cl/papelillos/raw-cones-5-stage-rawket.html"
0.210;0;4.03;70650;6100;"Moledor Mate 50mm 3 partes - GB The Green Brand";5792;2;24592;"Moledor Cerámico Galaxy Pocket Grinder 5,5cm 4 Partes | PIRANHA";"moledor partes green";"https://www.growbaratochile.cl/moledores/moledor-mate-50mm-3-partes.html"
0.210;0;2.39;549;1000;"Cyclone Clear Cones | Conos de Celulosa Transparentes con Sabores – GrowBaratoChile";11062;3;2390;"Soulblime 6 Conos Pre-enrolados Pink King Size";"cones conos";"https://www.growbaratochile.cl/papel-de-celulosa/cyclone-clear-cones.html"
0.210;0;1.50;70647;37000;"Moledor de Madera 4 Partes de 60 mm - GB The Green Brand";5792;2;24592;"Moledor Cerámico Galaxy Pocket Grinder 5,5cm 4 Partes | PIRANHA";"moledor partes green";"https://www.growbaratochile.cl/moledores/moledor-de-madera-4-partes-60-mm-gb.html"
0.208;0;4.76;70911;2100;"Contenedor Pyrex Circular 5ml | Frasco Hermético para Wax y Rosin";10524;2;9990;"Smokus Focus Contenedor Hermético con Lupa Comet";"contenedor hermetico";"https://www.growbaratochile.cl/cosecha-y-secado/contenedor-extraccion-circular-negro-5ml.html"
0.208;0;1.65;71165;18200;"Bong Baker 20cm Secret Smoke Azul y Rosa | Bong de Vidrio Compacto";10465;2;29990;"Bonglab Bong Prisma Plus 9cm";"bong azul rosa";"https://www.growbaratochile.cl/parafernalia/bong-baker-secret-smoker.html"
0.208;0;1.59;71272;1100;"Boquillas Bem Bolado Hiper Large | Filtros en Chile";10479;3;690;"Boquillas RAW Cono Perfecto";"boquillas filtros";"https://www.growbaratochile.cl/papelillos/bem-bolado-piteira-hl.html"
0.207;0;2.69;70966;16100;"Bong Vaso de Silicona y Plástico Freeze con quemador de vidrio";11041;2;5990;"Pulsar Adaptador de Silicona para Cartridges";"bong silicona";"https://www.growbaratochile.cl/pipas-bongs-y-cachimbas/bong-vaso-de-silicona-y-plastico-freeze.html"
0.207;0;1.31;70650;6100;"Moledor Mate 50mm 3 partes - GB The Green Brand";6471;2;7990;"Moledor Bulldog 40mm 1 piso";"moledor partes";"https://www.growbaratochile.cl/moledores/moledor-mate-50mm-3-partes.html"
0.207;0;2.02;148;16100;"Moledor Diamond 4 partes┃Varios colores en Growbarato✅";6471;2;7990;"Moledor Bulldog 40mm 1 piso";"moledor partes";"https://www.growbaratochile.cl/moledores/moledor-diamond.html"
0.206;0;4.63;70647;37000;"Moledor de Madera 4 Partes de 60 mm - GB The Green Brand";6471;2;7990;"Moledor Bulldog 40mm 1 piso";"moledor partes";"https://www.growbaratochile.cl/moledores/moledor-de-madera-4-partes-60-mm-gb.html"
0.205;0;4.81;1390;2700;"Pipa de Pyrex 6cm - GB The Green Brand";10357;2;12990;"Top Smoke Pipa Pyrex Havocrush";"pipa pyrex";"https://www.growbaratochile.cl/pipas/pipa-de-pyrex-6cm.html"
0.205;0;1.02;1438;6100;"Pipa con Quemador de Vidrio de Silicona - GB The Green Brand";10297;2;5990;"Bonglab Quemador Macho 18mm";"quemador green";"https://www.growbaratochile.cl/pipas/pipa-con-quemador-de-vidrio-de-silicona.html"
0.204;0;1.53;71211;450;"Tips Orgánicos Khemo | Filtros Biodegradables Sin Blanquear Chile";10479;3;690;"Boquillas RAW Cono Perfecto";"tips filtros";"https://www.growbaratochile.cl/parafernalia/tips-organicos-khemo.html"
0.204;0;4.82;3167;28900;"Bong Acordeón De Silicona antiadherente fácil de desmontar";11041;2;5990;"Pulsar Adaptador de Silicona para Cartridges";"bong silicona";"https://www.growbaratochile.cl/pipas-bongs-y-cachimbas/bong-acordeon-de-silicona.html"
0.204;0;1.06;3186;8500;"Moledor Metálico Tornasol, práctico y visual";6471;2;7990;"Moledor Bulldog 40mm 1 piso";"moledor metalico";"https://www.growbaratochile.cl/moledores/moledor-metalico-tornasol.html"
0.203;0;6.91;70952;3600;"Dabber Llavero acero inoxidable 60mm - GB The Green Brand";10445;3;24892;"Blazy Susan Rolling Tray Acero Inoxidable";"acero inoxidable";"https://www.growbaratochile.cl/articulos-para-el-fumador/dabber-llavero-60mm.html"
0.202;0;1.37;71165;18200;"Bong Baker 20cm Secret Smoke Azul y Rosa | Bong de Vidrio Compacto";10487;3;24990;"Bonglab Bong Saucer Rig 13cm";"bong azul rosa";"https://www.growbaratochile.cl/parafernalia/bong-baker-secret-smoker.html"
0.202;0;3.10;1420;17600;"Bong R2 Bonglab 17cm - Una experiencia de fumado excepcional";10231;2;54591;"Hemper Bong Wish Ball 17cm | PIRANHA";"bong 17cm";"https://www.growbaratochile.cl/bonglab/bong-r2-bonglab-17cm.html"
0.202;0;1.30;71273;900;"Boquillas Bem Bolado Super Large | Filtros reutilizables Chile";10714;2;690;"Blazy Susan Boquillas Tips Unbleached Perforadas 50u";"boquillas filtros";"https://www.growbaratochile.cl/papelillos/bem-bolado-piteira-sl.html"
0.202;0;1.05;560;16100;"Moledor Diamond Grinder M201 60 mm | Grinder Aluminio Duradero – GrowBaratoChile";5507;2;15291;"Grinder Galaxy Aluminio 55mm";"moledor grinder aluminio";"https://www.growbaratochile.cl/moledores/moledor-grinder-m201-60-mm-diamond.html"
0.201;0;1.28;560;16100;"Moledor Diamond Grinder M201 60 mm | Grinder Aluminio Duradero – GrowBaratoChile";5512;2;12591;"Grinder Galaxy Aluminio 38mm";"moledor grinder aluminio";"https://www.growbaratochile.cl/moledores/moledor-grinder-m201-60-mm-diamond.html"
0.201;0;1.41;11592;700;"Encendedor Monster Ronson【llama regulable】";10579;2;990;"Encendedor Clipper Sea Monsters";"encendedor monster";"https://www.growbaratochile.cl/encendedores/encededor-monster-ronson.html"
0.200;0;4.38;2328;30600;"Waxmaid 7.87 Fountain Silicone Glass Water Pipe | Bong de Silicona y Vidrio";10200;3;6990;"Limpiador Parafernalia Silicona Thievery 250Ml";"silicone silicona";"https://www.growbaratochile.cl/pipas-bongs-y-cachimbas/waxmaid-787-fountain-silicone-glass-water.html"
0.200;0;2.34;3169;14000;"Bong Vitrola De Silicona con humo más denso y fresco";11041;2;5990;"Pulsar Adaptador de Silicona para Cartridges";"bong silicona";"https://www.growbaratochile.cl/pipas-bongs-y-cachimbas/bong-gramofono-de-silicona.html"
0.199;0;3.51;71075;21000;"Bong de Silicona Fusil para Hierba y Extracciones - GB The Green Brand";11041;2;5990;"Pulsar Adaptador de Silicona para Cartridges";"bong silicona";"https://www.growbaratochile.cl/pipas-bongs-y-cachimbas/bong-de-silicona-fusil.html"
0.198;0;3.10;1420;17600;"Bong R2 Bonglab 17cm - Una experiencia de fumado excepcional";5538;2;54591;"Hemper Bong Gummy Bear 17cm | PIRANHA";"bong 17cm";"https://www.growbaratochile.cl/bonglab/bong-r2-bonglab-17cm.html"
0.198;0;25.98;71159;62100;"Pro Active Filtros de carbón de coco";10347;2;2390;"Gizeh Filtro Carbón Activo Coconut 6mm";"filtros carbon";"https://www.growbaratochile.cl/filtros-de-carbon/filtro-carbon-pro-active.html"
0.198;0;4.69;11504;28100;"Bong Ovni de Silicona Hierbas y Concentrados - GB The Green Brand";11041;2;5990;"Pulsar Adaptador de Silicona para Cartridges";"bong silicona";"https://www.growbaratochile.cl/pipas-bongs-y-cachimbas/bong-ovni-de-silicona.html"
0.198;0;2.00;71080;12000;"Bong Tanque De Silicona fácil de ensamblar y desmontar";11041;2;5990;"Pulsar Adaptador de Silicona para Cartridges";"bong silicona";"https://www.growbaratochile.cl/pipas-bongs-y-cachimbas/bong-tanque-de-silicona.html"
0.196;0;0.00;71159;62100;"Pro Active Filtros de carbón de coco";10242;2;0;"Blazy Susan Filtros de carbón activado Xtra Slim 50 uds.";"filtros carbon";"https://www.growbaratochile.cl/filtros-de-carbon/filtro-carbon-pro-active.html"
0.195;0;1.30;71273;900;"Boquillas Bem Bolado Super Large | Filtros reutilizables Chile";10479;3;690;"Boquillas RAW Cono Perfecto";"boquillas filtros";"https://www.growbaratochile.cl/papelillos/bem-bolado-piteira-sl.html"
0.195;0;4.69;3169;14000;"Bong Vitrola De Silicona con humo más denso y fresco";5774;3;65691;"Bong Heavy Trash";"bong humo";"https://www.growbaratochile.cl/pipas-bongs-y-cachimbas/bong-gramofono-de-silicona.html"
0.194;0;1.12;560;16100;"Moledor Diamond Grinder M201 60 mm | Grinder Aluminio Duradero – GrowBaratoChile";5499;3;17991;"Grinder Galaxy Aluminio 63mm";"moledor grinder aluminio";"https://www.growbaratochile.cl/moledores/moledor-grinder-m201-60-mm-diamond.html"
0.191;0;0.00;71142;37800;"Bandeja cuadrada grande varias medidas";10285;2;0;"Bandeja RAW metálica Prepare for Flight - Grande";"bandeja grande";"https://www.growbaratochile.cl/bandejas/bandeja-de-cultivo-grande.html"
0.190;0;3.24;3190;19400;"Bong Cápsula Espacial Fluorescente de Silicona - GB The Green Brand";11041;2;5990;"Pulsar Adaptador de Silicona para Cartridges";"bong silicona";"https://www.growbaratochile.cl/pipas-bongs-y-cachimbas/bong-capsula-espacial-fluorescente-gb.html"
0.189;0;2.38;70911;2100;"Contenedor Pyrex Circular 5ml | Frasco Hermético para Wax y Rosin";10686;3;4990;"RAW Reserva Contenedor Hermético y Armador de Conos";"contenedor hermetico";"https://www.growbaratochile.cl/cosecha-y-secado/contenedor-extraccion-circular-negro-5ml.html"
0.185;0;2.80;2328;30600;"Waxmaid 7.87 Fountain Silicone Glass Water Pipe | Bong de Silicona y Vidrio";5490;2;10943;"Pipa Calvo Horn Pipe 10cm | PIRANHA";"glass pipe";"https://www.growbaratochile.cl/pipas-bongs-y-cachimbas/waxmaid-787-fountain-silicone-glass-water.html"
0.185;0;1.27;70942;6300;"Quemador Gremlin Burner GRLN 14mm | Bowl de vidrio para bong";10296;2;7990;"Bonglab Atrapa cenizas quemador macho 14mm";"quemador 14mm";"https://www.growbaratochile.cl/parafernalia/quemador-14mm-gremlin-burner.html"
0.182;0;0.00;70993;500;"Kema Filtros De Cartón Rosado | Growbarato Chile";10242;2;0;"Blazy Susan Filtros de carbón activado Xtra Slim 50 uds.";"filtros rosado";"https://www.growbaratochile.cl/papelillos/kema-filtros-de-carton-rosado.html"
0.182;0;2.59;71134;50400;"Bandeja LED Bluetooth GB";5732;3;19493;"Bandeja Enrolado Neon Tray LED";"bandeja led";"https://www.growbaratochile.cl/articulos-para-el-fumador/bandeja-led-bluetooth-gb.html"
0.181;0;12.64;71142;37800;"Bandeja cuadrada grande varias medidas";10622;3;2990;"Bandeja Metálica RAW Camo | PIRANHA";"bandeja grande";"https://www.growbaratochile.cl/bandejas/bandeja-de-cultivo-grande.html"
0.181;0;2.55;1439;6000;"Moledor Metálico 40 mm 4 Piezas Liso – Grinder de Aluminio Colores | Grow Barato Chile";5507;2;15291;"Grinder Galaxy Aluminio 55mm";"moledor grinder aluminio";"https://www.growbaratochile.cl/parafernalia/moledor-mate-40mm-4-partes.html"
0.180;0;7.54;11554;3300;"Dabber Espátula Lecron Acero Inoxidable | Herramienta para BHO y Dabbing";10445;3;24892;"Blazy Susan Rolling Tray Acero Inoxidable";"acero inoxidable";"https://www.growbaratochile.cl/extracciones-rosin/dabber-espatula-lecron.html"
0.180;0;0.00;70942;6300;"Quemador Gremlin Burner GRLN 14mm | Bowl de vidrio para bong";11030;2;0;"Bonglab Quemador con Rejilla Macho 14mm Verde";"quemador 14mm";"https://www.growbaratochile.cl/parafernalia/quemador-14mm-gremlin-burner.html"
0.179;0;1.53;1371;1300;"Blunt Hemp Zone 2XL - GB The Green Brand";10543;2;1990;"Blunt Hemp Wrap Lion Rolling Circus Terpenes KKKSH";"blunt hemp";"https://www.growbaratochile.cl/blunts/blunt-hemp-zone-2xl.html"
0.178;0;2.29;1438;6100;"Pipa con Quemador de Vidrio de Silicona - GB The Green Brand";5731;3;13941;"Blazy Susan Cenicero Deluxe";"silicona green";"https://www.growbaratochile.cl/pipas/pipa-con-quemador-de-vidrio-de-silicona.html"
0.175;0;1.38;71148;72000;"Bong Beaker Monster Tentáculos | Borosilicato 7mm espesor";5536;2;52191;"Bong Beaker Tree Perc 35cm";"bong beaker";"https://www.growbaratochile.cl/bongs-de-pyrex/bong-beaker-monster-tentaculos.html"
0.173;0;3.28;70650;6100;"Moledor Mate 50mm 3 partes - GB The Green Brand";10110;3;19992;"Moledor Cerámico Galaxy Square 5cm 2 Partes | PIRANHA";"moledor partes green";"https://www.growbaratochile.cl/moledores/moledor-mate-50mm-3-partes.html"
0.173;0;2.49;71120;14900;"Bong Piña de Silicona FDA para Consumo Cannabis Extracciones Hierbas";11041;2;5990;"Pulsar Adaptador de Silicona para Cartridges";"bong silicona";"https://www.growbaratochile.cl/pipas-bongs-y-cachimbas/bong-pina-silicona.html"
0.173;0;1.85;70647;37000;"Moledor de Madera 4 Partes de 60 mm - GB The Green Brand";10110;3;19992;"Moledor Cerámico Galaxy Square 5cm 2 Partes | PIRANHA";"moledor partes green";"https://www.growbaratochile.cl/moledores/moledor-de-madera-4-partes-60-mm-gb.html"
0.169;0;1.48;3137;20600;"Bong Portátil de Silicona GB para Cannabis - GB The Green Brand";5731;3;13941;"Blazy Susan Cenicero Deluxe";"silicona green";"https://www.growbaratochile.cl/pipas-bongs-y-cachimbas/bong-portatil-de-silicona-gb.html"
0.169;0;1.03;1371;1300;"Blunt Hemp Zone 2XL - GB The Green Brand";10733;2;1341;"Lion Rolling Circus Hemp Wraps Terpenes Gelato x2";"blunt hemp";"https://www.growbaratochile.cl/blunts/blunt-hemp-zone-2xl.html"
0.168;0;1.29;3145;10800;"Pipa Pizza de Silicona para Hierbas - GB The Green Brand";5731;3;13941;"Blazy Susan Cenicero Deluxe";"silicona green";"https://www.growbaratochile.cl/pipas/pipa-pizza-de-silicona-gb.html"
0.166;0;31.98;71015;450;"OCB Papel Blanco Mini - GB The Green Brand";10664;3;14392;"Ignite Soplete X-Mini";"mini green";"https://www.growbaratochile.cl/papel-de-celulosa/ocb-papel-blanco-mini.html"
0.166;0;2.43;3135;33900;"Bong Diamond De Silicona Gb The Green Brand resistente";5731;3;13941;"Blazy Susan Cenicero Deluxe";"silicona green";"https://www.growbaratochile.cl/pipas-bongs-y-cachimbas/bong-diamond-de-silicona-gb.html"
0.165;0;1.27;71039;15300;"Comprar Bandeja para enrolar con luces LED";5732;3;19493;"Bandeja Enrolado Neon Tray LED";"bandeja led";"https://www.growbaratochile.cl/articulos-para-el-fumador/bandeja-para-enrolar-con-luces-led.html"
0.164;0;15.49;11479;900;"Contenedor De Silicona GB The Green Brand para guardar extracciones";5731;3;13941;"Blazy Susan Cenicero Deluxe";"silicona green";"https://www.growbaratochile.cl/bho-extracciones/contenedor-de-silicona-gb.html"
0.164;0;13.12;1421;3200;"Pipa Encendedor de Silicona One Hitter - GB The Green Brand";10737;2;41990;"Encendedor Zippo Classic High Polish Green";"encendedor green";"https://www.growbaratochile.cl/encendedores/pipa-encendedor-de-silicona-one-hitter-.html"
0.164;0;4.36;1421;3200;"Pipa Encendedor de Silicona One Hitter - GB The Green Brand";5731;3;13941;"Blazy Susan Cenicero Deluxe";"silicona green";"https://www.growbaratochile.cl/encendedores/pipa-encendedor-de-silicona-one-hitter-.html"
0.163;0;4.81;71124;2700;"Pipa Pyrex Dmt para hierbas secas- GB The Green Brand";10357;2;12990;"Top Smoke Pipa Pyrex Havocrush";"pipa pyrex";"https://www.growbaratochile.cl/pipas/pipa-pyrex-dmt.html"